time,urms_h,umean,vmean,T,P,frac_ok
18-Dec-2023 00:00:00,0.254145059939299,0.0180213911886399,-0.0313543240422798,17.0304501875782,6.59539641517299,0.999583333333333
18-Dec-2023 00:20:00,0.243089071032452,0.0224547125871622,-0.0525854920880317,17.0204458333335,6.47868791666666,1
18-Dec-2023 00:40:00,0.27462680701613,0.0129984782891886,-0.0529758403935498,17.0102666666668,6.37606625,1
18-Dec-2023 01:00:00,0.288214838189242,0.0239581099634598,-0.0500917477496224,17.0000833333333,6.2745875,1
18-Dec-2023 01:20:00,0.355891997954451,0.0378452862467168,-0.0341016083025955,16.9924833333332,6.18269375,1
18-Dec-2023 01:40:00,0.268671716403173,0.0327030162619615,-0.0492891617206864,16.9819166666665,6.11354333333334,1
18-Dec-2023 02:00:00,0.325344160510779,0.0147140784049486,-0.0367817731178233,16.9672208333332,6.05090833333333,1
18-Dec-2023 02:20:00,0.313909065188064,-0.0175579341024567,-0.0448847808399319,16.9941326105088,6.03046288573812,0.999166666666667
18-Dec-2023 02:40:00,0.29162553242531,0.00279327119678624,-0.0480707434718133,17.0321291666668,6.007285,1
18-Dec-2023 03:00:00,0.309913577733928,0.00356863123939758,0.00197606654643413,17.0042028380634,6.00160434056761,0.998333333333333
18-Dec-2023 03:20:00,0.300823082585081,0.0154460041125294,-0.00845273789455074,16.9652210175145,6.01036113427857,0.999166666666667
18-Dec-2023 03:40:00,0.315608888022781,0.00333572566959454,-0.0353150532356501,16.99185,6.041665,1
18-Dec-2023 04:00:00,0.341756917664702,0.00963239433129718,-0.0528452984324368,16.9957256046705,6.0818857381151,0.999166666666667
18-Dec-2023 04:20:00,0.325029267683438,0.00811125177475902,-0.0475383072406489,16.9844286905753,6.14308590492077,0.999166666666667
18-Dec-2023 04:40:00,0.38032810309002,-0.00276343705642251,-0.0659292728745788,16.9481909128803,6.20159774906211,0.999583333333333
18-Dec-2023 05:00:00,0.321719147460201,0.0170764726256368,-0.0538226196213873,16.8817791666668,6.29733125,1
18-Dec-2023 05:20:00,0.298205999354306,0.0140617449479734,-0.0505306287449434,16.9313400335008,6.39207453936349,0.995
18-Dec-2023 05:40:00,0.298245040298663,0.00881874577492877,-0.0484759540039076,17.1057995824636,6.4941649269311,0.997916666666667
18-Dec-2023 06:00:00,0.32619400972884,-0.0235456691866453,-0.0165239495878453,16.9138041666668,6.59666875,1
18-Dec-2023 06:20:00,0.293031744510886,-0.0222575517255959,-0.0157528566489276,16.8436291666667,6.69802166666667,1
18-Dec-2023 06:40:00,0.271158831128931,-0.014531269036704,0.00054425588434483,16.8420583333335,6.80080541666666,1
18-Dec-2023 07:00:00,0.26458139982532,-0.018089639646809,0.0152609810592125,16.8648749999999,6.90761333333333,1
18-Dec-2023 07:20:00,0.267068210442996,-0.00993820610350705,0.0263388578189042,16.8824010004168,7.00459233013756,0.999583333333333
18-Dec-2023 07:40:00,0.271021798401769,-0.00689258728235892,0.0471140652831945,16.8864875,7.09427666666666,1
18-Dec-2023 08:00:00,0.268440194803586,0.0176536847291169,0.0208353369096507,16.8653333333334,7.17909166666666,1
18-Dec-2023 08:20:00,0.281068814849903,-0.0327893709748525,0.065368618665843,16.8079791666667,7.24943541666666,1
18-Dec-2023 08:40:00,0.282991109588134,-0.00182356926481785,0.0964756653126144,16.8469916666668,7.29993,1
18-Dec-2023 09:00:00,0.278193067591013,0.0135044353583239,0.0853096384433033,16.8015458333334,7.33963458333333,1
18-Dec-2023 09:20:00,0.306945233935899,-0.00253229899752552,0.105885431173922,16.7709750000002,7.38195541666667,1
18-Dec-2023 09:40:00,0.300457762890766,-0.00555253928093051,0.112741984227381,16.7877375,7.38380916666667,1
18-Dec-2023 10:00:00,0.271192624359554,-0.00921397533008018,0.0975901309428285,16.8690541666666,7.38509833333334,1
18-Dec-2023 10:20:00,0.299140894470033,-0.0195244001152441,0.0983210112413244,16.9059208333333,7.37623541666667,1
18-Dec-2023 10:40:00,0.283104296017652,-0.0232087308421528,0.0834360051669243,16.8987458333333,7.36465833333333,1
18-Dec-2023 11:00:00,0.300713468236613,0.00710196074065758,0.08602720599101,16.7864333333335,7.34135166666667,1
18-Dec-2023 11:20:00,0.315863230245929,-0.0133406366245872,0.0685414257577859,16.813925,7.31116458333334,1
18-Dec-2023 11:40:00,0.293667708116379,-0.0588955975921756,0.0693118839693651,16.8391833333334,7.26374833333333,1
18-Dec-2023 12:00:00,0.301927696058077,0.0042602326491603,0.0908238483522849,16.7170625000001,7.21240124999999,1
18-Dec-2023 12:20:00,0.315580222650464,0.0895956903520715,0.0596242047345407,16.6874375,7.1579325,1
18-Dec-2023 12:40:00,0.324297152167893,-0.0141536440020377,0.0664086694298083,16.7236958333333,7.10654916666667,1
18-Dec-2023 13:00:00,0.306913982609255,-0.0249840832109946,0.0721043365699697,16.7463416666665,7.06678791666667,1
18-Dec-2023 13:20:00,0.320104584965446,-0.00837713615724214,0.0435368328276247,16.6858416666668,7.02432166666667,1
18-Dec-2023 13:40:00,0.302736286256261,0.038346989236811,0.0781767902087053,16.6754500000002,6.99218583333333,1
18-Dec-2023 14:00:00,0.287898664384191,0.0404754102661451,0.0288041943827578,16.7247958333334,6.96722416666666,1
18-Dec-2023 14:20:00,0.303920263348412,0.0452300648686507,0.010411816438714,16.7825125000002,6.93827583333333,1
18-Dec-2023 14:40:00,0.319363949319845,0.070866561501494,0.0211030331250231,16.7373458333332,6.92519166666666,1
18-Dec-2023 15:00:00,0.303431524952368,0.0222195994666948,0.0275655664789833,16.7299166666665,6.9273025,1
18-Dec-2023 15:20:00,0.330023846041345,-0.00610019952311151,0.0228238238234189,16.7282458333333,6.94288416666666,1
18-Dec-2023 15:40:00,0.292273176970181,0.00377251622299853,0.0414168726124342,16.7643041666669,6.96167875,1
18-Dec-2023 16:00:00,0.26285581784071,0.0424041873100067,0.0364116358084291,16.7702250000002,6.99290458333333,1
18-Dec-2023 16:20:00,0.308400260879315,-0.00218640462109778,0.0100076940972505,16.7878249999999,7.0263975,1
18-Dec-2023 16:40:00,0.270103117899749,-0.0177855426533813,-0.016549219533214,16.8389708333335,7.0754625,1
18-Dec-2023 17:00:00,0.288356235264552,0.00547351194896983,-0.0254307170123133,16.8346416666667,7.12315791666667,1
18-Dec-2023 17:20:00,0.29720675310077,0.00539804576487966,-0.0551497951444478,16.7983708333334,7.17030541666666,1
18-Dec-2023 17:40:00,0.257626711120833,-0.00643069911317587,-0.0862113924994045,16.7687708333334,7.23304625,1
18-Dec-2023 18:00:00,0.281414332801423,0.0164862293907156,-0.0907520402132952,16.7506708333333,7.28417166666666,1
18-Dec-2023 18:20:00,0.270543562853967,0.00441960487925047,-0.073472825226384,16.7868125000001,7.34811541666667,1
18-Dec-2023 18:40:00,0.272266004766877,0.00683891422060128,-0.0581804395702121,16.7898458333334,7.3928375,1
18-Dec-2023 19:00:00,0.263863473100636,0.00621874508961613,-0.067861905303172,16.8087375,7.44071791666667,1
18-Dec-2023 19:20:00,0.268168428808722,0.0233295473857483,-0.0661261046158459,16.8609625000001,7.48318166666667,1
18-Dec-2023 19:40:00,0.256923858339362,0.0328221823401435,-0.0302544846639797,16.8759333333332,7.51049,1
18-Dec-2023 20:00:00,0.288558508599894,0.045791101104789,0.00857092965681126,16.8943416666666,7.53808333333333,1
18-Dec-2023 20:20:00,0.250870557310952,0.0398282851195903,0.00495777839674565,16.9747875,7.54978125,1
18-Dec-2023 20:40:00,0.27404605807993,0.0186978813584569,0.0195885293960153,17.0400916666666,7.54951041666666,1
18-Dec-2023 21:00:00,0.260027509820068,0.0131457052985064,0.043329625077274,17.0643624999999,7.54225208333332,1
18-Dec-2023 21:20:00,0.272209766249795,0.0342528820425068,0.0197047042224613,17.0911171321386,7.52797165485618,0.999583333333333
18-Dec-2023 21:40:00,0.296950148388168,0.0161797170402338,0.00568833514399795,17.1605916666667,7.48710208333333,1
18-Dec-2023 22:00:00,0.273161919419235,-0.0375620262661861,0.0375170656077512,17.1269083333334,7.44333416666666,1
18-Dec-2023 22:20:00,0.268843671966707,-0.0112293526241497,0.041605018474638,17.1049666666667,7.3824825,1
18-Dec-2023 22:40:00,0.260362459334451,0.00450033111407448,0.0334049588290776,17.11385,7.30365375,1
18-Dec-2023 23:00:00,0.249260522376192,0.0261613562894127,-0.00556445834284713,17.157175,7.21678333333333,1
18-Dec-2023 23:20:00,0.242512922909456,-0.0042128948201743,-0.0172641881986299,17.19315,7.12534416666666,1
18-Dec-2023 23:40:00,0.289787510637108,0.00341612594434667,-0.00985359827815781,17.1760333333334,7.01894124999999,1
19-Dec-2023 00:00:00,0.27652999078544,0.0165091739716152,-0.0011670805607826,17.2074749999999,6.9242875,1
19-Dec-2023 00:20:00,0.283148109567583,0.0157584525400889,-0.0293112779391312,17.173075,6.82461916666667,1
19-Dec-2023 00:40:00,0.285019272297892,0.0268903848451238,-0.0498432234473866,17.1478166666667,6.73475416666666,1
19-Dec-2023 01:00:00,0.293062268284396,0.0419299784617998,-0.0739400967401668,17.2908253438933,6.63105127136307,0.999583333333333
19-Dec-2023 01:20:00,0.300922371504415,0.0275694020256935,-0.063551942499295,17.3865068778658,6.53469862442684,0.999583333333333
19-Dec-2023 01:40:00,0.295496665043668,-0.000844359066547497,-0.0527897350539244,17.4131291666666,6.44682666666667,1
19-Dec-2023 02:00:00,0.287251362798479,-0.004341394298236,-0.0516625978713022,17.359741558983,6.36093997498958,0.999583333333333
19-Dec-2023 02:20:00,0.304857827134084,0.020404001288749,-0.0556868524078529,17.3442243536282,6.27945120934112,0.999166666666667
19-Dec-2023 02:40:00,0.303322430913601,0.0261619366947391,-0.0650393743679553,17.325960817007,6.22486536056691,0.999583333333333
19-Dec-2023 03:00:00,0.302848573583364,0.0342654332606594,-0.0711096123114417,17.3185416666665,6.19130125,1
19-Dec-2023 03:20:00,0.305632326111021,0.0401333285232826,-0.0869596815776936,17.3222666666665,6.172325,1
19-Dec-2023 03:40:00,0.349195555354522,0.0364987153183302,-0.086205735808356,17.2752708333335,6.14739541666667,1
19-Dec-2023 04:00:00,0.323496071399461,0.0464778879442594,-0.0865343856541909,17.2662791666669,6.15405,1
19-Dec-2023 04:20:00,0.287354547191137,-0.00727894191577963,-0.0732638316951153,17.3091079616506,6.17068070029178,0.999583333333333
19-Dec-2023 04:40:00,0.341946303671594,-0.00662831850843626,-0.0680323019235668,17.2934416666667,6.19421333333334,1
19-Dec-2023 05:00:00,0.30938321396094,-0.00377692498056655,-0.0556644684322622,17.2239083333332,6.242425,1
19-Dec-2023 05:20:00,0.329327193943749,0.000723695359516712,-0.0502575837135186,17.1893522774759,6.29551734224822,0.997083333333333
19-Dec-2023 05:40:00,0.322281827562637,0.00581429244690045,-0.0658992365778718,17.169799916632,6.36358732805336,0.999583333333333
19-Dec-2023 06:00:00,0.268736928966899,0.0024707635467228,-0.0659038644012131,17.1680083333334,6.44903666666667,1
19-Dec-2023 06:20:00,0.269282181901932,0.0045623304706809,-0.0577222454658159,17.1850958333334,6.54740666666667,1
19-Dec-2023 06:40:00,0.280084198419961,0.0237137605274586,-0.0681089103898855,17.1951291666666,6.64081916666667,1
19-Dec-2023 07:00:00,0.290500918608525,0.0262552547044933,-0.0622020356174063,17.2035404503752,6.7462539616347,0.999166666666667
19-Dec-2023 07:20:00,0.29202664489879,0.0196336257032495,-0.0431114014415605,17.2452771988328,6.8455827428095,0.999583333333333
19-Dec-2023 07:40:00,0.294088663256781,0.0240458298222863,-0.0532990690743602,17.249165971643,6.9515058381985,0.999166666666667
19-Dec-2023 08:00:00,0.299219748018371,0.0132886517529254,-0.0678088371688585,17.2359208333331,7.04401625,1
19-Dec-2023 08:20:00,0.30278625210681,0.00236500993413606,-0.0447658574338088,17.2436791666666,7.14142041666667,1
19-Dec-2023 08:40:00,0.310037661968542,0.00637359837316042,-0.00278458431080243,17.2042916666666,7.23383333333334,1
19-Dec-2023 09:00:00,0.268708976192143,-0.0055383471101829,-0.00765402198759183,17.020775,7.31195791666667,1
19-Dec-2023 09:20:00,0.306663895628373,0.0033312476776025,0.00611140056215794,17.0750333333333,7.37237541666667,1
19-Dec-2023 09:40:00,0.291459392755666,0.0123431940070163,-0.0106698711649565,17.0087124999999,7.42824125,1
19-Dec-2023 10:00:00,0.30349698941781,-0.00276791258783366,0.0385284034157126,16.9674291666666,7.46791,1
19-Dec-2023 10:20:00,0.321486545710634,0.066465156690736,0.0784084331389517,16.9962833333334,7.49919958333333,1
19-Dec-2023 10:40:00,0.304730888546639,0.0964143107705624,-0.00408737501725538,17.1012500000001,7.50453333333334,1
19-Dec-2023 11:00:00,0.278349204691986,0.0129393594260551,0.0623817506238853,17.0931625,7.50727916666667,1
19-Dec-2023 11:20:00,0.318109957927708,-0.0274847363572177,0.0749287209407107,16.7620708333332,7.48701708333334,1
19-Dec-2023 11:40:00,0.306362392034211,0.0101834883769106,0.0717872219026437,16.737025,7.46961,1
19-Dec-2023 12:00:00,0.323417193001671,0.0347616885753945,0.0753787881322854,16.9420208333333,7.43697208333333,1
19-Dec-2023 12:20:00,0.346122337196715,0.00647794103548653,0.0683881947862955,17.0275625000001,7.384845,1
19-Dec-2023 12:40:00,0.320315516991034,0.0010379365155996,0.067446914763404,17.0589083333332,7.34333291666666,1
19-Dec-2023 13:00:00,0.353034787295871,0.023822967930916,0.065367812908399,17.0119125,7.28522791666666,1
19-Dec-2023 13:20:00,0.295544612803133,0.0626108542816252,0.0884394980901774,17.0158208333332,7.22784458333333,1
19-Dec-2023 13:40:00,0.332965658902666,0.112439028848615,0.0383983457086255,17.0683249999999,7.16955458333334,1
19-Dec-2023 14:00:00,0.349741003601038,0.0359706460608173,0.0556070161287696,17.0603708333335,7.11410333333333,1
19-Dec-2023 14:20:00,0.314704296140523,0.00925758508903469,0.0465740225232486,16.9797458333332,7.05096416666667,1
19-Dec-2023 14:40:00,0.364509609719485,0.0177706905789599,0.0416645563891135,16.9701419031718,6.99530968280467,0.998333333333333
19-Dec-2023 15:00:00,0.322787762290141,-0.0278260071163272,0.00836551958328009,16.9933624999999,6.94125083333333,1
19-Dec-2023 15:20:00,0.357877608439871,-0.0170088868392101,0.0503847475845557,17.0078208333335,6.89912833333333,1
19-Dec-2023 15:40:00,0.345205539278511,-0.0191425038245183,0.0828774230146359,17.0032416666667,6.87251708333333,1
19-Dec-2023 16:00:00,0.301551301758152,0.018190379664003,0.0336027196319334,17.0014,6.85722333333333,1
19-Dec-2023 16:20:00,0.359814634109952,0.0464268243860383,0.0414069509976939,17.0090333333335,6.83999208333333,1
19-Dec-2023 16:40:00,0.356317704634128,0.0437429354696812,0.0896176747045415,17.0106666666668,6.83454583333333,1
19-Dec-2023 17:00:00,0.340652263316764,-0.0314456074366405,0.0878319281546611,17.0133916666669,6.84658125,1
19-Dec-2023 17:20:00,0.324100895820242,-0.0382182693881675,-0.0152709598875395,17.0223958333335,6.86156583333333,1
19-Dec-2023 17:40:00,0.303151615376719,-0.0704302202468762,-0.0226269681560199,17.0277740725303,6.88777865777407,0.999583333333333
19-Dec-2023 18:00:00,0.286615399040043,-0.0164134264103422,-0.000605762498582531,17.0396000000001,6.91493333333333,1
19-Dec-2023 18:20:00,0.281737705680612,0.00721150082337553,-0.00521923370884161,17.0486083333333,6.95072583333333,1
19-Dec-2023 18:40:00,0.268160283647665,0.0212577413713385,0.00418940895986822,17.0640624999999,6.99236708333333,1
19-Dec-2023 19:00:00,0.279797492888074,0.0237433337371704,-0.0250285278654175,17.0685083333332,7.04100916666666,1
19-Dec-2023 19:20:00,0.258698477909523,0.0328766917306308,-0.0712345072965795,17.0684333333332,7.09064166666666,1
19-Dec-2023 19:40:00,0.253151634333024,-0.0144015756566426,-0.103467816919718,17.0896875000002,7.14212833333333,1
19-Dec-2023 20:00:00,0.289356539432681,-0.0432375651262061,-0.0590897279600188,17.1063250000001,7.184725,1
19-Dec-2023 20:20:00,0.26470694692912,-0.0578247372992059,-0.007863397980911,17.1267541666668,7.22869875,1
19-Dec-2023 20:40:00,0.243043459767115,-0.0226514920908733,0.0394756520582168,17.0993791666669,7.27113166666667,1
19-Dec-2023 21:00:00,0.256661212125755,-0.0113663982081223,0.0706766355912983,17.0972916666668,7.30795291666667,1
19-Dec-2023 21:20:00,0.268554088692222,-0.0443355147042989,0.0679366778613279,17.1246291666666,7.33512458333333,1
19-Dec-2023 21:40:00,0.268088104614819,-0.0285327671627428,0.0552578083068466,17.1265125,7.34852125,1
19-Dec-2023 22:00:00,0.287000486075935,-0.000646138882761226,0.0514137794736215,17.1277749999999,7.35721125,1
19-Dec-2023 22:20:00,0.254583248020522,0.0214231070084488,0.0240957365993282,17.1449541666666,7.35465791666667,1
19-Dec-2023 22:40:00,0.280996538366312,0.00448777236407578,-8.38511504180492e-05,17.1891041666667,7.33790041666667,1
19-Dec-2023 23:00:00,0.260291932654804,0.00566338894672025,0.000932236940785963,17.2098791666665,7.30906875,1
19-Dec-2023 23:20:00,0.267857718126912,-0.00621598908207662,-0.00946757426298672,17.1857458333332,7.26901416666667,1
19-Dec-2023 23:40:00,0.261336400279346,-0.0195694463100558,-0.011687595984705,17.1233083333335,7.22754083333334,1
20-Dec-2023 00:00:00,0.261424758246414,-0.00503861478384519,-0.0166528229496335,17.1784570475396,7.16830984153461,0.999166666666667
20-Dec-2023 00:20:00,0.240906576137062,0.0256934511421574,-0.00676531919794476,17.2636041666666,7.09924499999999,1
20-Dec-2023 00:40:00,0.265264517342984,0.0306803404022977,-0.00999801298515201,17.2435431429762,7.02666360983743,0.999583333333333
20-Dec-2023 01:00:00,0.265259438625671,0.0496881321487111,0.0140854954742955,17.2404666666667,6.94838833333333,1
20-Dec-2023 01:20:00,0.2457533450617,0.0195878028992029,-0.0173228725364826,17.3690654985398,6.86505757196495,0.99875
20-Dec-2023 01:40:00,0.253874881516194,0.038423873534501,-0.031908236744113,17.4203295786401,6.78033917396746,0.99875
20-Dec-2023 02:00:00,0.275909710824959,0.0380104818505423,-0.0295511922396829,17.4297247706423,6.70100458715596,0.999166666666667
20-Dec-2023 02:20:00,0.247280072113992,0.0328059668167391,-0.0334933134248554,17.4292824363789,6.62710346266166,0.99875
20-Dec-2023 02:40:00,0.275401156496714,0.023218581811241,-0.0396564474775336,17.428840216938,6.54761576971214,0.99875
20-Dec-2023 03:00:00,0.280156826064971,0.024879578875106,-0.0504707375500845,17.4221717382243,6.47998416006669,0.999583333333333
20-Dec-2023 03:20:00,0.276139457750392,0.0186009008627815,-0.042076668685827,17.4132805335556,6.42178907878283,0.999583333333333
20-Dec-2023 03:40:00,0.273695362479437,0.00752864669912589,-0.0521068042893258,17.4121985815602,6.37508427200668,0.99875
20-Dec-2023 04:00:00,0.266928399615275,0.0176704608884876,-0.0196731632536994,17.4092249999999,6.33942041666666,1
20-Dec-2023 04:20:00,0.275574003954279,0.0271222178665787,-0.0129703130319151,17.4058541666665,6.31712416666667,1
20-Dec-2023 04:40:00,0.300990804023178,0.0025075134920171,-0.0343506967868352,17.3914190317195,6.30177629382304,0.998333333333333
20-Dec-2023 05:00:00,0.254248924924723,-0.0332598626425903,-0.033765315524301,17.3956993299831,6.31092797319934,0.995
20-Dec-2023 05:20:00,0.267259507684037,-0.0185197946761053,-0.0264053578108252,17.4001000416838,6.33208295122968,0.999583333333333
20-Dec-2023 05:40:00,0.248208420033749,-0.00352815655592183,-0.0112085036669337,17.3894831179658,6.36827969987495,0.999583333333333
20-Dec-2023 06:00:00,0.257915088903628,-0.0111181930314154,-0.010661912311456,17.3681416666667,6.41554708333333,1
20-Dec-2023 06:20:00,0.246236129140322,-0.005327516331149,-0.0304776834577075,17.3485195996665,6.47094829024187,0.999166666666667
20-Dec-2023 06:40:00,0.252605825639872,-0.00656139281212392,-0.0436287655027962,17.3391375000001,6.54479916666666,1
20-Dec-2023 07:00:00,0.241069626481588,-0.0110678913465161,-0.0414003717070961,17.3385415796073,6.63055077308817,0.997083333333333
20-Dec-2023 07:20:00,0.235040171522552,-0.0156357566628909,-0.043587500296928,17.3022041666668,6.72048333333333,1
20-Dec-2023 07:40:00,0.231685773470045,-0.00774412418101105,-0.0538893319611555,17.2585250000001,6.81838291666666,1
20-Dec-2023 08:00:00,0.227723877176453,-0.0146588513096321,-0.0590651465473877,17.2591166666669,6.91983041666666,1
20-Dec-2023 08:20:00,0.222537091440404,-0.0358682581808877,-0.0359117541467631,17.3015615866389,7.01468141962422,0.997916666666667
20-Dec-2023 08:40:00,0.233502372608856,-0.0455339810947366,-0.0256695579867133,17.3085791666667,7.11601583333333,1
20-Dec-2023 09:00:00,0.233050399088941,-0.0382500223849694,-0.0151781584505119,17.2406791666667,7.22235791666666,1
20-Dec-2023 09:20:00,0.219390613777819,-0.0411953700127478,-0.00915994124796626,16.3772250000001,7.31725916666667,1
20-Dec-2023 09:40:00,0.215269001453973,-0.0178490744207742,-0.0244263760348983,16.1616666666667,7.40184583333333,1
20-Dec-2023 10:00:00,0.204189480451305,-0.0105219932841968,-0.014106945230866,16.3539583333335,7.47590583333333,1
20-Dec-2023 10:20:00,0.225596901137104,-0.00886457824897861,-0.0209755800443717,16.5819750000001,7.5369825,1
20-Dec-2023 10:40:00,0.235644316809173,-0.00485811021994822,-0.0113142928212385,16.7260458333334,7.58766541666666,1
20-Dec-2023 11:00:00,0.229922713020987,-0.0111329577645084,-0.00220465520189136,16.6443333333333,7.61962041666666,1
20-Dec-2023 11:20:00,0.202349185825578,-0.01355918465471,0.0032593124383543,16.6680999999999,7.65462333333333,1
20-Dec-2023 11:40:00,0.215019033506866,-0.0144513705994973,-0.00556429916191393,16.7863083333333,7.66002833333334,1
20-Dec-2023 12:00:00,0.215855684577893,-0.0177323815662255,-0.0074355064124512,16.8729666666666,7.65475,1
20-Dec-2023 12:20:00,0.224381853560173,-0.0122950986595716,-0.00373667387199959,16.9307375,7.62586,1
20-Dec-2023 12:40:00,0.2499268288031,-0.00789922621086742,-0.00932006819196408,16.9691041666666,7.58752208333333,1
20-Dec-2023 13:00:00,0.214664431502086,-0.00840940520060432,-0.0176818604001521,16.9343958333332,7.54428291666667,1
20-Dec-2023 13:20:00,0.227458225868777,-0.0121520782924532,-0.0299803766262732,16.8350083333332,7.4859025,1
20-Dec-2023 13:40:00,0.245651149386206,-0.0148797805866859,-0.0382769550058726,16.780371142619,7.41117097581318,0.999166666666667
20-Dec-2023 14:00:00,0.23259902173225,-0.0065947828142508,-0.0391322944308477,16.7630717863107,7.33727796327212,0.998333333333333
20-Dec-2023 14:20:00,0.2492704770918,-0.013909241772244,-0.0426767263981532,16.7700458906969,7.2541472674176,0.99875
20-Dec-2023 14:40:00,0.251498502880486,-0.0123400138335504,-0.0510268247236683,16.7619849874897,7.18196205170976,0.999166666666667
20-Dec-2023 15:00:00,0.249236940029423,-0.00520535646788325,-0.0643303953382771,16.7607056367434,7.10877870563674,0.997916666666667
20-Dec-2023 15:20:00,0.240641677956825,-0.0112180287012546,-0.0555423832610913,16.7897327766179,7.03051064718163,0.997916666666667
20-Dec-2023 15:40:00,0.238673153008835,-0.0127980055786,-0.0456682776939427,16.8051166666667,6.94807791666666,1
20-Dec-2023 16:00:00,0.247903700513235,-0.00545186476760388,-0.0682499029221157,16.7909416666668,6.87401416666666,1
20-Dec-2023 16:20:00,0.215874415073123,-0.0109362147767989,-0.0748445105998106,16.8060458333334,6.811885,1
20-Dec-2023 16:40:00,0.244411799100837,-0.00873266663148476,-0.084972521153534,16.8366458333334,6.76125958333333,1
20-Dec-2023 17:00:00,0.247173775817351,-0.00697774943793376,-0.0829249566871693,16.8402335279401,6.72976605504587,0.999166666666667
20-Dec-2023 17:20:00,0.231990123964508,-0.0011669027358123,-0.0775830852065813,16.8521375000001,6.71299041666667,1
20-Dec-2023 17:40:00,0.245789203239652,0.00196046225946599,-0.0747063821277442,16.8697124999999,6.69499875,1
20-Dec-2023 18:00:00,0.25722502457762,0.000732929279511553,-0.0702486993142453,16.8849458333334,6.67144333333333,1
20-Dec-2023 18:20:00,0.235121610867452,0.00816307661548831,-0.0749977698575841,16.8996124999998,6.66556708333333,1
20-Dec-2023 18:40:00,0.244220930322188,0.0176467421222674,-0.0778979932443844,16.9173416666667,6.66698833333333,1
20-Dec-2023 19:00:00,0.243463073007644,0.00728751881553567,-0.0686763384152471,16.9500666666665,6.68560416666667,1
20-Dec-2023 19:20:00,0.229005077555819,0.0126986101374644,-0.0658340993450924,16.9735083333332,6.707625,1
20-Dec-2023 19:40:00,0.222039969260836,0.0210901055540666,-0.0624688880422659,16.9830333333332,6.74406708333333,1
20-Dec-2023 20:00:00,0.222539589302481,0.0241987901356105,-0.0616623148036822,17.0348228428511,6.78475906627761,0.999583333333333
20-Dec-2023 20:20:00,0.2555457837462,0.0169494977295696,-0.0423751542653679,17.1274050896954,6.81976595744681,0.99875
20-Dec-2023 20:40:00,0.247078460440202,-0.0016050690548645,-0.0219324437569084,17.2585541666669,6.87541083333333,1
20-Dec-2023 21:00:00,0.225926403449671,0.00735671894226427,-0.024201918375015,17.2748875000002,6.9292925,1
20-Dec-2023 21:20:00,0.231419188856452,0.00486328966795147,-0.00702014826166021,17.2935374999999,6.98838416666667,1
20-Dec-2023 21:40:00,0.21942038821786,0.00527742004620928,0.0190969329353758,17.2997916666666,7.041645,1
20-Dec-2023 22:00:00,0.226365560162178,0.0131064604868932,0.0331870040086882,17.3075375,7.0939125,1
20-Dec-2023 22:20:00,0.242507134572645,0.00164890460022681,0.0428137350248259,17.3204291666666,7.1405925,1
20-Dec-2023 22:40:00,0.231669709504237,0.0481549052196975,0.0956982085746141,17.3524666666667,7.1774175,1
20-Dec-2023 23:00:00,0.235865134829612,-0.00393768571303943,0.165519552767796,17.3481708333335,7.21065583333333,1
20-Dec-2023 23:20:00,0.210187963320757,-0.0176746049472272,0.107710055218035,17.3589541666667,7.23029291666666,1
20-Dec-2023 23:40:00,0.201738775962938,-0.0248985820509297,0.0860830200540937,17.3331708333333,7.236685,1
21-Dec-2023 00:00:00,0.219409194855565,-0.00474853267983854,0.163952788558175,17.3687249999999,7.22378083333333,1
21-Dec-2023 00:20:00,0.217116496417693,0.0543455075929969,0.150635921620471,17.3775499999999,7.21378375,1
21-Dec-2023 00:40:00,0.200646363495036,0.00625055775893089,0.142900834532608,17.4261958333334,7.186765,1
21-Dec-2023 01:00:00,0.20215091738071,0.00327202966028011,0.130813144685642,17.4649208333333,7.15995875,1
21-Dec-2023 01:20:00,0.219583923912502,0.00621106252016783,0.104430059147023,17.4762291666664,7.11578291666666,1
21-Dec-2023 01:40:00,0.209279699939053,-0.0047730253249484,0.109266722991475,17.4748708333331,7.06145458333333,1
21-Dec-2023 02:00:00,0.197667144249974,-0.0259972153144146,0.107986807675023,17.4212583333332,6.98959083333333,1
21-Dec-2023 02:20:00,0.194168615785755,-0.0432351872749035,0.07889091022443,17.3817291666666,6.9214725,1
21-Dec-2023 02:40:00,0.201142543362265,0.0344875920899547,0.0747281075770115,17.3925541666665,6.85593625,1
21-Dec-2023 03:00:00,0.196231521307037,-8.84947063715345e-05,0.0788690485928592,17.3878625,6.78837291666666,1
21-Dec-2023 03:20:00,0.21820068559008,0.0271050552477046,0.091240262954391,17.3874416666666,6.72247333333333,1
21-Dec-2023 03:40:00,0.191000105232488,0.00470875396861885,0.0942238376716705,17.3940333333333,6.6641025,1
21-Dec-2023 04:00:00,0.197237667331996,0.0136117902601357,0.11211594712398,17.4085821517932,6.60694412010008,0.999166666666667
21-Dec-2023 04:20:00,0.207475470718162,0.00404181880931049,0.141456710214606,17.441975,6.549495,1
21-Dec-2023 04:40:00,0.194410950521515,0.00557635661612217,0.104874171492928,17.4522208333332,6.51524333333333,1
21-Dec-2023 05:00:00,0.207990359032994,0.00708451165723756,0.108179764045325,17.4577249999999,6.48493125,1
21-Dec-2023 05:20:00,0.189152006377276,0.00811112043996316,0.106068162515262,17.4553166666667,6.47743333333333,1
21-Dec-2023 05:40:00,0.195749221432653,0.00181260319361665,0.0835488268084071,17.4498041666667,6.47058833333333,1
21-Dec-2023 06:00:00,0.195657565109415,0.00137575480118859,0.0847788794755523,17.4479666666667,6.48356666666666,1
21-Dec-2023 06:20:00,0.184343833052196,-0.003636334960546,0.0694694005890495,17.445925,6.51520833333333,1
21-Dec-2023 06:40:00,0.192502077104264,-0.00208552484743477,0.0653950157283687,17.4413833333333,6.55353666666667,1
21-Dec-2023 07:00:00,0.191708922635605,-0.00870315505736028,0.0583606564407137,17.4393708333333,6.60113166666667,1
21-Dec-2023 07:20:00,0.188304302843462,-0.0202192497123693,0.0569497732811337,17.4354958333334,6.66888541666667,1
21-Dec-2023 07:40:00,0.177693099975751,-0.0181309159992446,0.0447751551024784,17.4254541666667,6.7366325,1
21-Dec-2023 08:00:00,0.186836514084589,-0.0203559729593513,0.0393999357775517,17.4149791666666,6.82532291666667,1
21-Dec-2023 08:20:00,0.183396988005828,-0.0213881431572454,0.0400952629961056,17.4090083333332,6.92242,1
21-Dec-2023 08:40:00,0.169196616706063,-0.00798445726502686,0.0471556829289976,17.3910000000001,7.02648541666666,1
21-Dec-2023 09:00:00,0.185685427301276,-0.0374281997053877,0.0458549385302541,17.3717333333335,7.13017708333333,1
21-Dec-2023 09:20:00,0.174943660901766,0.0200999970899139,0.0999581238444798,17.3522833333335,7.2409,1
21-Dec-2023 09:40:00,0.180587329319833,-0.000277749090899433,0.0464020337235616,17.3542625000001,7.34499875,1
21-Dec-2023 10:00:00,0.165897101543212,-0.0145107872041403,0.0545495551457986,17.3677750000001,7.43933291666667,1
21-Dec-2023 10:20:00,0.182959768426215,-0.0164510711267298,0.0715909975092508,17.3568375000001,7.53200958333333,1
21-Dec-2023 10:40:00,0.183099431338948,-0.0242454449051881,0.0746468908744242,17.3469375000001,7.61859833333333,1
21-Dec-2023 11:00:00,0.182672704687434,-0.0268484050620276,0.08074317663737,17.3388333333334,7.68900666666667,1
21-Dec-2023 11:20:00,0.196805819182478,-0.0285727816634024,0.0916934253651088,17.3325875,7.73887,1
21-Dec-2023 11:40:00,0.179339465532189,-0.0145587408683041,0.0899427467307678,17.3205624999999,7.77859666666666,1
21-Dec-2023 12:00:00,0.180289644867633,-0.0123835387769087,0.0920183865998205,17.3174124999999,7.81170833333333,1
21-Dec-2023 12:20:00,0.199152388267125,0.0265757541317369,0.111406752265383,17.2752250000001,7.82056666666667,1
21-Dec-2023 12:40:00,0.188691239961965,0.00654591323982717,0.0705506065553875,17.2593041666668,7.81355166666667,1
21-Dec-2023 13:00:00,0.20419836147811,-0.0121167031908704,0.0812173511581768,17.2863875000002,7.79570166666667,1
21-Dec-2023 13:20:00,0.219795550801078,-0.0163217544008269,0.0831868426669844,17.2842375000001,7.7602,1
21-Dec-2023 13:40:00,0.203840890400845,-0.00687790176489271,0.0536573215306557,17.2704166666669,7.70301166666667,1
21-Dec-2023 14:00:00,0.230307400078553,-0.0173196450145548,0.0431531878021141,17.2679208333336,7.62831,1
21-Dec-2023 14:20:00,0.242559453852891,-0.0206543833760237,0.0413947465069675,17.2588875000001,7.54252333333333,1
21-Dec-2023 14:40:00,0.245898309544194,-0.00990147383100304,0.0364134411400536,17.2476166666666,7.46122541666666,1
21-Dec-2023 15:00:00,0.255137510623766,-0.014076824347793,0.0253370105064513,17.2370541666664,7.3685325,1
21-Dec-2023 15:20:00,0.264083087104825,-0.0131065098989981,0.0149303976189245,17.2289958333331,7.26739125,1
21-Dec-2023 15:40:00,0.279138697236964,-0.00852031267330197,0.0157760251443661,17.2189999999999,7.16795833333333,1
21-Dec-2023 16:00:00,0.298731769610165,-0.0128981726747036,0.00757957363518584,17.2210333333332,7.06661833333333,1
21-Dec-2023 16:20:00,0.285328376528994,-0.0068742627461121,-0.0123063563372717,17.2191333333333,6.96701583333333,1
21-Dec-2023 16:40:00,0.313157964777082,0.00192709765960016,0.0184700200226657,17.2097166666668,6.86459083333333,1
21-Dec-2023 17:00:00,0.346514700884687,0.0304011243379179,0.025811765946817,17.1907541666666,6.76945666666666,1
21-Dec-2023 17:20:00,0.345408686969219,-0.0460504544951462,0.00248145400916737,17.1943916666667,6.696815,1
21-Dec-2023 17:40:00,0.358621664588754,-0.00332533381338816,-0.0446881974951102,17.2028041666666,6.62087041666666,1
21-Dec-2023 18:00:00,0.376400559371804,0.0234664697851263,-0.0284130608269275,17.2075541666665,6.55637083333333,1
21-Dec-2023 18:20:00,0.359194022534835,-0.0146195419582793,-0.0243024143569839,17.2138583333332,6.5022725,1
21-Dec-2023 18:40:00,0.408716518651736,0.00246651789560689,-0.0453269675080363,17.2265916666664,6.45729125,1
21-Dec-2023 19:00:00,0.368071299973385,0.00628786245611036,-0.0479754721719002,17.2367416666665,6.43956041666666,1
21-Dec-2023 19:20:00,0.413116882381747,0.0222464442924651,-0.0578547661778366,17.2507127969988,6.4252751146311,0.999583333333333
21-Dec-2023 19:40:00,0.364140536532921,0.0173503648670503,-0.055279964542529,17.2632693110649,6.42660918580376,0.997916666666667
21-Dec-2023 20:00:00,0.343188989415933,0.0277493815212361,-0.075966503887594,17.2841225510629,6.45498916215089,0.999583333333333
21-Dec-2023 20:20:00,0.332834014810601,0.046673180733536,-0.0508935316692225,17.31635,6.48642083333333,1
21-Dec-2023 20:40:00,0.344026739384453,0.0267382119429534,-0.00631339431761091,17.3824457429048,6.52436185308848,0.998333333333333
21-Dec-2023 21:00:00,0.332412315009946,0.00397016167302335,0.0343259667728111,17.4414333333334,6.58505208333334,1
21-Dec-2023 21:20:00,0.368891420590183,-0.00507738607163094,0.0281086872430055,17.4649458333332,6.63944458333334,1
21-Dec-2023 21:40:00,0.366551446167075,0.00756186531893736,-0.0642606887766345,17.4270291666668,6.69770291666667,1
21-Dec-2023 22:00:00,0.397224221522093,0.00870485797106285,0.00746051915245202,17.4618208333333,6.76417958333333,1
21-Dec-2023 22:20:00,0.349734941673507,-0.019303252586593,-0.0118171912405122,17.4790124999999,6.83393708333333,1
21-Dec-2023 22:40:00,0.340343107170562,-0.0165563105432809,0.0205598682081472,17.4320291666667,6.905275,1
21-Dec-2023 23:00:00,0.363860937408359,0.0133680400009796,0.0477766252089059,17.4207958333334,6.97628833333333,1
21-Dec-2023 23:20:00,0.351805085694024,0.0166673009941085,0.0512477201071197,17.4286208333335,7.04284125,1
21-Dec-2023 23:40:00,0.340814335862052,0.0465469963984866,0.102258415320342,17.4557833333332,7.09918208333333,1
22-Dec-2023 00:00:00,0.35318718619184,-0.00618272882383014,0.124868244044978,17.4858291666665,7.15339166666667,1
22-Dec-2023 00:20:00,0.318454647880629,0.00462471607314439,0.119225257365453,17.4908916666665,7.19711208333333,1
22-Dec-2023 00:40:00,0.333374680160563,-0.0122487179617305,0.097490641697116,17.4795666666664,7.22814083333334,1
22-Dec-2023 01:00:00,0.33506965709785,-0.0261528418167098,0.0888207870805361,17.4265958333333,7.24050791666667,1
22-Dec-2023 01:20:00,0.34377938660417,-0.0350527657258734,0.069295405106927,17.3906083333333,7.23586791666667,1
22-Dec-2023 01:40:00,0.298171714168219,0.0147044259300841,-0.0144392379176894,17.3986416666666,7.21566833333333,1
22-Dec-2023 02:00:00,0.327652898966032,-0.0145785191859839,0.0300928442041434,17.4133791666666,7.18301791666667,1
22-Dec-2023 02:20:00,0.326662694670317,-0.0187251778937707,0.048373719498495,17.3808250000001,7.14468458333333,1
22-Dec-2023 02:40:00,0.288350639957437,-0.00190220214325377,0.0323573272626855,17.3642041666667,7.11195625,1
22-Dec-2023 03:00:00,0.322333638821858,-0.0132887476559239,0.0179071902380683,17.3505916666668,7.06831,1
22-Dec-2023 03:20:00,0.311543921097594,-0.0124552081807166,-0.00454185211177236,17.3226999999999,7.01698375,1
22-Dec-2023 03:40:00,0.295606144896982,0.00201544291565138,-0.00578908740378856,17.2859166666667,6.96313708333333,1
22-Dec-2023 04:00:00,0.331163774663436,-0.00172055296322966,-0.0149911740752761,17.2754583333335,6.89749583333333,1
22-Dec-2023 04:20:00,0.301242385230635,0.00203271590482772,-0.027792277233506,17.2695664860361,6.83753438932889,0.999583333333333
22-Dec-2023 04:40:00,0.321444497923795,0.000278462084744409,-0.0348883632600368,17.2685648727579,6.77995994993742,0.99875
22-Dec-2023 05:00:00,0.333042040706386,-0.00174360673235364,-0.0307732617358091,17.2698416666669,6.73147416666666,1
22-Dec-2023 05:20:00,0.29494085022297,0.0021626704912912,-0.0397372030787634,17.2768875000001,6.68365041666667,1
22-Dec-2023 05:40:00,0.299921270209867,-0.00578805730842302,-0.0388512924759567,17.2846686119218,6.65319799916632,0.999583333333333
22-Dec-2023 06:00:00,0.294684232633877,-0.00857670088630034,-0.0541103718457331,17.2905131414269,6.63256654151022,0.99875
22-Dec-2023 06:20:00,0.283577941210661,0.00553567751707769,-0.0644434924737654,17.2973728106755,6.62072894078399,0.999166666666667
22-Dec-2023 06:40:00,0.277012638221211,0.000261553027192385,-0.0594089558983543,17.30140475198,6.6307048770321,0.999583333333333
22-Dec-2023 07:00:00,0.318242505321384,0.0197496497750554,-0.0788973304015659,17.3066375,6.64998875,1
22-Dec-2023 07:20:00,0.308869209505032,0.0501401564193535,-0.0732593602992062,17.3171999999999,6.694755,1
22-Dec-2023 07:40:00,0.345836130014698,0.0267145687682437,-0.0374545604129733,17.3201833333332,6.73392666666666,1
22-Dec-2023 08:00:00,0.339302380758293,-0.00856802200904187,-0.0457262138261665,17.3170083333333,6.78616208333333,1
22-Dec-2023 08:20:00,0.32128418150259,-0.0236781036223168,-0.0307923040254341,17.3023833333334,6.85934708333333,1
22-Dec-2023 08:40:00,0.288842962348109,-0.00307552248605273,-0.0202548928332727,17.2935208333335,6.94159,1
22-Dec-2023 09:00:00,0.271011337026489,0.00887431728996136,-0.0194504293316498,17.2934916666667,7.04112708333333,1
22-Dec-2023 09:20:00,0.278621356172585,-0.0104172615924347,-0.0464113129211638,17.29555,7.13087458333333,1
22-Dec-2023 09:40:00,0.272451411425839,-0.00634305468513232,-0.0400131396436036,17.2891791666668,7.240335,1
22-Dec-2023 10:00:00,0.279338853751793,0.00403951450353453,-0.0299387847801545,17.2795583333335,7.34786333333333,1
22-Dec-2023 10:20:00,0.271035205108358,-0.0148637644701436,-0.0489023104413931,17.2801416666668,7.44512208333334,1
22-Dec-2023 10:40:00,0.265462694055913,-0.0297258827177685,-0.0180521307715383,17.2869250000001,7.55938083333333,1
22-Dec-2023 11:00:00,0.255243399408224,-0.0351139237478492,0.00901833452760162,17.2933791666666,7.66559,1
22-Dec-2023 11:20:00,0.264367780254742,-0.0276883566704352,0.0397776195654478,17.2879500000001,7.74494833333334,1
22-Dec-2023 11:40:00,0.267522582621592,-0.00893170930161883,0.0538490769518262,17.2852541666667,7.81850666666667,1
22-Dec-2023 12:00:00,0.275393487563472,-0.00165830780694487,0.0662762654178,17.2742125000002,7.87834500000001,1
22-Dec-2023 12:20:00,0.253706190443371,0.0134112137839433,0.0797497065481539,17.2516583333333,7.91891,1
22-Dec-2023 12:40:00,0.243943246557568,0.00678875548409565,0.0863611550949226,17.2388041666665,7.95929333333333,1
22-Dec-2023 13:00:00,0.260333794953869,0.00236546605166915,0.0993464502065719,17.2325124999998,7.97870666666667,1
22-Dec-2023 13:20:00,0.249057325998217,0.00261295976170283,0.093965590618008,17.2249791666665,7.964235,1
22-Dec-2023 13:40:00,0.251854973504043,-0.00423262914090184,0.102344752130283,17.2083625000001,7.93214666666667,1
22-Dec-2023 14:00:00,0.223929752018361,-0.00646018254113177,0.0865155358229719,17.1890125,7.889315,1
22-Dec-2023 14:20:00,0.255067221206372,-0.00840512179573513,0.0641010434948047,17.1817958333334,7.82558166666667,1
22-Dec-2023 14:40:00,0.226034928775083,-0.00470672523473786,0.0430371343891742,17.165775,7.74476499999999,1
22-Dec-2023 15:00:00,0.264157993354168,-0.0041080673815732,0.0403508853603421,17.139875,7.65594458333333,1
22-Dec-2023 15:20:00,0.266871337266238,-0.0216098225013488,0.0336379496833685,17.1146875,7.56152958333334,1
22-Dec-2023 15:40:00,0.272074336252827,-0.0134692379582855,0.0288827152044305,17.1000916666668,7.45613291666666,1
22-Dec-2023 16:00:00,0.262961404812067,-0.00668006925546264,0.0303537975311266,17.0967666666668,7.34699333333333,1
22-Dec-2023 16:20:00,0.267961388432077,0.00882638755512806,0.0252656846950892,17.0935625000001,7.22043458333334,1
22-Dec-2023 16:40:00,0.223688301919437,0.0039362819841323,0.0259582042249492,17.0828625,7.10077583333333,1
22-Dec-2023 17:00:00,0.213364242434826,0.0156377893860747,0.0349089413794122,17.0657083333333,6.97890083333333,1
22-Dec-2023 17:20:00,0.241628461149372,0.0215377918053751,0.0108229092237779,17.0614416666667,6.85398833333333,1
22-Dec-2023 17:40:00,0.258793237544382,0.00656796947772973,0.0154056330915821,17.0523375,6.7419,1
22-Dec-2023 18:00:00,0.24235934573158,0.0196412043663563,0.0254477642547554,17.0374500000001,6.62866916666667,1
22-Dec-2023 18:20:00,0.235734733988051,0.016098149275915,0.0204190501178052,17.0279500000001,6.52855041666667,1
22-Dec-2023 18:40:00,0.251834755636485,0.0136647626170367,0.0127247832066534,17.0333666666668,6.43797291666667,1
22-Dec-2023 19:00:00,0.258356786285957,0.0198872986120992,0.00189863811051775,17.0356208333335,6.36296416666667,1
22-Dec-2023 19:20:00,0.276671216770516,0.00165601011183268,-0.0142383602754866,17.0426041666667,6.31110333333334,1
22-Dec-2023 19:40:00,0.261212387081807,-0.00818134857821412,0.00651698085232106,17.0479166666666,6.26730666666667,1
22-Dec-2023 20:00:00,0.241965265747382,0.00261709679761202,0.00917109303582235,17.0567583333334,6.23493666666667,1
22-Dec-2023 20:20:00,0.253331569328546,0.0180093731330246,-0.0133465468792102,17.0705833333332,6.21927166666667,1
22-Dec-2023 20:40:00,0.277367037330004,0.0249563014545574,-0.0256479083601181,17.0678249999999,6.221765,1
22-Dec-2023 21:00:00,0.2574054083219,0.00420066113933998,-0.0201979662353883,17.0969500000002,6.24824166666667,1
22-Dec-2023 21:20:00,0.280309661159059,0.00175570344184126,-0.00345349592030055,17.143125,6.28890666666666,1
22-Dec-2023 21:40:00,0.272885917261896,0.00736012123647418,0.00375885392796942,17.1900208333331,6.35298208333333,1
22-Dec-2023 22:00:00,0.296807527465005,0.014297731106105,0.00499849448538319,17.2143833333334,6.41225583333333,1
22-Dec-2023 22:20:00,0.282788724563983,-0.00161309898819115,0.00228366165334118,17.2465708333334,6.48733666666667,1
22-Dec-2023 22:40:00,0.267830327272704,0.00217032118972916,0.00876644516502069,17.2644356518119,6.56509704289879,1
22-Dec-2023 23:00:00,0.24315269533965,0.00418480180477936,0.00323760266812768,17.2739083333334,6.65277166666666,1
22-Dec-2023 23:20:00,0.248150228632673,0.00780480803835204,0.0170096377603528,17.2773000000002,6.74347791666667,1
22-Dec-2023 23:40:00,0.275416836279728,-0.00548421437453381,0.0289015556812822,17.2657583333335,6.83730208333333,1
23-Dec-2023 00:00:00,0.259277447661094,-0.0160462488123109,0.034533159052248,17.2690750000003,6.93173916666666,1
23-Dec-2023 00:20:00,0.25325102769487,-0.00755019636643358,0.0323081734756672,17.2744666666669,7.00986958333333,1
23-Dec-2023 00:40:00,0.292749912226915,-0.00823017553399777,0.0359521989832158,17.2731205673761,7.07485982478098,0.99875
23-Dec-2023 01:00:00,0.251912805491367,-0.0150089747033559,0.034768878780137,17.2634666666668,7.13855833333333,1
23-Dec-2023 01:20:00,0.268181377754672,-0.0362114710749346,0.0212636231466705,17.195875,7.18059416666666,1
23-Dec-2023 01:40:00,0.268385790990974,-0.0242726652477841,0.0264577021299901,17.18955,7.21764125,1
23-Dec-2023 02:00:00,0.250802266270458,-0.0218916374663827,0.0172356800941923,17.191675,7.24259458333333,1
23-Dec-2023 02:20:00,0.239846321280403,-0.0177014098911301,-0.00051201948794711,17.197475,7.25966333333333,1
23-Dec-2023 02:40:00,0.246784530182439,-0.00928166047943515,-0.0122810052758864,17.1905583333333,7.24722916666667,1
23-Dec-2023 03:00:00,0.236531812317319,-0.00684686725951939,-0.0191176098754883,17.1978,7.228975,1
23-Dec-2023 03:20:00,0.250880737377876,-0.00119631537325189,-0.0256445362375634,17.1902418682235,7.20304628857381,0.999166666666667
23-Dec-2023 03:40:00,0.219011629625553,0.00465294900147587,-0.0316120497381731,17.1878833333333,7.166585,1
23-Dec-2023 04:00:00,0.236498180398696,0.00393262453795152,-0.0365665611418351,17.1806166666668,7.12342791666667,1
23-Dec-2023 04:20:00,0.229878664709346,0.00217623964563761,-0.0390998605383405,17.1795166666668,7.07746333333333,1
23-Dec-2023 04:40:00,0.241363551592341,3.61538902591553e-05,-0.0382105245027841,17.1823500000001,7.02543,1
23-Dec-2023 05:00:00,0.240339087456284,0.0208721910856042,-0.0191134003258529,17.1933222036728,6.97624874791319,0.998333333333333
23-Dec-2023 05:20:00,0.238016617907711,0.0392912880246181,-0.0253799481314449,17.1942821368948,6.92202086811352,0.998333333333333
23-Dec-2023 05:40:00,0.257431865205152,0.0468943516563516,-0.0241771909708445,17.1982790309104,6.87350250626566,0.9975
23-Dec-2023 06:00:00,0.251358216588306,0.0110672939596762,-0.0313040246756088,17.2453299705759,6.83196931483816,0.99125
23-Dec-2023 06:20:00,0.240463622441449,0.0113638256432928,-0.0437049501645724,17.2838076923078,6.79918888888889,0.975
23-Dec-2023 06:40:00,0.250622462299645,0.00565972561450614,-0.0569267354918331,17.2974250738708,6.76587378640777,0.987083333333333
23-Dec-2023 07:00:00,0.23186367782021,0.00278335617426134,-0.0563423390422956,17.332435951281,6.74985678286435,0.992083333333333
23-Dec-2023 07:20:00,0.209356077523591,-0.00391681478402883,-0.0585010352353279,17.3594205919134,6.74396165068779,0.999583333333333
23-Dec-2023 07:40:00,0.214331145310943,-0.00135324015125672,-0.0612640860120627,17.3725135473112,6.75255439766569,0.999583333333333
23-Dec-2023 08:00:00,0.199067514017127,-0.00515861424665243,-0.0593940249066153,17.3799583333333,6.78424666666667,1
23-Dec-2023 08:20:00,0.212641679721275,-0.00892304814080094,-0.0580387719717436,17.3865527303043,6.81815506461025,0.999583333333333
23-Dec-2023 08:40:00,0.225170018099509,-0.0131552902942702,-0.0603853666565392,17.3962499999999,6.87599625,1
23-Dec-2023 09:00:00,0.209361744445189,-0.0129135998724648,-0.0573655854086024,17.4028749999998,6.94051541666666,1
23-Dec-2023 09:20:00,0.223789964270943,-0.0111876807082659,-0.0628568791114937,17.396430358632,7.01695996663886,0.999166666666667
23-Dec-2023 09:40:00,0.201571208512347,-0.0116914818823476,-0.0522832330637654,17.3793416666669,7.09893208333333,1
23-Dec-2023 10:00:00,0.184209520450926,-0.00886418627718021,-0.0425915231220544,17.3601083333333,7.192745,1
23-Dec-2023 10:20:00,0.19535579454007,-0.0111918885619693,-0.0410607030311688,17.3424583333334,7.29772083333333,1
23-Dec-2023 10:40:00,0.186729910559196,-0.0116940954701916,-0.040421779149978,17.3104333333333,7.40077041666667,1
23-Dec-2023 11:00:00,0.18802131209539,-0.00674380633351019,-0.0322265443247025,17.2965250000001,7.50820083333334,1
23-Dec-2023 11:20:00,0.19307394009001,-0.0119659696587228,-0.0257738326971502,17.2944499999999,7.610595,1
23-Dec-2023 11:40:00,0.181633737293434,-0.0107002863453283,-0.0221634921703215,17.3013583333333,7.70687333333333,1
23-Dec-2023 12:00:00,0.188637453311747,-0.0134680319964181,-0.0150149322796606,17.3087083333334,7.79959166666667,1
23-Dec-2023 12:20:00,0.176622722944467,-0.019394654080212,-0.00733376976725308,17.3147083333333,7.875095,1
23-Dec-2023 12:40:00,0.183193686923203,-0.0163552759386376,0.0175086049019201,17.3169999999999,7.94433666666667,1
23-Dec-2023 13:00:00,0.177168167159356,-0.0138884550488092,0.0343330997035792,17.3186333333332,7.99647833333333,1
23-Dec-2023 13:20:00,0.199886658534869,-0.0158394920600015,0.0394930120768798,17.3242499999999,8.0324,1
23-Dec-2023 13:40:00,0.184392771117866,-0.0102247335700041,0.0494353362737552,17.3307,8.05132333333333,1
23-Dec-2023 14:00:00,0.193078603499556,-0.0088801191616026,0.0515357421514736,17.3279499999999,8.04591166666667,1
23-Dec-2023 14:20:00,0.193783299510392,-0.00206224682713588,0.0607493523966423,17.2449666666666,8.01875333333333,1
23-Dec-2023 14:40:00,0.205382552673506,0.0534700178590283,0.0820588057239636,17.0642583333334,7.97600166666666,1
23-Dec-2023 15:00:00,0.189338824856586,0.056274703266593,0.0777182902928489,17.0169333333333,7.91868833333333,1
23-Dec-2023 15:20:00,0.193172456076378,0.0595723842380615,0.066446074153404,17.0177416666668,7.84176,1
23-Dec-2023 15:40:00,0.16390489594882,0.0427643911385185,0.0556647766258909,16.9997416666667,7.74652166666667,1
23-Dec-2023 16:00:00,0.181233839542809,0.00590781312510091,0.0501266746661041,17.0266083333334,7.64780833333333,1
23-Dec-2023 16:20:00,0.182947548366164,-0.0110055375399251,0.0330183138498059,17.0702000000001,7.52842166666667,1
23-Dec-2023 16:40:00,0.188262624136012,0.0127728065133961,0.0323219569055597,17.0939333333334,7.3917175,1
23-Dec-2023 17:00:00,0.175389216246502,0.0083689223198941,0.0202481662820727,17.0748916666665,7.24724708333333,1
23-Dec-2023 17:20:00,0.181736538300657,0.00955667979736166,0.0108281229685134,17.0813666666667,7.09866041666666,1
23-Dec-2023 17:40:00,0.174650946666617,0.0114194038957219,0.00347665878398242,17.1139333333334,6.96211666666666,1
23-Dec-2023 18:00:00,0.195626462159238,0.0133078504598897,0.00393071358282423,17.1194916666667,6.82098458333333,1
23-Dec-2023 18:20:00,0.197559243228403,-0.00338833848258471,-0.0124438056075434,17.2029666666666,6.6863375,1
23-Dec-2023 18:40:00,0.202446476472117,-0.0244905412914686,-0.00108667872990078,17.2037083333334,6.55479583333333,1
23-Dec-2023 19:00:00,0.204153990072848,-0.0139471172962388,-0.0158827457245167,17.1971333333331,6.43334791666667,1
23-Dec-2023 19:20:00,0.205834729818936,-0.00657870808499265,-0.0219914630740534,17.2116666666666,6.32309166666667,1
23-Dec-2023 19:40:00,0.221627793424001,0.00961206130508616,-0.035244318542895,17.2240333333332,6.22697166666667,1
23-Dec-2023 20:00:00,0.215615146443083,0.00822959835361734,-0.041707194031761,17.2405333333333,6.15548333333333,1
23-Dec-2023 20:20:00,0.229691455604288,0.0212838830761578,-0.0434372445289318,17.2707083333336,6.09798333333333,1
23-Dec-2023 20:40:00,0.216054477835309,0.0241181877258432,-0.0494290772252648,17.2937499999999,6.05882166666667,1
23-Dec-2023 21:00:00,0.250862706291548,0.034742411099924,-0.0501447851817891,17.3203709879116,6.04577865777407,0.999583333333333
23-Dec-2023 21:20:00,0.24751944446641,0.035087947293442,-0.0602693638790098,17.3587083333334,6.04469333333333,1
23-Dec-2023 21:40:00,0.281722968754769,0.00901033891396476,-0.0610005761544591,17.4254,6.053465,1
23-Dec-2023 22:00:00,0.278446062633519,0.00769680808742563,-0.0545680982568955,17.4639916666666,6.08933333333334,1
23-Dec-2023 22:20:00,0.265983744309513,0.0584162407203912,-0.00599962858284715,17.5180416666669,6.14715833333333,1
23-Dec-2023 22:40:00,0.251573273383287,0.0138122337914533,-0.0636628408591968,17.5145916666668,6.22028,1
23-Dec-2023 23:00:00,0.278228053827412,-0.00177230832475967,-0.0504369536527809,17.5120833333336,6.29092,1
23-Dec-2023 23:20:00,0.289130332606449,-0.000865435411575109,-0.0204305252466157,17.5178916666669,6.38982541666667,1
23-Dec-2023 23:40:00,0.257544748499668,0.00784039492533658,0.00554092074380877,17.5219083333335,6.49838625,1
24-Dec-2023 00:00:00,0.268456948356028,-0.00325929372197781,0.016910710992123,17.5154416666669,6.59862333333333,1
24-Dec-2023 00:20:00,0.266347865142698,-0.0112842498739937,0.0323276849784164,17.5100833333335,6.70160041666667,1
24-Dec-2023 00:40:00,0.27498396276506,-0.00874931195277558,0.0333099631341778,17.5032596915382,6.79718424343476,0.999583333333333
24-Dec-2023 01:00:00,0.271357772208865,-0.011197877232607,0.0293635816040619,17.4984583333333,6.90303166666667,1
24-Dec-2023 01:20:00,0.28032883702563,-0.00485841310500532,0.0459311108604976,17.4875499999998,6.99012291666667,1
24-Dec-2023 01:40:00,0.283706365234564,0.00347882642655899,0.0545588274595005,17.4802833333331,7.07015458333333,1
24-Dec-2023 02:00:00,0.29026266904373,-0.000281305442449636,0.055430769446573,17.4779333333331,7.13998375,1
24-Dec-2023 02:20:00,0.335346351218539,0.00240818392149625,0.0544049902973234,17.4835916666665,7.19627499999999,1
24-Dec-2023 02:40:00,0.3312220806258,0.00597482946785182,0.0509174680184246,17.4936749999999,7.23761041666667,1
24-Dec-2023 03:00:00,0.30115282250765,0.00819922765161996,0.0467077722197747,17.4997916666667,7.26541708333333,1
24-Dec-2023 03:20:00,0.293051389180749,0.00179599919100819,0.0441165229535348,17.5009666666667,7.27944,1
24-Dec-2023 03:40:00,0.301024457848524,-0.000149499535332317,0.0395323728325707,17.5045416666667,7.28113625,1
24-Dec-2023 04:00:00,0.281314033373964,0.00769797608923997,0.0369369707794869,17.5086666666668,7.27947375,1
24-Dec-2023 04:20:00,0.249158783806035,-0.00314628279072426,0.0368423627993805,17.5039666666667,7.25251791666667,1
24-Dec-2023 04:40:00,0.289995188159268,-0.011960664415208,0.0127213681256556,17.5068916666668,7.21284291666666,1
24-Dec-2023 05:00:00,0.27038507586185,-0.000204169024551515,0.00839148086938679,17.5169916666669,7.17017458333333,1
24-Dec-2023 05:20:00,0.300449230160873,-0.00516775525196389,0.0172770234298493,17.5142583333335,7.1204125,1
24-Dec-2023 05:40:00,0.270226111371856,-1.68429744726576e-05,0.00535358382078884,17.5004166666667,7.06546666666666,1
24-Dec-2023 06:00:00,0.260834758018065,-0.00747582985757022,-0.00743317416002448,17.4861916666664,7.02155916666666,1
24-Dec-2023 06:20:00,0.273514732441598,-0.00109256690655672,-0.0103135522567033,17.4742416666665,6.96475041666666,1
24-Dec-2023 06:40:00,0.286351745452234,0.00283568258609251,-0.0192839033047021,17.4607756463719,6.92211259382819,0.999166666666667
24-Dec-2023 07:00:00,0.275311896425498,-0.0167239224999528,-0.00922452835388711,17.4552,6.87871875,1
24-Dec-2023 07:20:00,0.257451495175691,-0.015920182592436,-0.0295483696529907,17.45035,6.8481675,1
24-Dec-2023 07:40:00,0.245596826185524,-0.00925419208853449,-0.0249079302443846,17.4463109629012,6.8300133388912,0.999583333333333
24-Dec-2023 08:00:00,0.267058477243428,-0.00289351464785585,-0.0425961344400262,17.4398666666666,6.82170583333333,1
24-Dec-2023 08:20:00,0.26041801549247,-0.00821367725463054,-0.0595323067363594,17.4392166666667,6.82665625,1
24-Dec-2023 08:40:00,0.2785784321549,-0.0106967086615416,-0.0611603644669747,17.4401166666666,6.84544041666667,1
24-Dec-2023 09:00:00,0.26536962634872,-0.0150477324422579,-0.0686116895920577,17.443275,6.87611708333333,1
24-Dec-2023 09:20:00,0.262462670383088,-0.00304294877893827,-0.0703967613655248,17.4436583333333,6.93089625,1
24-Dec-2023 09:40:00,0.25836218793582,-0.0107661561699879,-0.0756415086503503,17.4465083333334,6.99449333333333,1
24-Dec-2023 10:00:00,0.279135785981792,-0.0121295133339677,-0.0886910942297783,17.445375,7.06274958333333,1
24-Dec-2023 10:20:00,0.249803062530437,-0.0162582064648001,-0.0819030317456977,17.438,7.14707458333333,1
24-Dec-2023 10:40:00,0.302125408510785,-0.0196355932462943,-0.0772877800562899,17.4380567139283,7.23433861551293,0.999166666666667
24-Dec-2023 11:00:00,0.284785457180183,-0.0160787651833944,-0.0680556013107177,17.4475583333334,7.33753166666667,1
24-Dec-2023 11:20:00,0.268451688308928,-0.0161761894584272,-0.055370709899699,17.4504916666667,7.44346708333333,1
24-Dec-2023 11:40:00,0.260087752770149,-0.0119350636883747,-0.0502167080286604,17.4556333333332,7.5501475,1
24-Dec-2023 12:00:00,0.290425704792075,-0.0133720956619934,-0.0452850287537749,17.4574416666666,7.65878625,1
24-Dec-2023 12:20:00,0.293971318562092,-0.0139321116504169,-0.0382505267107177,17.4524750000001,7.75732833333333,1
24-Dec-2023 12:40:00,0.304715815712633,-0.00532124959611231,-0.0341629222227333,17.444325,7.84217333333333,1
24-Dec-2023 13:00:00,0.274223285613176,-0.00422392178108592,-0.0202729493001909,17.4304000000001,7.92456,1
24-Dec-2023 13:20:00,0.239732248396377,-0.00495639643442502,0.00131562131212312,17.4215333333334,7.99766333333334,1
24-Dec-2023 13:40:00,0.262737141926243,-0.00194541567218067,0.0155745659828326,17.4303833333335,8.05484833333333,1
24-Dec-2023 14:00:00,0.286792443646685,-0.00251722127959913,0.00970382307190701,17.4459333333334,8.09435333333333,1
24-Dec-2023 14:20:00,0.273314554028397,-0.0062223728629915,0.0107812016763978,17.4537833333333,8.11707166666666,1
24-Dec-2023 14:40:00,0.268671985169376,-0.000651518149012691,0.0180729755878409,17.4571499999998,8.11302833333334,1
24-Dec-2023 15:00:00,0.258853668490955,-0.00495378302479604,0.0153800503801056,17.4641499999999,8.08947666666667,1
24-Dec-2023 15:20:00,0.275832772001145,-0.00169123087372657,0.00976688081211859,17.4678416666666,8.04609166666667,1
24-Dec-2023 15:40:00,0.31508446255343,-0.00133227746713593,-0.0147319703652105,17.4659499999999,7.97637833333334,1
24-Dec-2023 16:00:00,0.266118340917037,0.014945695801428,-0.0218436682141746,17.4597416666667,7.89357,1
24-Dec-2023 16:20:00,0.269512113744019,-0.0101776651465618,0.00295685213220353,17.4115916666666,7.79816666666667,1
24-Dec-2023 16:40:00,0.288620676941329,-0.0123305250825692,-0.0366181477658761,17.3796333333334,7.6776075,1
24-Dec-2023 17:00:00,0.264789819229616,-0.00352136884983642,-0.0355626776449915,17.3989749999999,7.55241958333333,1
24-Dec-2023 17:20:00,0.252866089854643,-0.012334992784472,-0.041928775380394,17.4275083333334,7.40256375,1
24-Dec-2023 17:40:00,0.261482416574039,-0.00620203529502006,-0.0665921332606161,17.3913333333335,7.25034458333333,1
24-Dec-2023 18:00:00,0.2493810393279,0.00458761771389725,-0.064750817987371,17.3662083333334,7.09125708333333,1
24-Dec-2023 18:20:00,0.227940415081296,-0.00594572535271055,-0.0609217562590387,17.3460166666668,6.92998791666666,1
24-Dec-2023 18:40:00,0.227343189137409,-0.00279756055526968,-0.05664968904228,17.3342583333333,6.76470583333333,1
24-Dec-2023 19:00:00,0.215163686558038,0.000229955113184691,-0.0479114308034528,17.3308166666666,6.61961458333333,1
24-Dec-2023 19:20:00,0.239129067884746,0.000784410593406372,-0.0457735565970466,17.3312083333333,6.4711575,1
24-Dec-2023 19:40:00,0.261330462619791,0.00484112515054566,-0.0422206716969802,17.3386500000001,6.33886,1
24-Dec-2023 20:00:00,0.229727859368917,0.010335592295573,-0.0338563760739129,17.3596916666667,6.21241666666666,1
24-Dec-2023 20:20:00,0.266353721218008,0.00935095701630096,-0.0344383430806862,17.3724083333334,6.10792666666667,1
24-Dec-2023 20:40:00,0.250957013233303,0.0134579743311757,-0.0388241213482593,17.3621416666667,6.01999833333333,1
24-Dec-2023 21:00:00,0.263543453773712,0.0252326067502019,-0.0373900339008657,17.3481916666668,5.95718333333333,1
24-Dec-2023 21:20:00,0.241482359557897,0.0139593999103515,-0.0406700312072839,17.3320666666666,5.92216666666667,1
24-Dec-2023 21:40:00,0.272887147409534,0.0402606523888814,-0.0406148623468842,17.3296583333333,5.89300833333333,1
24-Dec-2023 22:00:00,0.26250931804725,0.0312723707060603,-0.0599103798203299,17.3289416666666,5.891025,1
24-Dec-2023 22:20:00,0.233759419473132,0.0265674731640059,-0.0810797239084599,17.3401416666668,5.91101,1
24-Dec-2023 22:40:00,0.249961637952637,0.00502347722239275,-0.106153533864192,17.4050833333334,5.94111166666667,1
24-Dec-2023 23:00:00,0.288735597014979,-0.0091480657129781,-0.101494040383633,17.4340583333334,5.99998333333333,1
24-Dec-2023 23:20:00,0.28947131117637,-0.000470861066661358,-0.0891822098770147,17.4137499999999,6.06231958333333,1
24-Dec-2023 23:40:00,0.268167881239588,0.00153946703256891,-0.0728392889062221,17.4024833333332,6.15877833333333,1
25-Dec-2023 00:00:00,0.245517037681201,-0.00254221250421675,-0.0697192393116799,17.4171916666667,6.26402333333333,1
25-Dec-2023 00:20:00,0.25979221383025,-0.00454992337771763,-0.0536028787247946,17.458825,6.36752375,1
25-Dec-2023 00:40:00,0.260451775580705,0.0037179902974155,-0.0238615613129651,17.4698000000001,6.482255,1
25-Dec-2023 01:00:00,0.264503031411323,0.00881631835031254,-0.000184594163680095,17.4567333333332,6.6018725,1
25-Dec-2023 01:20:00,0.275850662690908,0.00400767906451494,-0.00121667105695816,17.5093833333336,6.71302833333333,1
25-Dec-2023 01:40:00,0.273392761619777,0.00581335516944174,0.00988537416544741,17.5204583333336,6.81462833333333,1
25-Dec-2023 02:00:00,0.277943465885158,-0.00580015708042474,0.0265532626982095,17.4923999999999,6.91007791666666,1
25-Dec-2023 02:20:00,0.272971618375153,-0.00809138339568086,0.0268885780657189,17.4401583333334,7.01101958333333,1
25-Dec-2023 02:40:00,0.265778981860644,-0.00406490553885421,0.0377394932447081,17.4409583333333,7.09063833333333,1
25-Dec-2023 03:00:00,0.242685288429646,-0.0317775711307122,0.0420804995554347,17.4577333333332,7.16847416666666,1
25-Dec-2023 03:20:00,0.273236994774384,-0.034746794684297,0.0365891434404142,17.4903083333332,7.22152625,1
25-Dec-2023 03:40:00,0.251480759582783,-0.0217749279039155,0.0269518490081343,17.5093416666668,7.26460583333333,1
25-Dec-2023 04:00:00,0.281530284978056,-0.0148139246757069,0.0234627185505277,17.5151416666669,7.29071625,1
25-Dec-2023 04:20:00,0.268375223961617,0.00646210381129004,0.0186900316859118,17.5130083333335,7.3064275,1
25-Dec-2023 04:40:00,0.271860637748735,0.0115487824688474,0.0281913541524841,17.5178250000003,7.30241125,1
25-Dec-2023 05:00:00,0.256355772089682,0.00607717183568778,0.0220684291615173,17.5189916666669,7.2847675,1
25-Dec-2023 05:20:00,0.237758191091075,0.00150222233666029,0.0174430141188972,17.5202833333336,7.25672083333333,1
25-Dec-2023 05:40:00,0.266264540035521,0.00124177379235651,0.00499415918785436,17.5295500000001,7.21370958333334,1
25-Dec-2023 06:00:00,0.247753235245336,0.00126807565325932,0.00730512026753368,17.5403583333335,7.17409666666666,1
25-Dec-2023 06:20:00,0.278467284519264,0.00557572209826196,0.00253181357576653,17.5358166666668,7.12734208333333,1
25-Dec-2023 06:40:00,0.270147806797394,0.00871628227193896,0.0114837487534326,17.5388666666668,7.07860625,1
25-Dec-2023 07:00:00,0.296922927157634,0.00859798935283952,0.0226318733100195,17.5374000000002,7.02776166666667,1
25-Dec-2023 07:20:00,0.281364765940237,-0.00197472965839451,0.0214464384646799,17.5392583333334,6.99239541666666,1
25-Dec-2023 07:40:00,0.265792600043221,-0.0173213330343797,-0.00479034632142864,17.5459750000001,6.94618125,1
25-Dec-2023 08:00:00,0.268000901514724,-0.000612969221651674,-0.0401453160482991,17.539616506878,6.91738390996248,0.999583333333333
25-Dec-2023 08:20:00,0.274313643754949,0.00186973150049533,-0.0445605567789052,17.5358816173407,6.88938307628178,0.999583333333333
25-Dec-2023 08:40:00,0.271273925436217,0.000829421517242861,-0.0330827481161927,17.5286827844936,6.87306752813672,0.999583333333333
25-Dec-2023 09:00:00,0.275537738241873,-0.00798514341979457,-0.0381706445359588,17.5243166666668,6.8794275,1
25-Dec-2023 09:20:00,0.222115802472279,-0.0141324915975814,-0.0535257979567765,17.5201166666669,6.8934225,1
25-Dec-2023 09:40:00,0.238478419906019,-0.00851240297506545,-0.0642615680769767,17.5137083333335,6.92451041666666,1
25-Dec-2023 10:00:00,0.265365983641707,-0.0029641355796832,-0.0822712851321001,17.5070666666668,6.9666175,1
25-Dec-2023 10:20:00,0.20485626884604,-0.0118269554663247,-0.0727788308394517,17.5051083333334,7.02870208333333,1
25-Dec-2023 10:40:00,0.246075287061899,-0.0157845990386648,-0.0749822859072314,17.5009916666667,7.09516958333333,1
25-Dec-2023 11:00:00,0.216129500648881,-0.0131996313619009,-0.0711287264101261,17.498875,7.17270416666667,1
25-Dec-2023 11:20:00,0.225884705741418,-0.0178896133922058,-0.0772122216328304,17.4935999999999,7.25523208333333,1
25-Dec-2023 11:40:00,0.234138037243338,-0.0115170514213767,-0.0726096364817061,17.4848666666664,7.35101333333333,1
25-Dec-2023 12:00:00,0.242204869310169,-0.0074116126732601,-0.0721147888073655,17.456525,7.45755291666667,1
25-Dec-2023 12:20:00,0.2333095886899,-0.000918019258295333,-0.0685027873951552,17.3910583333334,7.56504416666667,1
25-Dec-2023 12:40:00,0.226150898636974,-0.0137996633478423,-0.0542483486221328,17.3557916666668,7.66847333333333,1
25-Dec-2023 13:00:00,0.201228910311155,-0.0181605983279949,-0.0583792318684629,17.3692166666668,7.77094,1
25-Dec-2023 13:20:00,0.226138565243685,-0.00959262143311419,-0.0504397718108063,17.3747333333332,7.86633,1
25-Dec-2023 13:40:00,0.208794867900314,-0.00778156558518258,-0.045599629001139,17.3858166666667,7.95068666666667,1
25-Dec-2023 14:00:00,0.205709383264023,-0.0162883146111374,-0.034584435596341,17.3835666666666,8.01708333333333,1
25-Dec-2023 14:20:00,0.219311997734413,-0.00697200402741514,-0.0392667163363362,17.3754333333335,8.063785,1
25-Dec-2023 14:40:00,0.223207339825549,-0.00730748986644988,-0.0267251940017293,17.3698083333334,8.09957,1
25-Dec-2023 15:00:00,0.229717031853183,-0.00222165399763926,-0.0114800486590237,17.3733749999999,8.12101333333333,1
25-Dec-2023 15:20:00,0.242430519220815,0.0125761781571881,-0.0225007574531621,17.3695916666667,8.123235,1
25-Dec-2023 15:40:00,0.22548082554663,0.0106082461184131,-0.0133951290740296,17.3251749999998,8.10136166666667,1
25-Dec-2023 16:00:00,0.2316883629658,0.00751177999443567,-0.00509432899875532,17.3184999999999,8.06617333333334,1
25-Dec-2023 16:20:00,0.217117649064904,0.00721075268624172,-0.00397106622160467,17.3343666666667,8.001745,1
25-Dec-2023 16:40:00,0.260878674290204,0.00451464401105188,0.00343495406691229,17.3309749999999,7.90906,1
25-Dec-2023 17:00:00,0.243899258486679,0.00338920018146279,-0.0180611559009675,17.3277499999999,7.80680833333333,1
25-Dec-2023 17:20:00,0.220993045904018,0.0115548317322346,-0.0191849289476319,17.33365,7.68098916666666,1
25-Dec-2023 17:40:00,0.23354804765002,0.0103360696058457,-0.0230673731246693,17.3365833333334,7.54201708333333,1
25-Dec-2023 18:00:00,0.207292730266392,0.0112031402991561,-0.0348036502721667,17.3382750000001,7.38343958333334,1
25-Dec-2023 18:20:00,0.252415081845674,0.0179901100649211,-0.0466311750572087,17.3539416666668,7.21808583333333,1
25-Dec-2023 18:40:00,0.276850667706187,0.019024378308444,-0.0564330037325188,17.3776583333332,7.05013833333333,1
25-Dec-2023 19:00:00,0.245364734890758,-0.0172653921018779,-0.0612676266493722,17.4053,6.879445,1
25-Dec-2023 19:20:00,0.27300855424352,-0.0180253529075921,-0.0440943402517681,17.4207750000001,6.71177125,1
25-Dec-2023 19:40:00,0.278858843432746,-0.00707390168093325,-0.0457099062395284,17.4301916666668,6.55045666666666,1
25-Dec-2023 20:00:00,0.272332242658211,0.018443217540687,-0.0463810953055056,17.4295916666668,6.395415,1
25-Dec-2023 20:20:00,0.289663434203668,0.0235744477314698,-0.0339110114969499,17.4256250000001,6.24925875,1
25-Dec-2023 20:40:00,0.293378192788747,0.023690089409949,-0.0212447941944773,17.4384904086739,6.1200892410342,0.999166666666667
25-Dec-2023 21:00:00,0.288758702731604,0.0105777900548472,-0.0370865839197253,17.4515166666668,6.01241333333334,1
25-Dec-2023 21:20:00,0.295700951552876,0.0169672044326569,-0.0307182775978705,17.4318591079618,5.91678491037932,0.999583333333333
25-Dec-2023 21:40:00,0.287547390948141,0.0222783925222762,-0.0158453810383931,17.4672416666666,5.85944333333334,1
25-Dec-2023 22:00:00,0.287610251104636,-0.000352610450626456,-0.0486405933534293,17.4692,5.81246166666667,1
25-Dec-2023 22:20:00,0.32317711931126,-0.00821011929425233,-0.0511171642502158,17.4231554814506,5.79631971654856,0.999583333333333
25-Dec-2023 22:40:00,0.322728189135813,-0.00465303219935166,-0.0594998849515368,17.34895,5.79580833333333,1
25-Dec-2023 23:00:00,0.290340661222106,-0.017043803893006,-0.0810579451442883,17.3132416666666,5.81566333333333,1
25-Dec-2023 23:20:00,0.320911934161626,-0.0306636858357687,-0.00694139901383655,17.2851271363069,5.85350687786578,0.999583333333333
25-Dec-2023 23:40:00,0.324214397672182,-0.00606886825880446,0.010363604875261,17.2879416666666,5.91041,1
26-Dec-2023 00:00:00,0.305483136104545,0.0193818855740719,-0.0226874120914075,17.3183083333332,5.98863166666667,1
26-Dec-2023 00:20:00,0.288249654565087,-0.0171733996045934,-0.0129087398611988,17.3339833333334,6.08105166666667,1
26-Dec-2023 00:40:00,0.328222686334239,0.00830490059229592,-0.0128222485519313,17.3237916666665,6.18619208333333,1
26-Dec-2023 01:00:00,0.415698481918009,-0.0458628422540665,-0.0133633808018427,17.3207919966652,6.28646185910796,0.999583333333333
26-Dec-2023 01:20:00,0.322013188520454,0.00554562635329989,0.0349897070227466,17.3106166666667,6.41491666666666,1
26-Dec-2023 01:40:00,0.315409285532378,0.0617399515860403,-0.0998602903240881,17.3421666666669,6.52759916666666,1
26-Dec-2023 02:00:00,0.359097001092034,-0.0655724206778468,-0.0537814680461693,17.3676416666667,6.64856208333333,1
26-Dec-2023 02:20:00,0.349086349460555,-0.00192931855449013,0.0729728821630451,17.3509750000002,6.76195625,1
26-Dec-2023 02:40:00,0.37648471329773,0.0592928782772206,0.081985653967202,17.3435750000001,6.86121375,1
26-Dec-2023 03:00:00,0.3578564351298,0.0679215025890399,0.0697913347825875,17.3435833333335,6.96544791666666,1
26-Dec-2023 03:20:00,0.345056127751181,0.060473201042612,0.0727859324413503,17.3503583333335,7.05140375,1
26-Dec-2023 03:40:00,0.31354419093433,0.0556299550677965,0.0292025843037479,17.338175,7.12631875,1
26-Dec-2023 04:00:00,0.347004581722215,-0.0110745950104885,0.0837676851938714,17.3374416666668,7.19142666666666,1
26-Dec-2023 04:20:00,0.428892135595266,0.180114859317609,0.178939878554957,17.3227166666667,7.22529458333334,1
26-Dec-2023 04:40:00,0.332042448588699,-0.0090666359399221,0.142398283546069,17.3302750000001,7.26287041666667,1
26-Dec-2023 05:00:00,0.334519433601204,0.101630294553612,0.0568651641547036,17.3176083333332,7.27392208333334,1
26-Dec-2023 05:20:00,0.329788472516369,-0.0162413920812841,0.134377467764026,17.3479750000001,7.27680041666667,1
26-Dec-2023 05:40:00,0.308280227785531,-0.00687402282943976,0.0972763603664564,17.3793333333333,7.27036458333333,1
26-Dec-2023 06:00:00,0.338819641608227,-0.00193139861551998,0.0667093133435904,17.3756500000001,7.24291875,1
26-Dec-2023 06:20:00,0.275444945581895,-0.0695236699472052,0.0479721168456293,17.3327916666666,7.20753125,1
26-Dec-2023 06:40:00,0.326336801203355,-0.052767966891601,0.0227227285296509,17.332075,7.1697725,1
26-Dec-2023 07:00:00,0.287976970833539,-0.0114864612523687,-0.0768129431679117,17.3441416666668,7.11486708333333,1
26-Dec-2023 07:20:00,0.365248752653621,-0.021402378198701,-0.0796724195324404,17.3373916666667,7.06255,1
26-Dec-2023 07:40:00,0.326299063981624,-0.0307463154595218,-0.0678929291716991,17.2787333333336,7.01518041666666,1
26-Dec-2023 08:00:00,0.283106352522312,-0.0197716246417868,-0.0448083165681208,17.2805833333334,6.97847125,1
26-Dec-2023 08:20:00,0.351094989882763,-0.0116853963079124,-0.0855473937504439,17.2831054606087,6.94648020008337,0.999583333333333
26-Dec-2023 08:40:00,0.354606953320372,0.00483053559702363,0.00258243679128383,17.2614000000001,6.9168325,1
26-Dec-2023 09:00:00,0.361950454833875,0.0250641149429129,-0.00839204001891037,17.20975,6.88886375,1
26-Dec-2023 09:20:00,0.363835153004836,0.0474835519317168,-0.0557272827886873,17.2032166666665,6.87160541666667,1
26-Dec-2023 09:40:00,0.348267367806014,0.00514354228013233,-0.0714855895591784,17.2288083333332,6.87602958333333,1
26-Dec-2023 10:00:00,0.33842720514722,-0.0140141490282766,-0.0698330242730287,17.2413749999999,6.89749875,1
26-Dec-2023 10:20:00,0.402416775743739,-0.0192322872918527,-0.0582614712494161,17.2358256880732,6.92022602168474,0.999166666666667
26-Dec-2023 10:40:00,0.344996908593061,-0.0157000603514885,-0.0475484229184715,17.244322634431,6.96526260942059,0.999583333333333
26-Dec-2023 11:00:00,0.358492620480028,0.000558528732880404,-0.0503746563676658,17.2695664860361,7.03097999166319,0.999583333333333
26-Dec-2023 11:20:00,0.279544078288273,0.00162559599984467,-0.0518965934926504,17.2893083333333,7.09638833333333,1
26-Dec-2023 11:40:00,0.364632715079753,0.00457431864462225,-0.0894562839151862,17.2595749999999,7.16517166666666,1
26-Dec-2023 12:00:00,0.311336191230668,-0.0117987558482908,-0.090613934906291,17.2983333333334,7.25552125,1
26-Dec-2023 12:20:00,0.277867051653028,-0.0145079020725128,-0.0707145109982706,17.327175,7.35231666666666,1
26-Dec-2023 12:40:00,0.317170089068764,-0.0285344433617462,-0.0327158193504738,17.3283499999999,7.45126125,1
26-Dec-2023 13:00:00,0.302656271624912,-0.0206646554704864,-0.0587687639631527,17.3241499999999,7.56247,1
26-Dec-2023 13:20:00,0.302711551184542,0.0139995359981352,-0.0485641480658329,17.2584083333332,7.65976833333333,1
26-Dec-2023 13:40:00,0.30497988965324,0.0217253507232378,-0.0279750665272108,17.2203166666667,7.76460833333334,1
26-Dec-2023 14:00:00,0.325710134635199,0.00248028630337458,0.0140250823838055,17.1406999999999,7.83597458333334,1
26-Dec-2023 14:20:00,0.259441313065957,0.00340840409580358,0.0187528229591057,17.1330583333334,7.92467,1
26-Dec-2023 14:40:00,0.29362849482326,-0.00551365441705054,0.0169981304665631,17.0844166666666,7.98479666666667,1
26-Dec-2023 15:00:00,0.332188215117137,-0.0294004783324017,0.0232233584560452,17.0435583333334,8.03022666666667,1
26-Dec-2023 15:20:00,0.31731433687851,-0.00416600125817944,-0.013500033751688,17.0425250000001,8.07174166666667,1
26-Dec-2023 15:40:00,0.311856779757952,0.0180039605680558,-0.0225246847301219,17.0610333333333,8.10291333333333,1
26-Dec-2023 16:00:00,0.29498221368716,-0.0106969652481497,-0.0710786223116028,17.0701333333332,8.10033833333333,1
26-Dec-2023 16:20:00,0.284188637228955,-0.052661814067935,0.000902075009172947,17.0766916666666,8.07623833333333,1
26-Dec-2023 16:40:00,0.297102927396985,-0.00755006463997721,0.0636848616070406,17.0629416666667,8.030535,1
26-Dec-2023 17:00:00,0.290757413372611,0.033205892935848,0.0589445372015674,17.0724499999999,7.96021666666666,1
26-Dec-2023 17:20:00,0.322131560696887,0.0736330694494543,0.0352477826959927,17.0927916666669,7.87710833333333,1
26-Dec-2023 17:40:00,0.296917307956767,0.0694160855626558,0.19305027147946,17.0991250000002,7.77364666666667,1
26-Dec-2023 18:00:00,0.288878561941276,0.0466398947170576,0.0774990778459958,17.1030166666668,7.6448675,1
26-Dec-2023 18:20:00,0.283161188822438,-0.0233635204296927,0.0525187389423696,17.1069666666668,7.50807791666667,1
26-Dec-2023 18:40:00,0.300585256028513,0.0280600986640962,0.039892053872965,17.1155583333333,7.34744333333333,1
26-Dec-2023 19:00:00,0.362523187405598,-0.0191352567790236,0.093097940638257,17.1959583333331,7.1772875,1
26-Dec-2023 19:20:00,0.311038252194584,0.0335158804970766,0.00138226098255288,17.2150749999999,7.01262333333333,1
26-Dec-2023 19:40:00,0.305513481970554,0.0869038905591575,0.0974265215027882,17.2201583333333,6.8466075,1
26-Dec-2023 20:00:00,0.292273561762707,0.0329690796011448,0.126430370001277,17.2350666666664,6.67994,1
26-Dec-2023 20:20:00,0.304162551075418,-0.0178301360845803,0.0963356489391937,17.2370166666666,6.51622291666667,1
26-Dec-2023 20:40:00,0.351748020377704,0.0984882034943589,0.0348313446078897,17.2674166666669,6.36050791666667,1
26-Dec-2023 21:00:00,0.326585802564845,0.050470792367854,-0.004948991340346,17.2384999999998,6.22793208333334,1
26-Dec-2023 21:20:00,0.350393298215658,0.0432510446983414,-0.0384227393872755,17.2565500000002,6.10224791666667,1
26-Dec-2023 21:40:00,0.287138603601852,0.0237306736148702,-0.0564248200778986,17.2828887036265,5.99603626511046,0.999583333333333
26-Dec-2023 22:00:00,0.304498900779566,0.00573530172319851,-0.0380164814997191,17.2925949103047,5.90424906132666,0.99875
26-Dec-2023 22:20:00,0.338532625329733,0.00783163455959918,-0.0466771120221847,17.2814500000001,5.84578166666667,1
26-Dec-2023 22:40:00,0.312569822204086,0.00589650833133296,-0.0381086762473059,17.2664485202169,5.79837557315548,0.999583333333333
26-Dec-2023 23:00:00,0.28134729113942,0.0164050506544985,-0.0435289643586784,17.2580416666668,5.78278333333333,1
26-Dec-2023 23:20:00,0.291117279332702,0.0163209455249465,-0.0465762529096478,17.2492663609837,5.7847065443935,0.999583333333333
26-Dec-2023 23:40:00,0.31176703867906,0.0216444424191855,-0.052965740782538,17.2406583333332,5.80427166666667,1
27-Dec-2023 00:00:00,0.361251953940441,0.0168823673918099,-0.0614323821998586,17.2336223426425,5.84519508128387,0.999583333333333
27-Dec-2023 00:20:00,0.282402497975645,0.00879842661013555,-0.0793763373217045,17.2720500000002,5.913065,1
27-Dec-2023 00:40:00,0.264586883137673,0.0100811327883908,-0.0697806712432371,17.2854333333334,5.98158333333333,1
27-Dec-2023 01:00:00,0.279178811129404,-0.0020941083280417,-0.0631255505942489,17.2798750000001,6.07669833333334,1
27-Dec-2023 01:20:00,0.284228602019381,-0.0122106860009215,-0.0781345778048243,17.3047583333334,6.1827975,1
27-Dec-2023 01:40:00,0.315946687042866,-0.0126921545820041,-0.0826441459227077,17.3517750000001,6.29432208333333,1
27-Dec-2023 02:00:00,0.246188210376493,-0.0183019527025713,-0.0721101443104578,17.3818583333333,6.41994208333334,1
27-Dec-2023 02:20:00,0.247181931638073,-0.00860024416761834,-0.0664720599918676,17.389075,6.53698625,1
27-Dec-2023 02:40:00,0.286964238632362,-0.0186401118214803,-0.0666389689513939,17.3825416666667,6.64199666666667,1
27-Dec-2023 03:00:00,0.244837079228301,-0.00999553372929193,-0.0614144729262511,17.3744666666667,6.75463291666666,1
27-Dec-2023 03:20:00,0.298273387423339,-0.0203256398508154,-0.0468876665569161,17.3632833333333,6.85944416666666,1
27-Dec-2023 03:40:00,0.248967863724339,-0.0137240019599616,-0.0343395420737155,17.3488000000002,6.95406041666666,1
27-Dec-2023 04:00:00,0.241834475976986,-0.00362890573435297,-0.00383394295853008,17.3438750000001,7.04831666666666,1
27-Dec-2023 04:20:00,0.223044794277613,-0.0123342560461436,0.00406237753302425,17.3378416666667,7.12605083333333,1
27-Dec-2023 04:40:00,0.254013440128834,-0.025580929236646,0.0187658843838323,17.3192833333332,7.18513166666667,1
27-Dec-2023 05:00:00,0.270511552742209,-0.0272441863633725,0.0160175284535901,17.30525,7.22434458333333,1
27-Dec-2023 05:20:00,0.281314431628232,-0.011026940598711,0.0260484362288969,17.29785,7.25243291666666,1
27-Dec-2023 05:40:00,0.265153471537954,-0.0128286665582937,0.0397096323866231,17.2980908711964,7.2707123801584,0.999583333333333
27-Dec-2023 06:00:00,0.260562755079819,-0.0241259524550211,0.0546142976553225,17.2908083333335,7.27224333333333,1
27-Dec-2023 06:20:00,0.242537553156355,-0.0160932602291501,0.0563146023944821,17.2831666666668,7.25722416666667,1
27-Dec-2023 06:40:00,0.258810228687176,-0.0230013339859872,0.0601941388956043,17.278295122968,7.23780200083368,0.999583333333333
27-Dec-2023 07:00:00,0.244427681079334,-0.0240116234775747,0.049336073084838,17.2626833333334,7.20865541666667,1
27-Dec-2023 07:20:00,0.261457777096396,-0.00999325108725592,0.0489375379873639,17.2350333333331,7.1658975,1
27-Dec-2023 07:40:00,0.263482732005633,-0.0104918553229475,0.0502288637931125,17.2238833333332,7.11185083333333,1
27-Dec-2023 08:00:00,0.239335912810856,-0.0280612675730518,0.0481344974965951,17.2053666666668,7.07772416666667,1
27-Dec-2023 08:20:00,0.282996151842235,-0.000574661476646032,0.0456805308545692,17.1803916666666,7.02926541666667,1
27-Dec-2023 08:40:00,0.259749937185036,-0.032463237527073,0.0189649807818536,17.1554749999998,6.97940875,1
27-Dec-2023 09:00:00,0.268363290510061,-0.0133253762977966,0.0169436854402355,17.1588999999999,6.94761625,1
27-Dec-2023 09:20:00,0.237294494506037,0.0209051040975747,0.0565042393027691,17.1486749999999,6.9280375,1
27-Dec-2023 09:40:00,0.271140161624612,0.0230526910840275,0.0741937377604493,17.1236666666668,6.90545,1
27-Dec-2023 10:00:00,0.238665676791573,-0.00275811065311794,0.0466362968703127,17.1011250000002,6.89284375,1
27-Dec-2023 10:20:00,0.269847500153085,-0.0206305955913355,0.008241137927026,17.1192666666665,6.90444874999999,1
27-Dec-2023 10:40:00,0.255596757973521,-0.0203644439824905,-0.0087280456746187,17.1426249999999,6.91821708333333,1
27-Dec-2023 11:00:00,0.271738053960557,-0.0104671526476345,-0.0450295620130349,17.1292750000001,6.93356124999999,1
27-Dec-2023 11:20:00,0.250113967883038,-0.0255308259376496,-0.0843371368543792,17.087925,6.972105,1
27-Dec-2023 11:40:00,0.265550448041271,-0.0362044659898654,-0.0667376942109327,17.0654666666666,7.03211291666667,1
27-Dec-2023 12:00:00,0.273900547956337,-0.0408640824843578,-0.049036156652793,17.0552333333333,7.08963958333333,1
27-Dec-2023 12:20:00,0.290911911704417,-0.0239179330545479,-0.0465634790410265,17.0449916666668,7.1612125,1
27-Dec-2023 12:40:00,0.271122762723012,-0.0233659077705244,-0.0502470733538577,17.0357666666667,7.25090458333334,1
27-Dec-2023 13:00:00,0.24675827368287,-0.0270704397076037,-0.0197117143042054,17.0358666666667,7.35069416666667,1
27-Dec-2023 13:20:00,0.259462673044987,-0.0313254202874965,-0.0193237756444173,17.0578991246353,7.45172488536891,0.999583333333333
27-Dec-2023 13:40:00,0.307910981690296,-0.0131466856653234,-0.0219312566110424,17.0761249999999,7.5391625,1
27-Dec-2023 14:00:00,0.292560071245832,-0.00974268864835748,-0.0281167815995937,17.0788833333333,7.63725583333334,1
27-Dec-2023 14:20:00,0.306134177504623,-0.00128331584585674,-0.0337643486914526,17.0797249999999,7.72770333333334,1
27-Dec-2023 14:40:00,0.265305697797963,0.0125602459342085,-0.031440094807455,17.0594083333335,7.81226333333333,1
27-Dec-2023 15:00:00,0.276490510699432,0.00655533077243536,0.00200802314813939,17.0349416666668,7.89679833333333,1
27-Dec-2023 15:20:00,0.304993005946728,0.00221032390720578,0.00962012896600262,17.0413249999999,7.96352666666666,1
27-Dec-2023 15:40:00,0.304616777003429,0.0125795146066218,0.0103061343964719,17.0625249999999,8.012685,1
27-Dec-2023 16:00:00,0.315235661414935,0.0464412962026929,0.00587667461700107,17.0394499999999,8.04396666666667,1
27-Dec-2023 16:20:00,0.348791407553845,0.0363448308932954,0.00170558365455853,16.9372583333334,8.05415833333333,1
27-Dec-2023 16:40:00,0.283302983314608,-0.00215904039805702,0.00052536102984421,16.9255416666668,8.05301833333333,1
27-Dec-2023 17:00:00,0.322305184689177,-0.0230733820758721,0.0360739207591755,16.93225,8.01693500000001,1
27-Dec-2023 17:20:00,0.336468160514405,-0.031737434416346,0.0273382185389591,17.0029666666668,7.97101833333333,1
27-Dec-2023 17:40:00,0.28694206224086,0.0139794472980161,0.0331115467357401,17.0066166666666,7.91405833333333,1
27-Dec-2023 18:00:00,0.287669449572311,0.037321928741074,0.0467537047774157,16.9912416666665,7.81108,1
27-Dec-2023 18:20:00,0.311575349897323,0.0301554898863423,0.058458510022574,16.9930333333332,7.69722291666667,1
27-Dec-2023 18:40:00,0.300367914506105,-0.028504809153295,0.0601557517053203,17.0147144643604,7.57626511046269,0.999583333333333
27-Dec-2023 19:00:00,0.319390527574655,-0.0582552210583244,-0.0105261880508228,17.0545,7.43746833333333,1
27-Dec-2023 19:20:00,0.326457765204737,0.075243355079065,0.0491648014263039,17.0807,7.28800041666667,1
27-Dec-2023 19:40:00,0.307416730319794,0.0212722032604256,0.0603163482403005,17.0971916666669,7.12287083333333,1
27-Dec-2023 20:00:00,0.348482939827843,-0.00263940476876069,0.0324629514775855,17.10995,6.95775875,1
27-Dec-2023 20:20:00,0.275649457628692,-0.00382974219939181,0.0212607422951843,17.1244249999999,6.7946325,1
27-Dec-2023 20:40:00,0.299889731891073,-0.0133366860373219,0.0167515719172421,17.1218000000001,6.63616666666667,1
27-Dec-2023 21:00:00,0.328552953656297,0.00245922732447994,0.02288527758505,17.1162083333334,6.4885575,1
27-Dec-2023 21:20:00,0.359056447005816,0.0271789430880175,0.0212766033460585,17.1261416666666,6.34538625,1
27-Dec-2023 21:40:00,0.374069495238866,0.0350453330787672,0.0181000286432041,17.1428,6.21619958333333,1
27-Dec-2023 22:00:00,0.359532013093494,0.0112122552040245,0.0255404837259379,17.1620416666666,6.09869541666667,1
27-Dec-2023 22:20:00,0.340956431762855,0.00405518821007758,0.0107667086718847,17.1866083333333,6.00931666666667,1
27-Dec-2023 22:40:00,0.37695369691484,0.0150506340802396,-0.0207487844725031,17.2023916666667,5.91778,1
27-Dec-2023 23:00:00,0.337056069560005,0.036358043575761,-0.0189484471764231,17.2020833333332,5.86254166666667,1
27-Dec-2023 23:20:00,0.370839285548251,0.0247386946914466,-0.00546095436346964,17.2181166666666,5.82918333333333,1
27-Dec-2023 23:40:00,0.356839292473502,0.0260708247922913,0.00498377766797701,17.2360416666665,5.81295666666667,1
28-Dec-2023 00:00:00,0.325410838162472,0.0318828285173866,-0.0232802948158922,17.2731249999999,5.82238,1
28-Dec-2023 00:20:00,0.369098999309599,0.0169004956029259,-0.00476960243218767,17.3000583333334,5.841135,1
28-Dec-2023 00:40:00,0.328046214528936,-6.90550171234054e-05,-0.00593103706747105,17.2393666666664,5.89056166666667,1
28-Dec-2023 01:00:00,0.361696526904498,0.00983839497809976,-0.030490604771495,17.2168166666666,5.93927375,1
28-Dec-2023 01:20:00,0.348698934204721,0.0117112001396629,-0.0484441562498081,17.2194999999999,6.01161125,1
28-Dec-2023 01:40:00,0.314740799907608,0.018557356383342,-0.0307327356794522,17.2326666666665,6.09917708333333,1
28-Dec-2023 02:00:00,0.307432972159595,0.00499537105071375,-0.0319268688822152,17.2333583646222,6.20256403838131,0.99875
28-Dec-2023 02:20:00,0.332211332768825,0.00610811384508525,-0.0435381710123627,17.2287813021701,6.30682387312187,0.998333333333333
28-Dec-2023 02:40:00,0.341026176480164,0.00123602347882343,-0.0434206766049473,17.2315004191112,6.41232439228835,0.994166666666667
28-Dec-2023 03:00:00,0.359978143622308,-0.00542689988300062,-0.0440541239461037,17.2283749999998,6.51936416666667,1
28-Dec-2023 03:20:00,0.33393758462471,-0.000651961387747254,-0.0457870313773913,17.2267583333332,6.63431874999999,1
28-Dec-2023 03:40:00,0.294280835424546,-0.00687223470733162,-0.0392337747484468,17.2385166666665,6.73725916666667,1
28-Dec-2023 04:00:00,0.341298967017371,-0.00862096613356153,-0.0564499840969868,17.2416736227044,6.83372245409015,0.998333333333333
28-Dec-2023 04:20:00,0.297033861273334,-0.0056905034334554,-0.0531745102708032,17.2485833333333,6.928415,1
28-Dec-2023 04:40:00,0.283688559715309,-0.0063438064460051,-0.0662544742308463,17.2538307628179,7.00905752396832,0.999583333333333
28-Dec-2023 05:00:00,0.282336812941199,-0.012065432117485,-0.0415752282370577,17.2557333333334,7.07557291666667,1
28-Dec-2023 05:20:00,0.319450488018799,-0.000892320818289504,-0.0300273967376424,17.2501918265221,7.13498707256046,0.999166666666667
28-Dec-2023 05:40:00,0.286104676405385,-0.00519133747780147,0.00269294112152515,17.2451271363067,7.17735056273447,0.999583333333333
28-Dec-2023 06:00:00,0.266013432810802,-0.0116104873765109,0.00813369657896475,17.2352333333331,7.2022225,1
28-Dec-2023 06:20:00,0.268696745665472,-0.014637847095945,0.0181765963950078,17.2282742809502,7.21479366402668,0.999583333333333
28-Dec-2023 06:40:00,0.316479211028196,-0.0202516227950179,0.0307256069625054,17.2208378491037,7.20736348478533,0.999583333333333
28-Dec-2023 07:00:00,0.277593531760546,-0.0249639058290623,0.0391238834877478,17.2168403501458,7.20625135473114,0.999583333333333
28-Dec-2023 07:20:00,0.314450007216113,-0.024050460237946,0.0477365238601204,17.2090583333332,7.18327249999999,1
28-Dec-2023 07:40:00,0.296111051925174,-0.0259154896861965,0.0475888882241472,17.2068583333332,7.14627416666667,1
28-Dec-2023 08:00:00,0.278788420522501,-0.0123954407081544,0.0667165203686618,17.2060999999998,7.11203,1
28-Dec-2023 08:20:00,0.276586977221262,0.000999695016155072,0.0845728172025378,17.1957333333333,7.06306625,1
28-Dec-2023 08:40:00,0.264068258692568,-0.0177362830237059,0.0697081559153755,17.186275,7.02162916666667,1
28-Dec-2023 09:00:00,0.280459719527386,-0.0316056508472484,0.0722962839651019,17.1957,6.98468333333333,1
28-Dec-2023 09:20:00,0.302062766085458,0.00502680783526355,0.0969865772724307,17.1745166666668,6.94763083333333,1
28-Dec-2023 09:40:00,0.285537184064151,-0.0160442398862688,0.0930730711633658,17.1972083333332,6.92315666666666,1
28-Dec-2023 10:00:00,0.297372488739731,-0.011546206479357,0.090620061139051,17.199975,6.89720458333334,1
28-Dec-2023 10:20:00,0.294104256579383,-0.0201218344958778,0.0723528532052413,17.2051833333333,6.87615375,1
28-Dec-2023 10:40:00,0.326522287177657,-0.0361898479767814,0.05638140041264,17.172475,6.85711208333333,1
28-Dec-2023 11:00:00,0.320042850034222,-0.0180984785007493,0.0332513078550622,17.1422083333333,6.85705749999999,1
28-Dec-2023 11:20:00,0.317437479246422,-0.0288128226282131,0.0322281383811806,17.1479083333332,6.87397125,1
28-Dec-2023 11:40:00,0.357919174728369,-0.0140391242021674,0.0281813304384682,17.1583166666665,6.90194583333333,1
28-Dec-2023 12:00:00,0.340815864836598,-0.0150826180576748,0.0165990100579348,17.1586249999999,6.94887083333333,1
28-Dec-2023 12:20:00,0.340384652317538,0.00374248168673543,0.020758198838774,17.1595416666666,7.00702791666667,1
28-Dec-2023 12:40:00,0.338240529506297,-0.00617188967850302,0.0231783321641096,17.1569833333332,7.07267166666667,1
28-Dec-2023 13:00:00,0.345124709991291,-0.00657095935691973,0.0227599114924864,17.1542416666665,7.14384708333333,1
28-Dec-2023 13:20:00,0.405858219389212,-0.00510269109471645,-0.00205244204105201,17.1566930775645,7.22180483736447,0.999166666666667
28-Dec-2023 13:40:00,0.363790990589873,0.0161872386899796,-0.0260857486163474,17.1619083333333,7.31510041666667,1
28-Dec-2023 14:00:00,0.389680965301179,0.0417184447216308,0.0094323271177251,17.1310666666667,7.41511458333333,1
28-Dec-2023 14:20:00,0.426075410761939,-0.0144811198461405,-0.0057610928662456,17.0895916666667,7.50584583333333,1
28-Dec-2023 14:40:00,0.414149031085925,0.0159673338871437,-0.0370727460836979,17.0943929912391,7.6097876512307,0.99875
28-Dec-2023 15:00:00,0.451683687556521,0.0248434246027321,-0.00446944279019173,17.0914416666668,7.68769,1
28-Dec-2023 15:20:00,0.387136059862487,0.00713173448634952,-0.0112294730019198,17.0978666666668,7.77751375,1
28-Dec-2023 15:40:00,0.408144591548208,-0.0313338551626069,0.0189114350241019,17.1132833333332,7.84205333333333,1
28-Dec-2023 16:00:00,0.424877994518934,-0.0204154143148143,0.0663023130306723,17.1331666666667,7.90304041666666,1
28-Dec-2023 16:20:00,0.412730852668176,0.0632987047444838,-0.0298025736044785,17.1350666666666,7.94921375,1
28-Dec-2023 16:40:00,0.410920584089531,0.0245500567578207,-0.0763927318690851,17.0801833333335,7.9766575,1
28-Dec-2023 17:00:00,0.399462491090984,0.0540850479866379,-0.0563618739225449,17.0322500000001,7.99240666666667,1
28-Dec-2023 17:20:00,0.395843704527685,0.0141739991301544,0.0408680342245043,17.0497166666667,7.98865041666666,1
28-Dec-2023 17:40:00,0.381191584134589,-0.0267285409984201,-0.0402143528310289,17.0601416666667,7.95319166666666,1
28-Dec-2023 18:00:00,0.388112162835606,-0.00671551977487213,-0.0320786360727412,17.104875,7.89492333333333,1
28-Dec-2023 18:20:00,0.405203713516179,-0.000849565784890877,-0.0557756298183966,17.1495081283867,7.81531263026261,0.999583333333333
28-Dec-2023 18:40:00,0.443363906866812,0.00553820058193245,-0.0581563654396585,17.1723509795749,7.71807002917882,0.999583333333333
28-Dec-2023 19:00:00,0.434347422549118,0.0382910203591824,-0.0599059126492238,17.1840391829931,7.61042100875365,0.999583333333333
28-Dec-2023 19:20:00,0.497426953950662,0.0327144123783272,-0.0449535937672437,17.185075,7.4813875,1
28-Dec-2023 19:40:00,0.534626360559551,0.0546888199839025,-0.0558055510787953,17.1545954962469,7.34447164303586,0.999166666666667
28-Dec-2023 20:00:00,0.538562969378048,0.0745460210919372,-0.0784183625603791,17.1735833333333,7.20285458333333,1
28-Dec-2023 20:20:00,0.572569888025089,-0.0774774006709993,-0.0943139593183997,17.1839999999999,7.046475,1
28-Dec-2023 20:40:00,0.63978063920005,0.179698170092849,-0.0166304777482075,17.2602250000001,6.88405541666667,1
28-Dec-2023 21:00:00,0.670029288788359,0.0261244233926949,-0.219582319840498,17.2638830897705,6.72310814196242,0.997916666666667
28-Dec-2023 21:20:00,0.625142602985539,0.00436138463344266,-0.150361038036388,17.2710888610766,6.57227993324989,0.99875
28-Dec-2023 21:40:00,0.724643100991233,0.209959297989669,-5.78978709449854e-05,17.3211592994161,6.40237239366138,0.999166666666667
28-Dec-2023 22:00:00,0.792138654766491,0.37344112482026,0.294599006650604,17.3418757815758,6.26633930804502,0.999583333333333
28-Dec-2023 22:20:00,0.813887847269114,-0.0481557910815961,-0.284618685782184,17.3761250000002,6.16171291666666,1
28-Dec-2023 22:40:00,0.840098156570166,-0.0348149791194621,-0.340626728513986,17.365079631182,6.04924015088013,0.994166666666667
28-Dec-2023 23:00:00,0.789244847550263,-0.102522111226556,-0.159031156459971,17.3595688572626,5.99242109669318,0.995416666666667
28-Dec-2023 23:20:00,0.787449963653981,0.166389157602688,0.112216957604029,17.3678750000001,5.8934275,1
28-Dec-2023 23:40:00,0.934713769854898,0.376393838158333,0.175638103678554,17.3699635701274,5.82277094717668,0.915
29-Dec-2023 00:00:00,0.920684141036177,0.360586359627829,0.391203631017337,17.369601087942,5.79795920217589,0.919166666666667
29-Dec-2023 00:20:00,0.81559674494689,0.129529076032055,0.313241569735096,17.3570676691729,5.80709816207185,0.9975
29-Dec-2023 00:40:00,0.904719890120145,0.29235391285625,0.506578579209137,17.3395203289173,5.78976107811787,0.912083333333333
29-Dec-2023 01:00:00,0.864408018598108,0.136509376117401,0.306507453674974,17.317650442478,5.83179690265486,0.941666666666667
29-Dec-2023 01:20:00,0.896257955425556,0.138143280125996,0.128336195090479,17.3254407836153,5.88250089047195,0.935833333333333
29-Dec-2023 01:40:00,0.839841221543444,0.149934270155307,0.103003041180519,17.3245274061285,5.94645274061286,0.965416666666667
29-Dec-2023 02:00:00,0.859936116030657,0.263916578057549,0.232834123009387,17.3175444538526,6.02021845893311,0.984166666666667
29-Dec-2023 02:20:00,0.950905288042223,0.619364212940729,0.231373698025569,17.3104469548135,6.04993565815324,0.848333333333333
29-Dec-2023 02:40:00,0.850249506084069,0.472950588383813,0.269966626203977,17.3050459981601,6.17851379944802,0.905833333333333
29-Dec-2023 03:00:00,0.93504602665278,0.47934551433609,0.33059368329805,17.2922905759164,6.24130715532286,0.955
29-Dec-2023 03:20:00,0.982615171181334,0.661206555214195,0.559419732976033,17.2790796635329,6.35849282533399,0.842083333333333
29-Dec-2023 03:40:00,0.970387263619214,0.547813272783499,0.431332722356413,17.2637639311045,6.47403191489362,0.8225
29-Dec-2023 04:00:00,0.859381740399312,0.391367517256894,0.535253366981236,17.2484725426857,6.59154545454545,0.902916666666667
29-Dec-2023 04:20:00,0.873229249682898,0.280069167356365,0.279853555765552,17.2201747930082,6.68009705611775,0.905833333333333
29-Dec-2023 04:40:00,0.881982998054618,0.150819793526067,0.290624372793191,17.182326939116,6.7792869057548,0.999166666666667
29-Dec-2023 05:00:00,0.826987666899228,0.186461024376263,0.391923541757541,17.186702082448,6.86267445813855,0.980416666666667
29-Dec-2023 05:20:00,0.754355807106368,0.040518135047499,0.106563397223791,17.1943619683068,6.95197122602168,0.999166666666667
29-Dec-2023 05:40:00,0.833605184764116,0.0442517350661547,0.05668717514426,17.2194842767295,7.00057693920335,0.99375
29-Dec-2023 06:00:00,0.887759099075935,0.0470666355547515,-0.0331486014211528,17.2092820512821,7.05080982905983,0.975
29-Dec-2023 06:20:00,0.82439805945435,0.149617182946984,0.0978115195352016,17.182754590985,7.08270659432387,0.998333333333333
29-Dec-2023 06:40:00,0.825534832032454,0.122277931022981,-0.109555737508565,17.1675656523552,7.12764151729887,0.999583333333333
29-Dec-2023 07:00:00,0.819254188430786,0.092799475120408,-0.0816262271709482,17.1553211009172,7.12345996663886,0.999166666666667
29-Dec-2023 07:20:00,0.728182488825405,0.0244967141580949,0.193824328273004,17.12351836394,7.15455592654424,0.998333333333333
29-Dec-2023 07:40:00,0.857991946965392,0.248221867317155,0.225961642624011,17.1094875107666,7.11691214470284,0.9675
29-Dec-2023 08:00:00,0.725858114442847,0.103321947112581,0.110131746448632,17.1014643304132,7.10814226115978,0.99875
29-Dec-2023 08:20:00,0.817914358904377,0.0923319774069244,0.24258640472463,17.088679481822,7.08247806101128,0.997083333333333
29-Dec-2023 08:40:00,0.699599772983766,0.0622209962829279,0.25957999387575,17.0898833333335,7.04431583333333,1
29-Dec-2023 09:00:00,0.737627664940113,0.0371138855162955,0.182460407286491,17.0926831310173,7.00619464210967,0.995416666666667
29-Dec-2023 09:20:00,0.742707361604492,0.031184606570227,0.187922521925661,17.0899874634351,6.97350940242373,0.997083333333333
29-Dec-2023 09:40:00,0.713109798546216,0.0428780917187079,0.152137501449948,17.0972579298833,6.92693238731219,0.998333333333333
29-Dec-2023 10:00:00,0.71864534296033,0.0368279601423001,0.0209458115371129,17.0965370138019,6.8995173567545,0.99625
29-Dec-2023 10:20:00,0.727969696912025,0.0904837273347908,-0.0116383700646655,17.0730385582563,6.85923889354568,0.994166666666667
29-Dec-2023 10:40:00,0.791699804687431,0.224673599701341,0.176774105445335,17.0540592407175,6.82330204422194,0.99875
29-Dec-2023 11:00:00,0.681837953738686,-0.119850175036308,0.240591598970226,17.0447978324302,6.84256815339725,0.999583333333333
29-Dec-2023 11:20:00,0.648277211315055,-0.0503267178669346,-0.0253840003662599,17.0404554951945,6.83268700376097,0.997083333333333
29-Dec-2023 11:40:00,0.677723653511926,0.0139872005079714,0.0322387611464569,17.0286388308978,6.84553528183716,0.997916666666667
29-Dec-2023 12:00:00,0.70462498449721,0.0143323254154602,0.0525867671069646,17.021597657884,6.86158218318695,0.99625
29-Dec-2023 12:20:00,0.771120145366941,0.101696565753372,0.0124208279714271,17.0242404006679,6.86971243739565,0.998333333333333
29-Dec-2023 12:40:00,0.64861916892749,0.0454112470843996,0.0162549244269038,17.0275739891622,6.93461734055856,0.999583333333333
29-Dec-2023 13:00:00,0.708723631116858,0.0466341093916573,0.0162063259792685,17.0246195652175,6.99160200668896,0.996666666666667
29-Dec-2023 13:20:00,0.681254317601672,0.183529497011594,0.0931732970608263,17.0256957793566,7.06050146259924,0.997083333333333
29-Dec-2023 13:40:00,0.663465898195632,-0.0074514743944974,0.157454652795346,17.0196288573814,7.1357072560467,0.999166666666667
29-Dec-2023 14:00:00,0.6580849562843,0.0402066167465077,-0.0914115653352458,17.024605427975,7.21617995824635,0.997916666666667
29-Dec-2023 14:20:00,0.689436369354926,0.0485312219062187,0.0159823391903784,17.0127428095042,7.28602292621926,0.999583333333333
29-Dec-2023 14:40:00,0.707600205940326,0.227974674033215,0.279241297492238,17.0185321100918,7.36609924937448,0.999166666666667
29-Dec-2023 15:00:00,0.710174297962644,0.229846000430949,-0.100046027924586,17.001263026261,7.45088120050021,0.999583333333333
29-Dec-2023 15:20:00,0.759854590283507,0.297985965821395,0.10867084472977,17.0172280116718,7.54043351396415,0.999583333333333
29-Dec-2023 15:40:00,0.65067142827763,0.394988903162354,0.195484140543452,17.0525593997499,7.62374989578991,0.999583333333333
29-Dec-2023 16:00:00,0.577593558805705,0.114929669862811,0.233496679051616,17.0516340141725,7.71102792830346,0.999583333333333
29-Dec-2023 16:20:00,0.67215150976314,0.239813143018826,0.284272064515213,17.0558833333333,7.754645,1
29-Dec-2023 16:40:00,0.674805891622346,0.308713714638098,0.074784664931453,17.0569661512745,7.80265775177602,0.997083333333333
29-Dec-2023 17:00:00,0.572309006835574,0.179444061710144,0.255882231582329,17.0464166666666,7.84951875,1
29-Dec-2023 17:20:00,0.681717941983286,0.3340373115821,0.119428504718514,17.0702838063438,7.84882679465776,0.998333333333333
29-Dec-2023 17:40:00,0.670861047006683,0.0849355793390494,0.173751522259048,17.08315,7.85980583333334,1
29-Dec-2023 18:00:00,0.573738945260731,0.0569968382169773,0.121436964969965,17.060725,7.856295,1
29-Dec-2023 18:20:00,0.635284572749308,0.0674829142195719,0.134822891279002,17.1081000000001,7.79326666666667,1
29-Dec-2023 18:40:00,0.616245128778288,0.11317165379246,0.189815364713857,17.0958757297748,7.74950625521268,0.999166666666667
29-Dec-2023 19:00:00,0.628750249947216,0.220391068430591,0.486423302950654,17.1450604418506,7.66478199249687,0.999583333333333
29-Dec-2023 19:20:00,0.638137769380336,0.00096620683793272,0.320734689504326,17.1437749999999,7.57681291666666,1
29-Dec-2023 19:40:00,0.596495128647029,-0.0108573440804866,-0.0323619266776394,17.1553336113427,7.48355004170142,0.999166666666667
29-Dec-2023 20:00:00,0.633933909523944,-0.000614333588045,-0.0147307379244922,17.1671583333334,7.35336625,1
29-Dec-2023 20:20:00,0.588424207286923,-0.0368458228667602,0.0264300360559461,17.1779224030039,7.23005089695452,0.99875
29-Dec-2023 20:40:00,0.657630495898809,0.108801967488394,0.039972748821733,17.1912999999998,7.09018625,1
29-Dec-2023 21:00:00,0.682484620087694,-0.0245086039325314,0.347174820915626,17.2684833333334,6.945765,1
29-Dec-2023 21:20:00,0.67902807577767,-0.10971126198723,0.312286619688578,17.2830429345562,6.80605585660691,0.999583333333333
29-Dec-2023 21:40:00,0.641309019370706,-0.129128664870711,0.216971677927129,17.2992869057549,6.67604503753128,0.999166666666667
29-Dec-2023 22:00:00,0.646105265432632,-0.0801182692167598,0.206452256333763,17.3054860241972,6.55139924906133,0.99875
29-Dec-2023 22:20:00,0.623645131362494,-0.00440479995583964,0.0695547579303861,17.2838677270826,6.42731268313102,0.995416666666667
29-Dec-2023 22:40:00,0.632897350668488,0.073048625131572,0.0715036245854208,17.2763689727465,6.31649811320755,0.99375
29-Dec-2023 23:00:00,0.75203520924554,0.222831457386107,-0.0202791013549249,17.3387114261887,6.18958548790659,0.999166666666667
29-Dec-2023 23:20:00,0.766503863345511,0.0184271958403355,0.0349450914014328,17.3618340975407,6.11788536890371,0.999583333333333
29-Dec-2023 23:40:00,0.646355381616513,0.0738921925330264,-0.0586265994374747,17.3505583333335,6.04576208333333,1
30-Dec-2023 00:00:00,0.62989458006311,0.061928685775061,-0.173850000936584,17.3272150313151,5.98503131524008,0.997916666666667
30-Dec-2023 00:20:00,0.714109816236655,0.375094741984112,0.12778882055942,17.3241297071129,5.93198410041841,0.995833333333333
30-Dec-2023 00:40:00,0.682563038105114,0.145360795040441,0.263524096492095,17.2774531054606,5.93079074614422,0.999583333333333
30-Dec-2023 01:00:00,0.701555199733371,0.198196402766319,-0.0960698685834059,17.2551939924907,5.9136057571965,0.99875
30-Dec-2023 01:20:00,0.665396132021884,0.106252016869264,0.0233073193947399,17.2675292153591,5.93661268781302,0.998333333333333
30-Dec-2023 01:40:00,0.709604306855603,-0.0153404622148744,-0.112345212905095,17.2481370091896,5.9558851294904,0.9975
30-Dec-2023 02:00:00,0.679589296769163,-0.0780417700461143,-0.0934635697444176,17.2403232577664,6.00670948782536,0.9925
30-Dec-2023 02:20:00,0.630421081839987,0.0281461100439452,-0.0393662273838523,17.2311759799831,6.0680212677231,0.999166666666667
30-Dec-2023 02:40:00,0.67981335479276,-0.0171114520577162,-0.0921275148852511,17.2320248820247,6.1294187044187,0.97125
30-Dec-2023 03:00:00,0.751809322517996,-0.118599111631946,-0.194829337860687,17.230723244147,6.20931814381271,0.996666666666667
30-Dec-2023 03:20:00,0.604028852302178,-0.197191892906175,-0.366326108660207,17.2253416666666,6.30826458333333,1
30-Dec-2023 03:40:00,0.626863827760137,-0.0741794088965125,-0.151441479521767,17.2313132580509,6.39759682141363,0.99625
30-Dec-2023 04:00:00,0.574938073082399,-0.00769068265941939,-0.0877060578319104,17.2106438127089,6.49098202341137,0.996666666666667
30-Dec-2023 04:20:00,0.554883258300279,0.0356517775869688,-0.0625586837390618,17.1971851542952,6.59934320266888,0.999166666666667
30-Dec-2023 04:40:00,0.581256063117081,-0.0780999028801873,-0.0549580434086201,17.161353065539,6.69139281183932,0.985416666666667
30-Dec-2023 05:00:00,0.559647224338951,-0.0683602160637009,-0.023637052639472,17.1594191391558,6.77364939406603,0.997083333333333
30-Dec-2023 05:20:00,0.488204687336163,0.0386763207516291,-0.0239793209548826,17.1572696957064,6.86219924968737,0.999583333333333
30-Dec-2023 05:40:00,0.536216938295402,0.115934354272225,-0.0241939929589698,17.1631954887218,6.92757017543859,0.9975
30-Dec-2023 06:00:00,0.582056724896058,0.158776400270585,0.0562268344863996,17.1334889537309,6.98696748645269,0.999583333333333
30-Dec-2023 06:20:00,0.488098211983346,0.119098920991545,0.022789423302701,17.1127189324437,7.05373269391159,0.999166666666667
30-Dec-2023 06:40:00,0.457016692065974,0.0942899176017939,-0.00755488975083161,17.1019132972073,7.11329053772405,0.999583333333333
30-Dec-2023 07:00:00,0.489221500763416,0.102730473639567,-0.0633523951638487,17.0925667779634,7.14437979966611,0.998333333333333
30-Dec-2023 07:20:00,0.491704789384523,0.143835039353831,0.0462241911701015,17.08289287203,7.15646519383076,0.999583333333333
30-Dec-2023 07:40:00,0.478179125732478,-0.00543792761574513,0.158851146486766,17.080366972477,7.165170558799,0.999166666666667
30-Dec-2023 08:00:00,0.494820040349152,0.273175248068553,0.162133585287623,17.074225,7.1516275,1
30-Dec-2023 08:20:00,0.474277736000962,-0.0037666144792583,0.251797504992239,17.0777416666666,7.14974375,1
30-Dec-2023 08:40:00,0.510377676218558,-0.0110684485236165,0.158258713148129,17.0697409109902,7.13626243209361,0.997083333333333
30-Dec-2023 09:00:00,0.479633062325013,0.0363722672304732,-0.0189981766721949,17.0528666666666,7.10468,1
30-Dec-2023 09:20:00,0.510535452847545,5.26950115014905e-05,0.0390563800621365,17.051496456857,7.0814330971238,0.999583333333333
30-Dec-2023 09:40:00,0.505716766177449,0.0436833681198397,0.0476193598678426,17.0508615641991,7.03062275198662,0.99625
30-Dec-2023 10:00:00,0.521541211048951,0.024613587164549,0.00167549287836484,17.0505909471919,7.0009844928751,0.994166666666667
30-Dec-2023 10:20:00,0.528186924531933,0.0455053586560881,-0.0136865818044606,17.0442559399752,6.95603751563151,0.999583333333333
30-Dec-2023 10:40:00,0.556641591341702,0.076642111131003,-0.0248010968274123,17.0218924551899,6.92202626094206,0.999583333333333
30-Dec-2023 11:00:00,0.562037933821409,0.10837670872407,-0.038730560715095,17.0230884808015,6.89762520868114,0.998333333333333
30-Dec-2023 11:20:00,0.536350599826768,0.0748097465501644,-0.0436164635933632,17.0274979149292,6.88454295246039,0.999166666666667
30-Dec-2023 11:40:00,0.574309586349656,0.0480251915600727,-0.0493559164396497,17.024633027523,6.86709507923269,0.999166666666667
30-Dec-2023 12:00:00,0.550278664380147,0.00397500962248264,-0.0184893973536649,17.0176463210705,6.86277424749164,0.996666666666667
30-Dec-2023 12:20:00,0.554761542532811,0.0606452314176374,-0.0347872060744791,17.0179206680587,6.86876701461378,0.997916666666667
30-Dec-2023 12:40:00,0.584756884167501,0.0150717078433793,-0.0150157842646673,17.0085612714347,6.89351944792974,0.99625
30-Dec-2023 13:00:00,0.55259159307501,0.0420149332153189,0.00389566995241807,17.0105511482256,6.92337453027139,0.997916666666667
30-Dec-2023 13:20:00,0.633490915955877,0.00418436120595093,0.0566412193000079,17.0095712484239,6.95041572089113,0.99125
30-Dec-2023 13:40:00,0.61047115331858,0.101959668931124,0.0443047107165788,16.9987824267782,7.00402468619247,0.995833333333333
30-Dec-2023 14:00:00,0.622647709458787,0.0276245643156886,-0.0234152149358623,16.9871083333331,7.0629475,1
30-Dec-2023 14:20:00,0.571868524283714,-0.0141673526983706,0.0835220237572412,16.8881935753026,7.12171214017521,0.99875
30-Dec-2023 14:40:00,0.634537832948532,0.0919494436165629,0.073816956042463,16.7726923076923,7.18302048494983,0.996666666666667
30-Dec-2023 15:00:00,0.75704819856204,0.0534166761973495,0.137144093819353,16.8938867924529,7.24722264150944,0.99375
30-Dec-2023 15:20:00,0.633401033360693,0.025885705431688,0.0371751179221836,16.8641065436241,7.3421149328859,0.992919616826322
30-Dec-2023 15:40:00,0.650062100568472,0.0290845657674853,0.0164992649520108,16.9182214765101,7.41542785234899,0.993333333333333
30-Dec-2023 16:00:00,0.692465487986002,0.0873527686796825,-0.0497301687927678,16.9465551839463,7.48178469899666,0.996666666666667
30-Dec-2023 16:20:00,0.732533609266443,-0.0143105247861635,0.0685363129194671,16.9560581787522,7.53910455311973,0.988333333333333
30-Dec-2023 16:40:00,0.726167728304571,0.141566742566131,0.0539995193823154,16.9641757322175,7.60172761506276,0.995833333333333
30-Dec-2023 17:00:00,0.722193096375213,0.0822184798513381,0.0228042125484909,17.0106926952143,7.64215617128463,0.9925
30-Dec-2023 17:20:00,0.660952503558613,-0.00583350350512338,0.0725767152504821,17.0294020356235,7.70481806615776,0.9825
30-Dec-2023 17:40:00,0.790877726501252,0.0412006378168081,0.065081204717872,17.0296194503172,7.69905623678647,0.985416666666667
30-Dec-2023 18:00:00,0.78431887880153,0.0699415702381633,0.0924792045286015,17.0365171835707,7.69570075440067,0.994166666666667
30-Dec-2023 18:20:00,0.719302672362318,0.0573415306389414,0.074365916477748,17.0555457967378,7.71247804265997,0.99625
30-Dec-2023 18:40:00,0.704234753897667,0.0364147791784191,0.0181706812474435,17.0552382978724,7.67863191489361,0.979166666666667
30-Dec-2023 19:00:00,0.780585097318917,0.0198746749128833,0.0478590590505711,17.0805285234901,7.64709983221476,0.993333333333333
30-Dec-2023 19:20:00,0.764821516023789,0.0528408816966228,0.0933981452722181,17.1128031892572,7.60078892152749,0.992916666666667
30-Dec-2023 19:40:00,0.797490977852115,0.239104672754313,0.168047717612212,17.156918265221,7.53169349457882,0.999166666666667
30-Dec-2023 20:00:00,0.834444776902549,-0.0506574552222882,0.107941689997072,17.1715888240201,7.43857506255212,0.999166666666667
30-Dec-2023 20:20:00,0.760343446338619,0.150295966854191,0.0308507062435208,17.1811106471817,7.345024217119,0.997916666666667
30-Dec-2023 20:40:00,0.762216231835947,0.109539528480201,0.0411337817051112,17.1819287211742,7.25168721174004,0.99375
30-Dec-2023 21:00:00,0.831288502489819,0.115224459206827,-0.181948726832665,17.1902675585284,7.10243060200669,0.996666666666667
30-Dec-2023 21:20:00,0.755751096479137,-0.00356806789396852,-0.00877053763992415,17.1591585623677,7.01193065539112,0.985416666666667
30-Dec-2023 21:40:00,0.798582842888552,-0.00949080804973701,-0.0599594962938396,17.1594214527026,6.88094594594595,0.986666666666667
30-Dec-2023 22:00:00,0.837137690639573,0.0652974820036207,-0.0209558415698586,17.1539015151515,6.75128282828283,0.99
30-Dec-2023 22:20:00,0.923236466557802,0.216311754566039,0.055139890286151,17.1075214834917,6.61993487109905,0.92125
30-Dec-2023 22:40:00,0.838290975194788,-0.0869296098585062,0.177712918159038,17.2098912588874,6.52002049351736,0.99625
