time,urms_h,umean,vmean,T,P,frac_ok
18-Dec-2023 00:00:00,0.202921227268526,0.0214440246803946,-0.0143487254718694,16.9545166666666,9.02326249999999,1
18-Dec-2023 00:20:00,0.191763289652055,0.0242758439065019,-0.0345464518618994,16.9558749999998,8.90715749999999,1
18-Dec-2023 00:40:00,0.220700774600437,0.0364148409343246,-0.0457715915849508,16.9668333333333,8.8056475,1
18-Dec-2023 01:00:00,0.22516569906033,0.0179780522909437,-0.0428900105940786,16.9878416666666,8.70393875,1
18-Dec-2023 01:20:00,0.27618221445428,-0.00732443299773355,-0.0505848691307998,17.0176514834938,8.61503092352696,0.997083333333333
18-Dec-2023 01:40:00,0.204695274890441,0.00159768872214982,-0.0607114307258641,17.0430679449771,8.54490912880366,0.999583333333333
18-Dec-2023 02:00:00,0.253296669124773,-0.0145613549240813,-0.0505127552901838,17.0475104253544,8.48503252710592,0.999166666666667
18-Dec-2023 02:20:00,0.248838486080557,-0.0221269515603168,-0.049507088130797,17.0654064193412,8.46240766986245,0.999583333333333
18-Dec-2023 02:40:00,0.224424378322363,0.00904469964897332,-0.0484043889712468,17.0649750000001,8.43913791666667,1
18-Dec-2023 03:00:00,0.245891176754352,0.028198825587811,-0.0367384679808714,17.0562109212172,8.43436807002917,0.999583333333333
18-Dec-2023 03:20:00,0.23387338098978,0.032683016431257,-0.0328940015697445,17.0512051709758,8.44101834862386,0.999166666666667
18-Dec-2023 03:40:00,0.24306540958784,0.0302647589473605,-0.0314550852842911,17.0391750000001,8.47467625,1
18-Dec-2023 04:00:00,0.26656086900949,0.0336343985480769,-0.0284474923553838,17.002776156732,8.51483618174239,0.999583333333333
18-Dec-2023 04:20:00,0.259868523032324,0.00706781754145911,-0.0180888702621566,16.9640916666665,8.57684416666666,1
18-Dec-2023 04:40:00,0.293967269422723,-0.0386428635567284,0.0115519903054029,16.8339999999999,8.63589875,1
18-Dec-2023 05:00:00,0.255027686738304,-0.0367758759776218,0.00346761157483473,16.7948416666667,8.72929875,1
18-Dec-2023 05:20:00,0.231181324717673,-0.0329364904737343,-0.0036282079765653,16.802875,8.82306125,1
18-Dec-2023 05:40:00,0.232788943282607,-0.0275985659728384,-0.014052265862934,16.8104333333334,8.92397416666666,1
18-Dec-2023 06:00:00,0.247559352554575,-0.0243224407385091,-0.0149003874254219,16.8195666666665,9.02924916666666,1
18-Dec-2023 06:20:00,0.233701983578683,-0.0223917174078396,-0.0120954788187803,16.832125,9.12912333333334,1
18-Dec-2023 06:40:00,0.218562561995763,-0.0194909297443356,-0.00147176105714026,16.8534250000002,9.22803958333334,1
18-Dec-2023 07:00:00,0.208640340456426,-0.00397970111862506,0.0176616167941582,16.86645,9.33667125,1
18-Dec-2023 07:20:00,0.210865124090478,0.0100657163184845,0.0283858896644903,16.8648,9.43120125,1
18-Dec-2023 07:40:00,0.214448910686189,0.0111664428659683,0.0494830088184656,16.868875,9.52050791666667,1
18-Dec-2023 08:00:00,0.210009161772357,0.0201465042584949,0.0562426751563316,16.8748166666668,9.60745416666667,1
18-Dec-2023 08:20:00,0.215455639241078,0.0163453777324565,0.0711558956383382,16.8768916666665,9.67823541666667,1
18-Dec-2023 08:40:00,0.224494456046485,0.0101272732155106,0.0709626613515313,16.869075,9.72552875,1
18-Dec-2023 09:00:00,0.226788194308957,0.00438542406034961,0.0854976055722261,16.8551916666667,9.76768791666667,1
18-Dec-2023 09:20:00,0.246092565284342,0.00723255332022228,0.113160290817299,16.8714499999999,9.80911916666667,1
18-Dec-2023 09:40:00,0.231121069515491,0.00265102045967386,0.107361052695621,16.8803249999999,9.81020041666668,1
18-Dec-2023 10:00:00,0.217676404415574,0.00772030130742291,0.118411584199023,16.8957083333331,9.80949583333333,1
18-Dec-2023 10:20:00,0.239204772716296,0.000674899351897852,0.126476775219506,16.8995749999998,9.80292875,1
18-Dec-2023 10:40:00,0.228301339271952,0.0155801082140346,0.120124699309716,16.9088333333333,9.79072041666666,1
18-Dec-2023 11:00:00,0.242560606649574,0.0250038111660532,0.0929205884398643,16.8542583333332,9.76877666666667,1
18-Dec-2023 11:20:00,0.252343477845994,0.024969723223367,0.106188610099001,16.9191416666668,9.73847166666666,1
18-Dec-2023 11:40:00,0.240723008171831,0.0139587181617954,0.0993785577473021,16.9380333333333,9.6888825,1
18-Dec-2023 12:00:00,0.235508587662538,0.0424239385562043,0.084918483466334,16.8789,9.64307416666667,1
18-Dec-2023 12:20:00,0.244262607207142,0.0375099759070115,0.0764026630409247,16.8574666666667,9.58801416666667,1
18-Dec-2023 12:40:00,0.267993561993283,0.0266933166273441,0.0596747590702362,16.8112416666667,9.53504458333334,1
18-Dec-2023 13:00:00,0.240513991871945,0.00827115291269935,0.0940282360831107,16.8917666666665,9.49868125,1
18-Dec-2023 13:20:00,0.256578736723671,0.0113685691143575,0.0953139406010444,16.9252750000002,9.45442083333333,1
18-Dec-2023 13:40:00,0.233350835058854,0.034542162961107,0.0729058538397097,16.9079250000001,9.42334291666667,1
18-Dec-2023 14:00:00,0.227875613396579,0.0492424709309382,0.0487610182209847,16.8210333333332,9.39518625000001,1
18-Dec-2023 14:20:00,0.237468454763393,0.0356198417194849,0.0458946161435069,16.8386666666669,9.36936791666667,1
18-Dec-2023 14:40:00,0.253349363203682,0.0505447420401652,0.04423064209353,16.8355583333333,9.35570458333333,1
18-Dec-2023 15:00:00,0.237396556610414,0.0534316222856796,0.0525448297550912,16.7714416666668,9.35832375,1
18-Dec-2023 15:20:00,0.254617886531947,0.0492903853683913,0.0159320216924954,16.7768666666668,9.37320291666667,1
18-Dec-2023 15:40:00,0.232144354678862,0.0446623003698298,0.00769070756467014,16.7679416666669,9.39075833333334,1
18-Dec-2023 16:00:00,0.200578058866443,0.0504503029221956,0.00481684476174406,16.7874833333334,9.422375,1
18-Dec-2023 16:20:00,0.247306571973897,0.0492991663484735,-0.00376839858322786,16.7823416666667,9.45504291666667,1
18-Dec-2023 16:40:00,0.216681617819723,0.0301214128154932,-0.0060009839990374,16.8136333333333,9.50239708333334,1
18-Dec-2023 17:00:00,0.233353983137726,0.0201906293380955,-0.0124554611525377,16.8451500000003,9.55064125,1
18-Dec-2023 17:20:00,0.225147875641998,0.0238091567479481,-0.0355101718136735,16.854475,9.60062583333333,1
18-Dec-2023 17:40:00,0.214638469553052,0.0407666641657512,-0.056776049194072,16.7947750000001,9.65965625,1
18-Dec-2023 18:00:00,0.225530949531349,0.0465912371000082,-0.044314612855739,16.7923833333333,9.71151208333334,1
18-Dec-2023 18:20:00,0.212384699104828,0.0333343302567212,-0.0482230223860017,16.8612333333334,9.77429458333333,1
18-Dec-2023 18:40:00,0.217498191810776,0.031466886743487,-0.0457471995499852,16.8426500000002,9.81924041666667,1
18-Dec-2023 19:00:00,0.208899582830437,0.0411547459369006,-0.0550613652180886,16.8362249999999,9.8675475,1
18-Dec-2023 19:20:00,0.210215717934945,0.00923774609278445,-0.0326559535354893,16.8442916666666,9.90804583333334,1
18-Dec-2023 19:40:00,0.219668058757766,-0.00170332881598027,-0.0122420722810204,16.8439,9.93485583333333,1
18-Dec-2023 20:00:00,0.234499783644518,0.0150972944089829,-0.00325071363730473,16.8542916666665,9.9626075,1
18-Dec-2023 20:20:00,0.210330390749411,0.0129736321780703,0.0181870829401354,16.8792333333333,9.97236833333334,1
18-Dec-2023 20:40:00,0.223502924358711,0.0191155405851601,0.0374962040386971,16.8719250000001,9.97455,1
18-Dec-2023 21:00:00,0.209827906513554,0.0308779959123543,0.0451558951224838,16.8815583333333,9.96290458333333,1
18-Dec-2023 21:20:00,0.211055531530854,0.0282575202153353,0.0501046124799627,16.9104750000001,9.94993208333333,1
18-Dec-2023 21:40:00,0.233283122637909,0.0225439526456773,0.028295556311261,17.0005166666668,9.909645,1
18-Dec-2023 22:00:00,0.213938711643339,0.0112646094346544,0.0290544891935266,17.0330250000001,9.86851583333333,1
18-Dec-2023 22:20:00,0.221414838400294,-0.0159962701092685,0.0384852437300125,17.0156333333335,9.80419708333334,1
18-Dec-2023 22:40:00,0.206648830455297,0.00827530722836341,0.0385817894137217,17.0201416666669,9.72579583333333,1
18-Dec-2023 23:00:00,0.194764518844887,0.0433683077653965,0.044353625352767,17.0053666666667,9.64042416666667,1
18-Dec-2023 23:20:00,0.193635388848998,0.0380936348277994,0.0287532526480181,17.0072500000001,9.54811750000001,1
18-Dec-2023 23:40:00,0.229360644939291,0.0194364265544514,0.00608230711800683,17.0207083333335,9.44409875000001,1
19-Dec-2023 00:00:00,0.219450002210837,0.0146292530009063,-0.0278521803419197,17.0401750000001,9.34854041666667,1
19-Dec-2023 00:20:00,0.220376751557856,0.0243564820720952,-0.0405078594871239,17.0665000000001,9.25109541666667,1
19-Dec-2023 00:40:00,0.224360196135885,0.0322475503501263,-0.0349654083010508,17.1595416666668,9.16085833333334,1
19-Dec-2023 01:00:00,0.233257385260416,0.0420445113925693,-0.0132911495626739,17.2323916666666,9.05701041666667,1
19-Dec-2023 01:20:00,0.231678017980234,0.0353128010778692,-0.0368303873630314,17.2028916666666,8.96107458333333,1
19-Dec-2023 01:40:00,0.236714866707291,0.0302234252471886,-0.0535358842670597,17.141875,8.87245166666666,1
19-Dec-2023 02:00:00,0.225207248491856,0.0140090354149326,-0.0546492414306296,17.180625,8.78739291666667,1
19-Dec-2023 02:20:00,0.230561824699068,0.00870425706022933,-0.0602328542624212,17.186025,8.7074625,1
19-Dec-2023 02:40:00,0.232950529544923,0.00594437271267531,-0.0602277299714727,17.1599499999998,8.65420333333334,1
19-Dec-2023 03:00:00,0.240222665991962,0.00326210795182255,-0.0630720262586798,17.1234833333335,8.61953208333334,1
19-Dec-2023 03:20:00,0.246171858060319,0.00520046118623445,-0.062673562801987,17.1155550918197,8.60009140233723,0.998333333333333
19-Dec-2023 03:40:00,0.272411197387169,0.0127818343079021,-0.0670288335926471,17.1012938230386,8.57980342237061,0.998333333333333
19-Dec-2023 04:00:00,0.244740584748486,0.0149957520684079,-0.0621701002731131,17.0993160967475,8.584841117598,0.999166666666667
19-Dec-2023 04:20:00,0.220314340227738,0.00528408236182957,-0.0663493720426447,17.0954814506045,8.59800458524385,0.999583333333333
19-Dec-2023 04:40:00,0.264412721162469,-0.00130777322876405,-0.0606880215021856,17.0936675020887,8.62585463659147,0.9975
19-Dec-2023 05:00:00,0.242246265191517,-0.0114810051857171,-0.0643990600715363,17.1016256773658,8.67130512713631,0.999583333333333
19-Dec-2023 05:20:00,0.256148108126697,-0.0110386913269648,-0.0782953402955671,17.1401583333333,8.72526958333333,1
19-Dec-2023 05:40:00,0.252676832296495,-0.00024335148537889,-0.0829520933317328,17.1776490204253,8.79365068778658,0.999583333333333
19-Dec-2023 06:00:00,0.216448329440179,-0.0166005670478862,-0.0705240919942832,17.1832500000001,8.87721749999999,1
19-Dec-2023 06:20:00,0.206959698275212,-0.012749039226466,-0.0882592631866401,17.1796166666669,8.97522041666666,1
19-Dec-2023 06:40:00,0.222173119664502,0.00398242932767929,-0.105495086597657,17.2263583333331,9.06850583333334,1
19-Dec-2023 07:00:00,0.228546509249091,-0.0026204497923328,-0.0852948214172673,17.2211583333332,9.17313666666667,1
19-Dec-2023 07:20:00,0.240659726095354,-0.0289859687443239,-0.0558067384789824,17.1419083333333,9.27083916666667,1
19-Dec-2023 07:40:00,0.234373245657231,-0.0430924470791209,-0.0607805256407268,16.9664999999999,9.37676125,1
19-Dec-2023 08:00:00,0.236382697986666,-0.0386603041127901,-0.0416194247723153,16.8235916666668,9.47133875000001,1
19-Dec-2023 08:20:00,0.243510697085807,-0.0293838797806632,-0.0361145065323381,16.7418749999998,9.56328416666667,1
19-Dec-2023 08:40:00,0.249756094596031,-0.0213934624106313,-0.0290876766472414,16.7276399331661,9.65990559732665,0.9975
19-Dec-2023 09:00:00,0.216277357591108,-0.0086800946415775,-0.023503976262436,16.7208166666666,9.73572333333333,1
19-Dec-2023 09:20:00,0.236961164253122,-0.00102851958957142,-0.00299517805141171,16.748775,9.79711125,1
19-Dec-2023 09:40:00,0.233253490594047,-0.00545804119396888,0.0067859959375932,16.7212000000001,9.85441833333333,1
19-Dec-2023 10:00:00,0.24925563481431,-0.0299083419572316,0.0244982041868026,16.6490416666668,9.8927075,1
19-Dec-2023 10:20:00,0.242108595026281,0.00587579812887286,0.0344432708098882,16.5974666666668,9.92569791666667,1
19-Dec-2023 10:40:00,0.238533599732969,0.0289354767723529,0.0504007290668339,16.6336833333332,9.92833208333333,1
19-Dec-2023 11:00:00,0.221994691545942,0.0235760972447096,0.0582895785659455,16.6805749999999,9.92975250000001,1
19-Dec-2023 11:20:00,0.248471713515485,0.0310895640080039,0.0656843859419587,16.7372333333332,9.91558791666667,1
19-Dec-2023 11:40:00,0.25389320452498,0.0379194859642062,0.062343865039113,16.7200833333332,9.89633958333333,1
19-Dec-2023 12:00:00,0.261128153668233,0.0436095470939066,0.0579806773816217,16.7188416666666,9.8627725,1
19-Dec-2023 12:20:00,0.273332833458624,0.0404554658879485,0.0463514116484226,16.7603416666669,9.81036499999999,1
19-Dec-2023 12:40:00,0.25649560886573,0.0317109756479714,0.0452888521732884,16.8010851419033,9.76695325542571,0.998333333333333
19-Dec-2023 13:00:00,0.281190005351426,0.036186504990406,0.0447991680451663,16.8436583333334,9.71257291666666,1
19-Dec-2023 13:20:00,0.228047742865787,0.0356913582543944,0.0314323318253691,16.8694664443519,9.65388120050021,0.999583333333333
19-Dec-2023 13:40:00,0.262043615643441,0.00770657116931996,0.0307078706717908,16.8966083333332,9.59916541666667,1
19-Dec-2023 14:00:00,0.279513557343752,0.00552890331328254,0.0399297402798878,16.9138240200166,9.54043327773145,0.999166666666667
19-Dec-2023 14:20:00,0.25213920337691,0.0177490237730557,0.0365240075020799,16.8927629382303,9.47825626043406,0.998333333333333
19-Dec-2023 14:40:00,0.285079625403746,0.0194199822850146,0.0316906143832616,16.9200250417364,9.42350459098497,0.998333333333333
19-Dec-2023 15:00:00,0.251908361084165,0.0107069550384524,0.0254020533602954,16.9371727310747,9.3731965704726,0.99625
19-Dec-2023 15:20:00,0.289443609689144,0.00384849447354951,0.0335787753262239,16.9261519198665,9.32595826377296,0.998333333333333
19-Dec-2023 15:40:00,0.280708553219592,0.00625817817945786,0.0313745408649928,16.9400208855472,9.3010171261487,0.9975
19-Dec-2023 16:00:00,0.238984131263406,0.00502134292084256,0.027697499079208,16.9476180526536,9.28556414542416,0.997083333333333
19-Dec-2023 16:20:00,0.282368245747514,-0.00670009689398285,0.00190599127527102,16.9783640167363,9.2712129707113,0.995833333333333
19-Dec-2023 16:40:00,0.281587599004974,0.000909151292064161,-0.0144108167684285,17.0127568922307,9.26416917293233,0.9975
19-Dec-2023 17:00:00,0.268089969996754,-0.00106009109993097,-0.0214062556530588,16.9973978315262,9.27467514595497,0.999166666666667
19-Dec-2023 17:20:00,0.273065496573252,-0.00291652419508147,-0.0418971567047356,16.9898448637315,9.29120880503145,0.99375
19-Dec-2023 17:40:00,0.240021059373108,0.00206783188798216,-0.0441956351617708,16.998175,9.31498583333333,1
19-Dec-2023 18:00:00,0.223348924675556,0.0107267729314962,-0.0395708853593228,17.0161750000003,9.34153458333334,1
19-Dec-2023 18:20:00,0.225628359596346,0.00241660953045256,-0.0398805783378478,17.0264250000001,9.37756583333333,1
19-Dec-2023 18:40:00,0.213206272839554,0.00857991768105053,-0.0424648717033127,17.0325750000001,9.41884583333333,1
19-Dec-2023 19:00:00,0.208093319522176,0.00451600997231967,-0.0567162972582954,17.0376083333335,9.46750416666667,1
19-Dec-2023 19:20:00,0.198493159929757,0.0112558327783066,-0.0599285398511847,17.0330833333334,9.51655208333333,1
19-Dec-2023 19:40:00,0.204942104169288,0.00455120224728059,-0.0666842489653146,17.0342833333334,9.56718708333334,1
19-Dec-2023 20:00:00,0.22336688265127,-0.00437734616406295,-0.0605356356187837,17.0439683201333,9.6119841600667,0.999583333333333
19-Dec-2023 20:20:00,0.210593493808755,-0.00750044870672467,-0.0554891890917053,17.0530512713631,9.65186411004585,0.999583333333333
19-Dec-2023 20:40:00,0.200159526861855,-0.00853193969717413,-0.0537571570557398,17.0636999999999,9.69600416666666,1
19-Dec-2023 21:00:00,0.208255131337293,-0.0210235963032771,-0.0258375957675627,17.0695999999999,9.73013208333333,1
19-Dec-2023 21:20:00,0.216621518076096,-0.0298979131231459,-0.0163247688708145,17.0688499999999,9.76049416666666,1
19-Dec-2023 21:40:00,0.212980524461296,-0.0163058523135001,0.00585264410479872,17.0613,9.77051999999999,1
19-Dec-2023 22:00:00,0.225464235108449,-0.00847273353044186,0.0257979079591683,17.0507919966653,9.78256315131305,0.999583333333333
19-Dec-2023 22:20:00,0.201454599648163,-0.00305607708471895,0.0358232699741715,17.0495583333333,9.77856416666667,1
19-Dec-2023 22:40:00,0.224640218210197,-0.017685876493297,0.0355180280219395,16.9817916666667,9.76072208333333,1
19-Dec-2023 23:00:00,0.214167975660014,0.00834671050884098,0.0286858228501225,16.9253750000001,9.73089708333334,1
19-Dec-2023 23:20:00,0.213366348203389,0.0134002399487149,0.0201883788017123,16.9468833333331,9.69326333333333,1
19-Dec-2023 23:40:00,0.20077562070168,0.0443879985573062,0.0027494545667972,16.9920083333334,9.65131833333333,1
20-Dec-2023 00:00:00,0.192202640892721,0.0587035434651027,-0.0180033800879921,17.0597,9.59071541666667,1
20-Dec-2023 00:20:00,0.192359109916049,0.0592902563785698,-0.0268124605078811,17.155925,9.52093958333334,1
20-Dec-2023 00:40:00,0.207144594904537,0.0553833029318581,-0.0315350523970989,17.2447000000001,9.45044166666667,1
20-Dec-2023 01:00:00,0.210289160589658,0.0505065445768504,-0.0322733398061433,17.2676807354787,9.37243251149185,0.997083333333333
20-Dec-2023 01:20:00,0.188536800077593,0.0474173765336185,-0.0310463047851074,17.288170070863,9.28737140475199,0.999583333333333
20-Dec-2023 01:40:00,0.193624010751163,0.040190534874456,-0.0325498511596807,17.2277249999999,9.20283666666667,1
20-Dec-2023 02:00:00,0.221882672244204,0.0363768033450069,-0.0497648036311332,17.2471416666668,9.12410125,1
20-Dec-2023 02:20:00,0.190472394972627,0.0382410854201384,-0.0580411321190194,17.3032083333333,9.05039958333333,1
20-Dec-2023 02:40:00,0.21835263343075,0.0232123211502118,-0.0577075908983068,17.3365000000001,8.97227041666667,1
20-Dec-2023 03:00:00,0.213376091085055,0.0200518079605399,-0.0618317247804494,17.3500083333335,8.90516124999999,1
20-Dec-2023 03:20:00,0.216805871384576,0.020767425629646,-0.0651510893786458,17.3587083333334,8.84713125,1
20-Dec-2023 03:40:00,0.215724072865649,0.00238103849863237,-0.0637797974446015,17.3541250000001,8.80137291666666,1
20-Dec-2023 04:00:00,0.209042702856382,0.00483092390496886,-0.0602307153817675,17.3416597164304,8.76359007506255,0.999166666666667
20-Dec-2023 04:20:00,0.219669123895578,0.0142118385705909,-0.0504793652174653,17.3381750000001,8.74255666666666,1
20-Dec-2023 04:40:00,0.226919318155954,-0.00950563680633684,-0.0387957768758744,17.3274083333332,8.72963666666666,1
20-Dec-2023 05:00:00,0.202665182101534,-0.00876548204348014,-0.0321958572247798,17.3156083333333,8.73562708333333,1
20-Dec-2023 05:20:00,0.204280157625151,6.98520033027563e-05,-0.0413357302572415,17.3352033542978,8.75860293501048,0.99375
20-Dec-2023 05:40:00,0.201171563903646,0.002649502963285,-0.0413315611041815,17.3494539391415,8.79276365152147,0.999583333333333
20-Dec-2023 06:00:00,0.195498676288372,-0.00298738583087715,-0.0412817408372043,17.3446333333334,8.84170791666666,1
20-Dec-2023 06:20:00,0.197643294805609,-0.0202544713618699,-0.0529405790233763,17.3277323884951,8.89609337223843,0.999583333333333
20-Dec-2023 06:40:00,0.198467382767628,-0.0181103732813287,-0.0577400533112572,17.2818000000001,8.9715825,1
20-Dec-2023 07:00:00,0.176546097649041,-0.013011504851956,-0.0604474239401751,17.2214916666668,9.05528333333334,1
20-Dec-2023 07:20:00,0.183842205578887,-0.00590968943408049,-0.0602479132740016,17.1853500000001,9.14448166666666,1
20-Dec-2023 07:40:00,0.185373729525737,0.00443867601751083,-0.0652514573265778,17.2096833333333,9.24303333333334,1
20-Dec-2023 08:00:00,0.181251794056216,0.000198742251511141,-0.058394238137331,17.2717250000001,9.34334666666667,1
20-Dec-2023 08:20:00,0.178250644071909,-0.0162651002342907,-0.0483304288320121,17.2712000000002,9.43651958333333,1
20-Dec-2023 08:40:00,0.196844563960908,-0.0838613184245996,-0.0175698220513273,16.8716416666667,9.53919,1
20-Dec-2023 09:00:00,0.177493850004123,-0.0691940493674872,-0.0192971367106693,16.1401333333333,9.645855,1
20-Dec-2023 09:20:00,0.1793207887849,-0.0557009891422167,-0.032936374377676,16.1545499999999,9.7489225,1
20-Dec-2023 09:40:00,0.179121673705839,-0.0276879409704373,-0.0215458026117633,16.33325,9.83433666666666,1
20-Dec-2023 10:00:00,0.168514186205349,-0.00959426708222433,-0.0200534104106432,16.4343166666666,9.90348208333333,1
20-Dec-2023 10:20:00,0.183259520788736,-0.0100611687767463,-0.0160225883696672,16.5488416666666,9.96339625,1
20-Dec-2023 10:40:00,0.184611159516951,0.00359422518271726,-0.0244424139537679,16.5572250000001,10.0126870833333,1
20-Dec-2023 11:00:00,0.179940588149855,0.00800709688332466,-0.0160530802792737,16.6019749999999,10.04551,1
20-Dec-2023 11:20:00,0.165050379428711,0.0324609330203471,0.0022708378322007,16.5184916666669,10.07730125,1
20-Dec-2023 11:40:00,0.168311681991918,0.0159018103103226,0.000599565209814306,16.6061166666667,10.0838575,1
20-Dec-2023 12:00:00,0.171461272536867,0.00489820297575906,-0.00285894810079106,16.6945416666666,10.0761929166667,1
20-Dec-2023 12:20:00,0.167245071003564,-0.0134442012584556,-0.0185044736483162,16.7473666666667,10.0489541666667,1
20-Dec-2023 12:40:00,0.199258480127587,-0.00661103433314554,-0.0156745480777757,16.7412088370152,10.0105485619008,0.999583333333333
20-Dec-2023 13:00:00,0.170528584524598,6.24548258589756e-05,-0.02462226228307,16.7413666666666,9.96615791666666,1
20-Dec-2023 13:20:00,0.187795399335899,-0.00340015256568004,-0.0311814820351186,16.7471285475793,9.91076043405677,0.998333333333333
20-Dec-2023 13:40:00,0.193562003833554,-0.0110194786278585,-0.0400364814688907,16.7442386316228,9.83667000417188,0.99875
20-Dec-2023 14:00:00,0.182524860655976,-0.00740918403053705,-0.049888600057565,16.757948290242,9.76507506255213,0.999166666666667
20-Dec-2023 14:20:00,0.199959332417905,-0.000555452793363154,-0.0556675344077271,16.7584166666668,9.68048916666667,1
20-Dec-2023 14:40:00,0.194542666854871,-0.00370637289759073,-0.0571897316595511,16.766008350731,9.60983423799583,0.997916666666667
20-Dec-2023 15:00:00,0.200906500948587,7.23908182277603e-05,-0.0641259827853215,16.7594191919192,9.53673021885522,0.99
20-Dec-2023 15:20:00,0.194153219688613,0.00551964001538546,-0.0737459857381445,16.7603264964422,9.45693344495605,0.995416666666667
20-Dec-2023 15:40:00,0.190386772998877,-0.011859540211623,-0.0671629692774561,16.7744327731093,9.37703319327731,0.991666666666667
20-Dec-2023 16:00:00,0.191773746971424,-0.0209626361059277,-0.0687624007770418,16.7975406419344,9.30233930804502,0.999583333333333
20-Dec-2023 16:20:00,0.176162488861675,-0.000725943459226426,-0.0781823658798586,16.7709416666669,9.2390375,1
20-Dec-2023 16:40:00,0.192759983806796,-0.00264437139985025,-0.088436824998525,16.7791784820685,9.19035321100919,0.999166666666667
20-Dec-2023 17:00:00,0.19274367629535,0.00303293177979924,-0.0909774054644703,16.7928583333332,9.15932708333334,1
20-Dec-2023 17:20:00,0.192852481080961,-0.0106159129256595,-0.0958092358576529,16.8129578639966,9.14196036712557,0.99875
20-Dec-2023 17:40:00,0.190720186680564,0.00130489335231395,-0.0966291877537756,16.830075031263,9.12205335556482,0.999583333333333
20-Dec-2023 18:00:00,0.201960723231756,0.00478270487130986,-0.0983595856502053,16.8341166666667,9.10088958333333,1
20-Dec-2023 18:20:00,0.181619701629894,-0.00095554306814429,-0.0964082745079376,16.8557333333333,9.0932175,1
20-Dec-2023 18:40:00,0.195060501994894,-0.00291287015274849,-0.0903928419198554,16.8838166666667,9.09559958333333,1
20-Dec-2023 19:00:00,0.192076315026083,-0.00607322678970472,-0.0822373401908653,16.8926916666666,9.11308833333334,1
20-Dec-2023 19:20:00,0.173898702340575,0.00726405350386223,-0.0872191317843483,16.8845833333333,9.13497708333333,1
20-Dec-2023 19:40:00,0.17053395045911,0.0282598063486817,-0.0754596158470092,16.8784499999999,9.17108416666667,1
20-Dec-2023 20:00:00,0.174718363624686,0.0390729203296391,-0.0670049734758616,16.9007166666665,9.2104525,1
20-Dec-2023 20:20:00,0.196868658063884,0.0402202398098122,-0.0612448790986901,16.9398916666664,9.245205,1
20-Dec-2023 20:40:00,0.18987474893768,0.0434550611158725,-0.0516131985199242,16.9803249999999,9.29872041666667,1
20-Dec-2023 21:00:00,0.180265136815678,0.0508925048371541,-0.0515392721801103,17.0629166666668,9.35176666666667,1
20-Dec-2023 21:20:00,0.18076879421845,0.0485352228010657,-0.0356262109689651,17.1656499999998,9.40957791666667,1
20-Dec-2023 21:40:00,0.174275275416823,0.0544126103969039,-0.0124522090612401,17.2573083333336,9.46411958333333,1
20-Dec-2023 22:00:00,0.179352175133469,0.0638859410076061,0.0157671857645144,17.2849083333335,9.51595,1
20-Dec-2023 22:20:00,0.196887387923512,0.0731228092823497,0.0520325957833453,17.30585,9.56101791666667,1
20-Dec-2023 22:40:00,0.176733328113458,0.0553342618039358,0.0360729203551022,17.4186916666667,9.59865500000001,1
20-Dec-2023 23:00:00,0.185359923246308,0.0293352075072883,0.037334411466735,17.4379416666667,9.63247375,1
20-Dec-2023 23:20:00,0.163426640156618,0.0221952549055319,0.0702985190175002,17.4061749999998,9.65056375,1
20-Dec-2023 23:40:00,0.150507203471063,0.0477287392501243,0.0952192025474503,17.3746833333334,9.65794875,1
21-Dec-2023 00:00:00,0.162542459524761,0.0607116204277188,0.100494933128133,17.3500250000001,9.64401041666667,1
21-Dec-2023 00:20:00,0.16390713753844,0.0666983209347835,0.0889464670713322,17.3936916666665,9.63517458333333,1
21-Dec-2023 00:40:00,0.16057051748537,0.0440972018596729,0.0864245879352693,17.4008333333332,9.60633958333333,1
21-Dec-2023 01:00:00,0.156980889929606,0.0335932515771508,0.0930923616766926,17.4236583333335,9.58005083333334,1
21-Dec-2023 01:20:00,0.170741267859976,0.0277173432665131,0.0964533448320002,17.4449000000001,9.5354275,1
21-Dec-2023 01:40:00,0.163359151481776,0.0039352232180008,0.0764200604729958,17.4290500000001,9.481045,1
21-Dec-2023 02:00:00,0.159081673288392,0.0275301518457255,0.0922876812116084,17.4304000000001,9.41110166666667,1
21-Dec-2023 02:20:00,0.153541286932685,0.0202921405075114,0.12045676439274,17.3947333333333,9.34300000000001,1
21-Dec-2023 02:40:00,0.145594997389226,0.0393327562321126,0.103581399834409,17.3770083333334,9.27751708333334,1
21-Dec-2023 03:00:00,0.154986269665036,0.0309284479432041,0.112116915485503,17.3724666666667,9.21058833333334,1
21-Dec-2023 03:20:00,0.159521018845956,0.0430601759232557,0.0928144283457344,17.3787833333332,9.14509083333333,1
21-Dec-2023 03:40:00,0.148795341366736,0.0505539549995945,0.0729346484439477,17.392125,9.08722791666667,1
21-Dec-2023 04:00:00,0.150101923694214,0.0436774686480746,0.0836789812050503,17.4164166666667,9.02926666666667,1
21-Dec-2023 04:20:00,0.161233082433653,0.0306721415727521,0.0845159514594845,17.4383083333333,8.97331958333333,1
21-Dec-2023 04:40:00,0.155301424987373,0.017618034952522,0.0722666498236086,17.4543249999998,8.93843708333333,1
21-Dec-2023 05:00:00,0.156496299641488,0.0182970662116419,0.0753679867692167,17.4607249999999,8.90864541666666,1
21-Dec-2023 05:20:00,0.142549320624644,0.0164574452765225,0.0886486024850399,17.4641749999999,8.90062999999999,1
21-Dec-2023 05:40:00,0.155061675335365,0.00767790952092764,0.0864202326813776,17.4610333333332,8.89379458333333,1
21-Dec-2023 06:00:00,0.150984687685479,0.0101114230378925,0.0634199376949243,17.4595249999999,8.90668416666666,1
21-Dec-2023 06:20:00,0.145232639416252,0.0100273330612549,0.070134428473216,17.4568111713214,8.9381504793664,0.999583333333333
21-Dec-2023 06:40:00,0.148568978937209,0.00420890234801097,0.0631208173558592,17.4506666666667,8.9767875,1
21-Dec-2023 07:00:00,0.143010489975561,0.00425936820158618,0.0535501432449073,17.4497750000001,9.02412458333332,1
21-Dec-2023 07:20:00,0.1476374779133,-0.0050148081815689,0.0665110322541452,17.4434666666666,9.09101125,1
21-Dec-2023 07:40:00,0.133048767198147,-0.014975016928933,0.0588160086408611,17.4178749999999,9.15869125,1
21-Dec-2023 08:00:00,0.148130884211728,-0.00642604727411742,0.0411926616268276,17.4012999999998,9.2467275,1
21-Dec-2023 08:20:00,0.147565767285453,0.0111399327176816,0.0449418137832203,17.3952166666666,9.342925,1
21-Dec-2023 08:40:00,0.136339172386049,0.0017667237207281,0.0483739202241301,17.3977583333331,9.44750166666667,1
21-Dec-2023 09:00:00,0.142404825640694,0.00171349683324903,0.0679169419673714,17.3842666666666,9.55062916666668,1
21-Dec-2023 09:20:00,0.130039130234048,-0.00467122338612291,0.0788232723343189,17.3680083333334,9.66245083333334,1
21-Dec-2023 09:40:00,0.14165352280233,-0.00679254635208515,0.0794879986245436,17.3548333333335,9.76371500000001,1
21-Dec-2023 10:00:00,0.130033137263371,-0.00448722756247254,0.0915282272665775,17.3462000000001,9.85914833333333,1
21-Dec-2023 10:20:00,0.146022223215786,-0.00619841764116024,0.101915277601873,17.3387666666668,9.95028583333333,1
21-Dec-2023 10:40:00,0.145784686834063,-0.0126639231853462,0.098659204336494,17.3309249999999,10.0362033333333,1
21-Dec-2023 11:00:00,0.145417223735188,-0.00697717481870842,0.0999356887373598,17.3216499999998,10.1065025,1
21-Dec-2023 11:20:00,0.155853834866206,-0.00726263898758987,0.113417730896954,17.3135833333334,10.15553125,1
21-Dec-2023 11:40:00,0.148585487232679,-0.00636030962811097,0.113295093259446,17.3048083333333,10.1950016666667,1
21-Dec-2023 12:00:00,0.144788365756798,0.00125326811337995,0.114504177222261,17.3018333333333,10.2283216666667,1
21-Dec-2023 12:20:00,0.159515955702266,0.00507196387759929,0.114090316120823,17.2984916666667,10.2382091666667,1
21-Dec-2023 12:40:00,0.155599193331415,0.00402914997222699,0.114296962339134,17.2886583333335,10.2305520833333,1
21-Dec-2023 13:00:00,0.166478815061792,0.00147836551399458,0.113652685340587,17.2802750000001,10.21175625,1
21-Dec-2023 13:20:00,0.180304893984233,-0.00694000617782184,0.118826193834563,17.2693166666669,10.1776883333333,1
21-Dec-2023 13:40:00,0.168913388008713,-0.00210686830744629,0.0954042720315232,17.2615250000002,10.1208283333333,1
21-Dec-2023 14:00:00,0.180158516841692,0.0037477361436947,0.0919814651382681,17.2603333333335,10.0473670833333,1
21-Dec-2023 14:20:00,0.193849363534286,-0.00517365174421865,0.0816975975182324,17.2596583333335,9.96082333333334,1
21-Dec-2023 14:40:00,0.196717843274985,-0.0078883663857043,0.0695745630307802,17.2567333333334,9.8805675,1
21-Dec-2023 15:00:00,0.211199298285745,-0.0117105514050163,0.0715171258728295,17.2498583333333,9.78911708333334,1
21-Dec-2023 15:20:00,0.21268864622648,-0.0137398839337538,0.0588232754746311,17.2473583333333,9.69066166666667,1
21-Dec-2023 15:40:00,0.228215970972697,-0.00549896017976409,0.055571224949503,17.2399333333332,9.59201125,1
21-Dec-2023 16:00:00,0.236632800674537,-0.00299784882406343,0.0571988523668686,17.2294499999997,9.48912333333333,1
21-Dec-2023 16:20:00,0.226034125858003,0.0137942092527375,0.0381652048844369,17.2053416666667,9.39130375,1
21-Dec-2023 16:40:00,0.237338279925038,0.0207600467331855,0.0197649441100695,17.1912,9.290735,1
21-Dec-2023 17:00:00,0.273215338603274,0.00673076649811658,0.0323968240679823,17.2017499999999,9.19798958333333,1
21-Dec-2023 17:20:00,0.274772222679829,-0.018031998718326,0.0192801667077131,17.2106169237181,9.12379783243018,0.999583333333333
21-Dec-2023 17:40:00,0.287317218617193,-0.0054251153364204,-0.000261273446601803,17.2228595248018,9.04822426010838,0.999583333333333
21-Dec-2023 18:00:00,0.299228879303064,0.0130726613539811,-0.0101059076031889,17.2304333333331,8.98598,1
21-Dec-2023 18:20:00,0.277400200610439,0.0160847319067685,-0.0250570942526241,17.2364916666665,8.92956708333334,1
21-Dec-2023 18:40:00,0.323718740466352,0.0139236931375222,-0.0371682511645283,17.2381833333332,8.88824124999999,1
21-Dec-2023 19:00:00,0.297131168494647,0.000189118452292948,-0.0317301698559818,17.2514000000001,8.86723208333333,1
21-Dec-2023 19:20:00,0.325662223417082,-0.00275581012442926,-0.0361975329488432,17.2693257956452,8.85678308207705,0.995
21-Dec-2023 19:40:00,0.29171296902114,0.00134724642972621,-0.0441718994333086,17.2832970711298,8.85574225941422,0.995833333333333
21-Dec-2023 20:00:00,0.2686586187731,0.0189694159529949,-0.053830636636905,17.2894286905755,8.88376563803169,0.999166666666667
21-Dec-2023 20:20:00,0.261599559108348,0.0357875725185466,-0.0557709714909207,17.3026730608841,8.9114341117598,0.999166666666667
21-Dec-2023 20:40:00,0.267172665471822,0.0429692402438611,-0.0441013149747364,17.3178833333332,8.95231666666666,1
21-Dec-2023 21:00:00,0.265804798761424,0.0542755870743811,-0.0353632740948232,17.3316583333333,9.0101175,1
21-Dec-2023 21:20:00,0.299761891929029,0.00476702053677807,-0.0248107383668977,17.3489445139758,9.06604922820192,0.99875
21-Dec-2023 21:40:00,0.297936465629446,-0.0222572664981311,-0.0264646544571729,17.3237182159232,9.12152146727803,0.999583333333333
21-Dec-2023 22:00:00,0.309192590256825,-0.0232399567911555,0.0059417315171254,17.3210609857977,9.19282664995823,0.9975
21-Dec-2023 22:20:00,0.281728403252045,-0.0133968458377069,0.0182341268869756,17.3277615673197,9.25754022509379,0.999583333333333
21-Dec-2023 22:40:00,0.274760960211632,0.013250008935859,0.0296596804449564,17.302275,9.33061,1
21-Dec-2023 23:00:00,0.28556133174514,0.0205001505609224,0.0593322543085312,17.3106916666668,9.39963541666667,1
21-Dec-2023 23:20:00,0.280623258756663,0.0170122964985119,0.0658145235670257,17.3755300500834,9.46737604340568,0.998333333333333
21-Dec-2023 23:40:00,0.269736552052283,0.0195145316163425,0.0544030318481387,17.4022083333331,9.52029791666666,1
22-Dec-2023 00:00:00,0.285339438928744,0.0185570079541813,0.070131087746944,17.4065833333332,9.57496,1
22-Dec-2023 00:20:00,0.26115299385282,0.0287334162631616,0.100800213217359,17.4097166666666,9.61841416666667,1
22-Dec-2023 00:40:00,0.266971883244698,0.0186952246551309,0.102428275094415,17.4154,9.64945875,1
22-Dec-2023 01:00:00,0.270235067474413,0.0165158196100045,0.121056560082758,17.3845416666667,9.6619375,1
22-Dec-2023 01:20:00,0.275143949898549,0.015968078280295,0.113329966738852,17.3770583333333,9.65870208333334,1
22-Dec-2023 01:40:00,0.233409842386723,-0.0170983761494583,0.0755459007611047,17.3677666666667,9.637595,1
22-Dec-2023 02:00:00,0.255166466212756,-0.024377524933953,0.0336386034538759,17.2247,9.6052075,1
22-Dec-2023 02:20:00,0.263024364792744,-0.0158032652223953,0.0216834258354395,17.1488,9.56778375,1
22-Dec-2023 02:40:00,0.226144225743992,0.000242995393250897,0.0307797638593771,17.1686416666667,9.53523208333333,1
22-Dec-2023 03:00:00,0.255508452349226,-0.00548766032741029,0.0309602058539358,17.1828035043805,9.49141385064665,0.99875
22-Dec-2023 03:20:00,0.245652237399124,-0.0059086032903553,0.00316395443923218,17.203234681117,9.44112171738224,0.999583333333333
22-Dec-2023 03:40:00,0.242132222423515,0.00221668736656762,-0.0133163137928741,17.2190196078431,9.38702377972466,0.99875
22-Dec-2023 04:00:00,0.25908391700861,0.00486423560224207,-0.0286118133476704,17.229172586711,9.32143877977435,0.997083333333333
22-Dec-2023 04:20:00,0.235121685331515,-0.00100200449708941,-0.0332648226164785,17.2332916666665,9.26321916666668,1
22-Dec-2023 04:40:00,0.24559746583612,-0.00646319337117772,-0.0373502747696312,17.2430650542117,9.20525562969142,0.999166666666667
22-Dec-2023 05:00:00,0.25635645968813,-0.00787894546840867,-0.0353704999701251,17.248572621035,9.15883222036728,0.998333333333333
22-Dec-2023 05:20:00,0.236416397255696,-0.00805367102559211,-0.0399900307687017,17.2528928720301,9.10843518132555,0.999583333333333
22-Dec-2023 05:40:00,0.22796907309661,-0.00466820574854511,-0.0468802224360328,17.2614720600503,9.07897539616346,0.999166666666667
22-Dec-2023 06:00:00,0.232678434447148,-0.00717708805606111,-0.0494522629522947,17.2698414685026,9.05778890279516,0.99875
22-Dec-2023 06:20:00,0.218491129921093,-0.0136328639913886,-0.0594025820003022,17.2741461377872,9.04581294363256,0.997916666666667
22-Dec-2023 06:40:00,0.221825606628273,-0.0258450438135757,-0.0620632888794593,17.2756833333335,9.05647791666667,1
22-Dec-2023 07:00:00,0.252959896080677,-0.00964606235209387,-0.080564049571915,17.2696666666669,9.0760025,1
22-Dec-2023 07:20:00,0.24123988120496,0.0382661319161601,-0.0816252698105449,17.2685750000003,9.11982833333334,1
22-Dec-2023 07:40:00,0.266204353854608,0.0136541382131888,-0.0680567009017821,17.2780250000001,9.16106583333334,1
22-Dec-2023 08:00:00,0.263678115095477,0.000579128865908125,-0.0615651231207614,17.2808083333334,9.21156166666667,1
22-Dec-2023 08:20:00,0.250120522639444,-0.00446891642151799,-0.0553492428511838,17.2849416666668,9.28390541666667,1
22-Dec-2023 08:40:00,0.226198584393747,-0.00241557514739284,-0.0503368209604114,17.2891833333335,9.36727125000001,1
22-Dec-2023 09:00:00,0.21422576763337,0.0101151931297045,-0.044040689336736,17.2915083333334,9.46445958333333,1
22-Dec-2023 09:20:00,0.219581400078664,-0.00519267677055173,-0.0585107548380831,17.2950833333333,9.55279875,1
22-Dec-2023 09:40:00,0.208429644477363,-0.0216462268122035,-0.064834204932741,17.301,9.66271875,1
22-Dec-2023 10:00:00,0.215651427930026,-0.0301267855986746,-0.0627604734587111,17.3091333333334,9.76983958333333,1
22-Dec-2023 10:20:00,0.212268296864685,-0.0411618924194026,-0.0604873317016522,17.3164833333332,9.86764291666667,1
22-Dec-2023 10:40:00,0.21312846419208,-0.0469160243161256,-0.0493543784440512,17.3218916666666,9.97934083333333,1
22-Dec-2023 11:00:00,0.20961595943772,-0.0433812742299023,-0.0358560545750408,17.3291083333333,10.0828616666667,1
22-Dec-2023 11:20:00,0.209442056934177,-0.0328184895842437,-0.0117396638362712,17.3285166666666,10.1630608333333,1
22-Dec-2023 11:40:00,0.214442251061774,-0.0150428631947363,0.00749191124035351,17.3275249999999,10.2366125,1
22-Dec-2023 12:00:00,0.227507811558165,-0.00350242820563168,0.0314580295534889,17.3208833333332,10.2962004166667,1
22-Dec-2023 12:20:00,0.207844716008783,0.00840579001680763,0.0437506253359957,17.3125416666666,10.3360670833333,1
22-Dec-2023 12:40:00,0.20229728663665,0.0297650294391006,0.073139342874058,17.2887500000001,10.3766475,1
22-Dec-2023 13:00:00,0.204839527370464,0.0162291398330217,0.0823517146967732,17.2595333333335,10.3948554166667,1
22-Dec-2023 13:20:00,0.193679618874057,0.0203043249287876,0.102426284293431,17.2460166666666,10.3806995833333,1
22-Dec-2023 13:40:00,0.201516147856897,0.015156746652928,0.102145300682481,17.2289249999998,10.3498641666667,1
22-Dec-2023 14:00:00,0.181667281676246,0.00421269971571257,0.0924078913044561,17.1972999999999,10.3060975,1
22-Dec-2023 14:20:00,0.206247803468985,-0.00788312261299604,0.0887355701838845,17.1408583333334,10.2450683333333,1
22-Dec-2023 14:40:00,0.183933183359033,-0.0182262557230316,0.0869884119464224,17.115925,10.1636520833333,1
22-Dec-2023 15:00:00,0.211301290734758,-0.00979716102022903,0.0866369226776165,17.1062416666668,10.0753683333333,1
22-Dec-2023 15:20:00,0.222842473267971,-0.0063446471821099,0.0734938849485518,17.0958916666668,9.98288999999999,1
22-Dec-2023 15:40:00,0.212326245998526,-0.00647444079386079,0.0667437119111865,17.0903500000001,9.87931458333333,1
22-Dec-2023 16:00:00,0.211060973063285,0.00551508255642718,0.0698846753349197,17.0891333333334,9.76719916666667,1
22-Dec-2023 16:20:00,0.206132459965752,0.0170893491685945,0.064577652961231,17.0893750000001,9.64562416666667,1
22-Dec-2023 16:40:00,0.177737579787735,0.0133280632956338,0.0714887267602182,17.0899250000001,9.52434875,1
22-Dec-2023 17:00:00,0.172358382071905,0.0112915107325141,0.0578519350603603,17.0885833333334,9.40286041666666,1
22-Dec-2023 17:20:00,0.191178153762796,0.0169740098437598,0.0575494648040404,17.0812583333333,9.27906041666667,1
22-Dec-2023 17:40:00,0.198513467435478,0.0160884223815936,0.0469542590521239,17.0797249999999,9.16834916666667,1
22-Dec-2023 18:00:00,0.191346369876366,0.0134320985638203,0.0464432960349352,17.0797166666666,9.05533,1
22-Dec-2023 18:20:00,0.180366027143088,0.0129960891474832,0.0382429998504058,17.0802416666666,8.95624166666667,1
22-Dec-2023 18:40:00,0.193606102847217,0.0147537987814569,0.0214903533214784,17.0923750000002,8.86734041666666,1
22-Dec-2023 19:00:00,0.203089328142639,0.027851158510811,0.00439355782124595,17.0994750000002,8.78915833333333,1
22-Dec-2023 19:20:00,0.210811131728853,0.0202289120244013,-0.00380493644878379,17.0969500000002,8.74143333333333,1
22-Dec-2023 19:40:00,0.202232398118701,0.0127923427116268,0.00215432977961472,17.1367666666667,8.69656125,1
22-Dec-2023 20:00:00,0.190020044991147,0.0157133450550421,0.00526396034072548,17.1648083333333,8.66266458333333,1
22-Dec-2023 20:20:00,0.193264235703746,0.0331937078970546,-0.00365784735335065,17.1278750000001,8.64698666666666,1
22-Dec-2023 20:40:00,0.212407622611895,0.0327153857084934,-0.0084040248008944,17.1089916666667,8.65150041666667,1
22-Dec-2023 21:00:00,0.197582921713726,0.0405941681349365,-0.010157426737357,17.1017416666668,8.6768525,1
22-Dec-2023 21:20:00,0.224992341721653,0.0355112997147275,-0.00827700972818535,17.1014000000002,8.71652,1
22-Dec-2023 21:40:00,0.209181397094006,0.0393845227411084,-0.00549687854410391,17.0971666666668,8.78014749999999,1
22-Dec-2023 22:00:00,0.236771867655685,0.0328110326245627,-0.00143521284855299,17.107590966123,8.84054579673776,0.99625
22-Dec-2023 22:20:00,0.217712830463703,0.0119676485183297,0.00152469742593783,17.1682999999999,8.91381208333333,1
22-Dec-2023 22:40:00,0.21433412850689,0.00610050595781662,0.0117903865081236,17.2280333333331,8.99168791666666,1
22-Dec-2023 23:00:00,0.18660954275974,0.0143975814000013,0.0111732394295204,17.2105000000001,9.07597583333333,1
22-Dec-2023 23:20:00,0.197839257909216,0.0141270351030338,0.0278856584889045,17.1985333333333,9.16694666666667,1
22-Dec-2023 23:40:00,0.212706917020032,0.0101705054493487,0.0355509218146706,17.1895583333333,9.26349791666667,1
23-Dec-2023 00:00:00,0.208914000408508,-0.0223598558058966,0.0225131484639728,17.1706166666665,9.35456708333333,1
23-Dec-2023 00:20:00,0.203186647757356,-0.0259816009004026,0.0169008955280539,17.1322833333333,9.43302333333333,1
23-Dec-2023 00:40:00,0.234220163486835,-0.0202041413477375,0.0278839059116802,17.1460325406757,9.49885940759283,0.99875
23-Dec-2023 01:00:00,0.202748297535675,-0.0274351100579249,0.00904995610300182,17.1529929137139,9.56153397248854,0.999583333333333
23-Dec-2023 01:20:00,0.217782796271043,-0.0294182396706577,0.0178362389343692,17.1885219206679,9.60322505219207,0.997916666666667
23-Dec-2023 01:40:00,0.214322519950102,-0.0254891704343692,0.0124514168344068,17.2025104253545,9.64120809007506,0.999166666666667
23-Dec-2023 02:00:00,0.197439743006043,-0.0127917285227779,0.00860375796752115,17.198525,9.66495,1
23-Dec-2023 02:20:00,0.195991783348263,-0.0154704304268237,-0.0039108428982584,17.19155,9.680655,1
23-Dec-2023 02:40:00,0.195759928078913,-0.0106370187228249,-0.0155226703948499,17.1906749999999,9.67050791666667,1
23-Dec-2023 03:00:00,0.189950978817198,-0.00932658647141938,-0.0216514638616329,17.1799750000001,9.65117166666667,1
23-Dec-2023 03:20:00,0.201792277993319,-0.00684219448258268,-0.0290316016954746,17.1765250000001,9.62489375,1
23-Dec-2023 03:40:00,0.170400045718194,-0.0060987239014612,-0.0338345261523693,17.1714839516466,9.59051104626928,0.999583333333333
23-Dec-2023 04:00:00,0.189985899316364,0.0273501194029545,-0.0251384481004481,17.1794500000001,9.54600458333334,1
23-Dec-2023 04:20:00,0.182918140868188,0.0456510008907603,-0.0213375846369396,17.1867180984153,9.4994691409508,0.999166666666667
23-Dec-2023 04:40:00,0.197849369786893,0.0405399602076229,-0.0161152297191246,17.2011722987065,9.44875719649562,0.99875
23-Dec-2023 05:00:00,0.195017877908075,0.045199018239832,-0.0200548863548043,17.2119758232596,9.39822801167154,0.999583333333333
23-Dec-2023 05:20:00,0.187539938109583,0.0483795173963218,-0.017327059347244,17.2084576907044,9.34557190496039,0.999583333333333
23-Dec-2023 05:40:00,0.2000121612092,0.0582511268333938,-0.0183119644991553,17.2040933722385,9.29805335556482,0.999583333333333
23-Dec-2023 06:00:00,0.196089033747697,0.0522868057687489,-0.0139116781988817,17.1987077949146,9.25399541475615,0.999583333333333
23-Dec-2023 06:20:00,0.188942511335827,0.0335225881151949,-0.0204314104491433,17.2029929137138,9.22250020842017,0.999583333333333
23-Dec-2023 06:40:00,0.200108190687607,0.0129944344509493,-0.0329235235469187,17.2561888842459,9.19056330965315,0.997083333333333
23-Dec-2023 07:00:00,0.183452966026617,0.00895329837439875,-0.0391832822652406,17.285302013423,9.17106837248322,0.993333333333333
23-Dec-2023 07:20:00,0.162476779069209,-0.000187335219336997,-0.0475402962563247,17.2948891677122,9.16679924717691,0.99625
23-Dec-2023 07:40:00,0.167838281936661,-0.00581514824868407,-0.0504531303484721,17.3052297410193,9.17426190476191,0.9975
23-Dec-2023 08:00:00,0.161573063907885,-0.0132112262066619,-0.0524394288933674,17.3215416666666,9.20595208333333,1
23-Dec-2023 08:20:00,0.165850652235482,-0.0178019383267246,-0.0562978037381854,17.3383666666668,9.23942083333334,1
23-Dec-2023 08:40:00,0.176967860475832,-0.0184941062058714,-0.0538036916198052,17.3409083333334,9.29854500000001,1
23-Dec-2023 09:00:00,0.164880371398392,-0.0284458200599774,-0.0636021919544486,17.3459000000002,9.36141666666667,1
23-Dec-2023 09:20:00,0.178395752933387,-0.0293060532289903,-0.0624406068907932,17.3499083333335,9.43708291666667,1
23-Dec-2023 09:40:00,0.156577270828506,-0.0291841598784902,-0.0569338108134988,17.3484500000002,9.52047041666667,1
23-Dec-2023 10:00:00,0.148314651675694,-0.0227576142647831,-0.0536130572316044,17.3426333333334,9.61172375,1
23-Dec-2023 10:20:00,0.158922328247883,-0.0211640101894587,-0.0469155068779649,17.3352416666667,9.71832375,1
23-Dec-2023 10:40:00,0.151102626464795,-0.0168295494386573,-0.0455092782345842,17.3268749999999,9.82000791666667,1
23-Dec-2023 11:00:00,0.150217823791706,-0.0166259871560889,-0.0397248435845017,17.3209333333332,9.92686458333334,1
23-Dec-2023 11:20:00,0.153477432662883,-0.0175114885117622,-0.032795643721995,17.3207916666665,10.0281116666667,1
23-Dec-2023 11:40:00,0.138582211215684,-0.0185978696190491,-0.0249113515890216,17.3246916666666,10.1221779166667,1
23-Dec-2023 12:00:00,0.150926183605036,-0.014717956087097,-0.00781131816002679,17.3307666666666,10.21746,1
23-Dec-2023 12:20:00,0.144837199548974,-0.0136994307984019,0.000102861829666019,17.3384166666668,10.2892683333333,1
23-Dec-2023 12:40:00,0.143165409904697,-0.0149347178010664,0.0239947168005983,17.3385583333334,10.35927125,1
23-Dec-2023 13:00:00,0.146203987587413,-0.0186489920241385,0.0472216770808703,17.3356083333334,10.4101808333333,1
23-Dec-2023 13:20:00,0.160288129602528,-0.0242606032123873,0.0573082411986842,17.2994166666669,10.4462483333333,1
23-Dec-2023 13:40:00,0.152678478723296,-0.0169434282234954,0.0632015434328838,17.2812171738225,10.4659208003335,0.999583333333333
23-Dec-2023 14:00:00,0.149440899606909,-0.0138487693065534,0.06378399722842,17.2751083333335,10.4594220833333,1
23-Dec-2023 14:20:00,0.159496016613037,-0.00430466940773353,0.0640539022586273,17.2675500000002,10.43489,1
23-Dec-2023 14:40:00,0.17082428265521,0.0389323013130683,0.0637744452087158,17.1756333333332,10.3936070833333,1
23-Dec-2023 15:00:00,0.147890717201858,0.0310520194260286,0.0650948876614202,17.1243333333331,10.3368154166667,1
23-Dec-2023 15:20:00,0.157866006645923,0.012612580820096,0.0443107716243875,17.1384916666666,10.26063125,1
23-Dec-2023 15:40:00,0.135548795787388,0.00946177080392752,0.0344017351247694,17.1298416666666,10.1664275,1
23-Dec-2023 16:00:00,0.141632933783767,-0.000701146131337349,0.020928781936823,17.1271500000002,10.0681729166667,1
23-Dec-2023 16:20:00,0.146610530423802,0.00335276242515541,0.015030793744399,17.1239749999998,9.94940958333333,1
23-Dec-2023 16:40:00,0.152775788383998,-0.00479342891229455,0.00906984686828091,17.1491413088786,9.81317882451021,0.999583333333333
23-Dec-2023 17:00:00,0.144689132579164,-0.00921142550834281,0.00255394346511432,17.1704416666668,9.66935083333333,1
23-Dec-2023 17:20:00,0.148243608308739,-0.0106199767445208,0.0124214671026579,17.1899541475614,9.52255898290955,0.999583333333333
23-Dec-2023 17:40:00,0.140899899641206,0.00169095601710212,0.011879031942304,17.2201916666666,9.38505416666668,1
23-Dec-2023 18:00:00,0.159160617460389,0.0110950309053593,0.0161674924905833,17.2266833333331,9.24412083333333,1
23-Dec-2023 18:20:00,0.147414655072747,0.0134298461257956,0.015450408225892,17.19605,9.11125958333333,1
23-Dec-2023 18:40:00,0.156108264373889,0.0149163605911257,0.00144311618856696,17.1993166666667,8.97956958333333,1
23-Dec-2023 19:00:00,0.160859545194358,0.00932344755053986,-0.000587095599540263,17.1883666666667,8.85939458333333,1
23-Dec-2023 19:20:00,0.162214246414067,0.00196949616398589,0.000473249072511262,17.190125,8.74929041666666,1
23-Dec-2023 19:40:00,0.173835967090786,0.000283838998691924,-0.012451672639668,17.1922746243739,8.65364106844741,0.998333333333333
23-Dec-2023 20:00:00,0.164608155240572,0.0266385090856304,-0.0295835786876885,17.2128499999999,8.58193125,1
23-Dec-2023 20:20:00,0.177155589909365,0.032452339341881,-0.0399505063722888,17.2331083333332,8.52439291666667,1
23-Dec-2023 20:40:00,0.163426932974185,0.0372768265919534,-0.0574607463566615,17.2400333333332,8.48480458333334,1
23-Dec-2023 21:00:00,0.194493589914555,0.0472019911740709,-0.0616204186290096,17.2723676531889,8.47266652771988,0.999583333333333
23-Dec-2023 21:20:00,0.191611980185648,0.0503246251554499,-0.0630890505083026,17.3141583333333,8.47176791666667,1
23-Dec-2023 21:40:00,0.207554895443293,0.0340608312750439,-0.0549948852648001,17.3758222036728,8.47936978297162,0.998333333333333
23-Dec-2023 22:00:00,0.206541497759182,0.0182313507752514,-0.0495900728997082,17.4431749999998,8.51697916666667,1
23-Dec-2023 22:20:00,0.198982246757613,0.0164180667363275,-0.0488422758806377,17.4761666666664,8.57283374999999,1
23-Dec-2023 22:40:00,0.192563165144355,-0.00202370370569793,-0.0416378218992478,17.4960066694456,8.64415047936641,0.999583333333333
23-Dec-2023 23:00:00,0.21478075002466,-0.0430390615345554,-0.0459415425476036,17.5089741451211,8.71731442869057,0.999166666666667
23-Dec-2023 23:20:00,0.219346194767128,-0.0267908133435445,-0.0277644213724735,17.5094572025054,8.81458455114822,0.997916666666667
23-Dec-2023 23:40:00,0.206966312122456,-0.0153192346020389,-0.00325841042002203,17.5141416666669,8.92087374999999,1
24-Dec-2023 00:00:00,0.209713830707761,-0.0137258806137184,0.0191402494474938,17.5143250000002,9.02193166666667,1
24-Dec-2023 00:20:00,0.201557884775617,-0.00318145706279046,0.0390106864612722,17.5095500000002,9.12507875,1
24-Dec-2023 00:40:00,0.213509645772656,0.0019820174194478,0.0453446273522089,17.499575,9.21908,1
24-Dec-2023 01:00:00,0.209820419338218,0.0017307064386217,0.0495914105484997,17.4937833333332,9.32479416666667,1
24-Dec-2023 01:20:00,0.222826910361047,0.00456308178529122,0.0485039477224353,17.4745249999999,9.41309416666667,1
24-Dec-2023 01:40:00,0.2297012542147,0.0002326261844535,0.0505825486812672,17.5061916666669,9.49047416666667,1
24-Dec-2023 02:00:00,0.234780263363174,-0.00351559388318457,0.0538899758576835,17.5320583333335,9.56006791666667,1
24-Dec-2023 02:20:00,0.26954508649258,-0.00328868343634562,0.0556128940840018,17.5409000000002,9.6188475,1
24-Dec-2023 02:40:00,0.263413721544315,-0.00150462056484478,0.0535375538717336,17.5390704460193,9.65897624010005,0.999583333333333
24-Dec-2023 03:00:00,0.242337148565955,-0.00231009123829625,0.0558923979558218,17.5352500000001,9.68491041666667,1
24-Dec-2023 03:20:00,0.234379058416362,-0.0115237278410338,0.0551067361513966,17.5295083333334,9.69955541666667,1
24-Dec-2023 03:40:00,0.237254074085621,-0.010169617965081,0.0510870273794813,17.5215000000003,9.70091291666667,1
24-Dec-2023 04:00:00,0.227614192608744,-0.00446070143314187,0.0470580206747211,17.5134166666669,9.69959708333334,1
24-Dec-2023 04:20:00,0.190565552401107,-0.00449557219560379,0.0440634743400157,17.5126500000002,9.67165875,1
24-Dec-2023 04:40:00,0.235264061143834,-0.0130726966018087,0.0284797764933435,17.5068166666668,9.63319708333334,1
24-Dec-2023 05:00:00,0.210081841061224,-0.0184798942898724,0.0202465286972077,17.4970083333333,9.59097875,1
24-Dec-2023 05:20:00,0.235008610441256,-0.0115728778231244,0.00835828795208454,17.4899666666665,9.54125375000001,1
24-Dec-2023 05:40:00,0.215343550971653,-0.006485123012742,-0.00482759294039809,17.486227594831,9.48617090454356,0.999583333333333
24-Dec-2023 06:00:00,0.209017786395186,-0.014827295349484,-0.0149416540435203,17.4797248853686,9.44241433930805,0.999583333333333
24-Dec-2023 06:20:00,0.207057394553657,-0.0180379666992717,-0.0188860243103093,17.4740499999999,9.38670333333334,1
24-Dec-2023 06:40:00,0.227449512671043,-0.0155546259225895,-0.0225235424797719,17.4696580483736,9.34407172643871,0.999166666666667
24-Dec-2023 07:00:00,0.210211530172164,-0.0142251429182784,-0.0184399006383693,17.4634749999998,9.30161083333334,1
24-Dec-2023 07:20:00,0.207806930201476,-0.0302604198542421,-0.0247572670955007,17.4533416666668,9.2701175,1
24-Dec-2023 07:40:00,0.194097932541622,-0.0315647105039286,-0.024116467102069,17.4414166666666,9.25272541666667,1
24-Dec-2023 08:00:00,0.207376112513865,-0.0213157690389987,-0.0383944754818936,17.436125,9.24362125,1
24-Dec-2023 08:20:00,0.206925030127762,-0.025242546933066,-0.0531085141275849,17.4348728636933,9.24895539808254,0.999583333333333
24-Dec-2023 08:40:00,0.223012624403858,-0.0309430553531966,-0.0579927521055832,17.4386416666667,9.26883916666667,1
24-Dec-2023 09:00:00,0.21610836307816,-0.0301103589937704,-0.0603639784900148,17.43875,9.29877083333333,1
24-Dec-2023 09:20:00,0.198285198877111,-0.0311346660249411,-0.0701894928999533,17.439275,9.35291291666667,1
24-Dec-2023 09:40:00,0.206273681382082,-0.040161763818578,-0.0790463850541593,17.436625,9.41690583333333,1
24-Dec-2023 10:00:00,0.224957092576262,-0.0383902786340315,-0.083879487947216,17.4312833333335,9.48379708333333,1
24-Dec-2023 10:20:00,0.202592098199796,-0.0447388149329094,-0.0802752887911842,17.4292750000001,9.568275,1
24-Dec-2023 10:40:00,0.253534124402167,-0.0447505784458741,-0.0719617933374704,17.4249166666668,9.65466291666667,1
24-Dec-2023 11:00:00,0.223888130525031,-0.0414641283106682,-0.066544023534538,17.4320000000001,9.75782791666666,1
24-Dec-2023 11:20:00,0.215797355564267,-0.0383386790146112,-0.0583540767168503,17.4457333333334,9.86174166666667,1
24-Dec-2023 11:40:00,0.208367889764629,-0.0354175266662678,-0.0496543784221802,17.4608499999999,9.96910833333333,1
24-Dec-2023 12:00:00,0.234020617127604,-0.0379475171014231,-0.0437343700761692,17.4710166666666,10.0767179166667,1
24-Dec-2023 12:20:00,0.237014691551028,-0.0374567534515646,-0.0385114000557814,17.4794833333331,10.1742083333333,1
24-Dec-2023 12:40:00,0.243581964357943,-0.0312513392450765,-0.030025338015576,17.4830749999998,10.258325,1
24-Dec-2023 13:00:00,0.22386492721845,-0.0308727733505891,-0.0228762675244318,17.4898416666665,10.3396708333333,1
24-Dec-2023 13:20:00,0.205279291871325,-0.0309321234564643,-0.0160776908318207,17.4940749999999,10.41165,1
24-Dec-2023 13:40:00,0.218416251532857,-0.0226652989668848,-0.0110310557129746,17.4911416666665,10.4695333333333,1
24-Dec-2023 14:00:00,0.229250364434816,-0.0246491205253458,-0.0131390560417005,17.4889166666665,10.50807,1
24-Dec-2023 14:20:00,0.219311785631355,-0.0241999494845042,-0.0105813876168104,17.4875166666665,10.5314170833333,1
24-Dec-2023 14:40:00,0.219140735323764,-0.0179620314974956,-0.00604359329099139,17.4818499999997,10.5258958333333,1
24-Dec-2023 15:00:00,0.213558030213887,-0.0122453646287597,-0.00173174277180141,17.4795916666664,10.5017508333333,1
24-Dec-2023 15:20:00,0.223398240783032,-0.012102204832733,-0.0100740626185127,17.4789749999998,10.4613879166667,1
24-Dec-2023 15:40:00,0.2586283390881,-0.0153980636089937,-0.024898792566795,17.4733999999998,10.3918391666667,1
24-Dec-2023 16:00:00,0.218787793143076,-0.0130455688038997,-0.0284260058049922,17.4720383493121,10.3075656523551,0.999583333333333
24-Dec-2023 16:20:00,0.216578562476516,-0.0118738212254696,-0.023646210079409,17.4838916666665,10.2144320833333,1
24-Dec-2023 16:40:00,0.232535065901314,-0.0178355399521434,-0.0376261666707675,17.4858833333331,10.09597125,1
24-Dec-2023 17:00:00,0.210550994732538,-0.0186189289116004,-0.05714875702718,17.4736749999999,9.97077375,1
24-Dec-2023 17:20:00,0.206059383094475,-0.0190898099922277,-0.0617887389673146,17.4683916666666,9.82082791666667,1
24-Dec-2023 17:40:00,0.209353067701562,-0.0198035859723618,-0.0709398240421708,17.4334000000001,9.67201458333334,1
24-Dec-2023 18:00:00,0.202056803336012,-0.0164056726159258,-0.0726267942516543,17.3893916666669,9.51178041666667,1
24-Dec-2023 18:20:00,0.180555454725135,-0.0161343946533512,-0.0700057098093126,17.3419416666667,9.35246125,1
24-Dec-2023 18:40:00,0.177023764134382,-0.0247098796443555,-0.0632645590870018,17.3493833333335,9.18729,1
24-Dec-2023 19:00:00,0.166831807239125,-0.0261627497384639,-0.0582593422470316,17.4172666666668,9.04269416666667,1
24-Dec-2023 19:20:00,0.192521765845347,-0.0276387384907412,-0.0589626674528556,17.4758249999999,8.8964,1
24-Dec-2023 19:40:00,0.205438178324358,-0.026744939164714,-0.0611302455322572,17.5122000000002,8.76416958333333,1
24-Dec-2023 20:00:00,0.178832448139526,-0.0144279043886992,-0.0638645603572938,17.5106416666667,8.63836875,1
24-Dec-2023 20:20:00,0.205410155377774,0.0020514472417404,-0.0673567906304625,17.4202500000001,8.53436458333334,1
24-Dec-2023 20:40:00,0.194444534774832,0.00149268131696447,-0.0680029125259116,17.2914833333334,8.44652416666667,1
24-Dec-2023 21:00:00,0.202119411617371,0.0103413273317158,-0.0662720258065461,17.2146916666668,8.38597916666666,1
24-Dec-2023 21:20:00,0.185300222131718,0.0074305178324651,-0.0570638545011272,17.1924833333333,8.34904583333333,1
24-Dec-2023 21:40:00,0.213995162901083,-0.00785606084484929,-0.060679988319644,17.1852083333334,8.32177125,1
24-Dec-2023 22:00:00,0.207709371055822,-0.00396352329378922,-0.069797769448193,17.1829166666668,8.31946958333334,1
24-Dec-2023 22:20:00,0.180303020919081,-0.00327853949069445,-0.0738848662923226,17.1813416666668,8.33935416666667,1
24-Dec-2023 22:40:00,0.189786250345255,-0.00109769811260797,-0.0829095776212144,17.2030429345559,8.36871863276365,0.999583333333333
24-Dec-2023 23:00:00,0.227618047114584,-0.028626986921092,-0.0729518199490192,17.2403166666665,8.42722541666667,1
24-Dec-2023 23:20:00,0.228095257800411,-0.0222236494316691,-0.0687546225323436,17.2731083333333,8.48953124999999,1
24-Dec-2023 23:40:00,0.208436591122626,-0.0209879368355584,-0.0633371431858519,17.3362000000002,8.58550125,1
25-Dec-2023 00:00:00,0.194855577507734,-0.0179972705091957,-0.0583267376676644,17.4104750000001,8.68954708333334,1
25-Dec-2023 00:20:00,0.204563347159603,-0.0149062538356015,-0.0494294349159141,17.4540333333332,8.79242541666666,1
25-Dec-2023 00:40:00,0.205045762478808,0.00465780706085895,-0.0381602950362502,17.4862666666665,8.90629458333333,1
25-Dec-2023 01:00:00,0.204922943760767,0.0110639576220777,-0.0263863870698342,17.5010833333334,9.02500291666666,1
25-Dec-2023 01:20:00,0.218982321235662,-0.00668048661970154,0.00370390405222579,17.5029,9.13543916666667,1
25-Dec-2023 01:40:00,0.221153834921005,-0.0154765835728077,0.0126332602670283,17.5105000000002,9.23846458333333,1
25-Dec-2023 02:00:00,0.21973586002401,-0.0242971064527176,0.0210594071036297,17.5143083333335,9.33263708333334,1
25-Dec-2023 02:20:00,0.219613913690216,-0.0108775038416642,0.00816373295299887,17.516541666667,9.43231541666667,1
25-Dec-2023 02:40:00,0.212546745749476,-0.0122468367908804,0.0213361231158415,17.5224250000003,9.512815,1
25-Dec-2023 03:00:00,0.195698088623683,-0.0186775848009489,0.0366892088953825,17.5190666666669,9.58793291666667,1
25-Dec-2023 03:20:00,0.220001789237133,-0.0177431072860042,0.0309157758389039,17.5288750000001,9.64215708333333,1
25-Dec-2023 03:40:00,0.205272097838191,-0.0216353064896391,0.0341320323088025,17.5375666666668,9.68308125,1
25-Dec-2023 04:00:00,0.224546242414193,-0.0212310915789572,0.038154393341084,17.5361333333335,9.71099875,1
25-Dec-2023 04:20:00,0.217946306627977,-0.0194350575198975,0.0293754620967725,17.5430179241349,9.72585994164235,0.999583333333333
25-Dec-2023 04:40:00,0.211877469587741,-0.0171323201649373,0.0226675142843465,17.55375,9.72171083333333,1
25-Dec-2023 05:00:00,0.210258292401743,-0.0162048443879796,0.0164056147534751,17.5591083333333,9.70407833333333,1
25-Dec-2023 05:20:00,0.190870312468506,-0.0131630024736805,0.00674441156353945,17.5585166666667,9.67569333333333,1
25-Dec-2023 05:40:00,0.212610041783789,-0.0122255450223068,-0.000614174227882772,17.5508083333333,9.63252708333333,1
25-Dec-2023 06:00:00,0.19917747524925,-0.00642781174883131,-0.0035624850451722,17.5484416666667,9.59292083333334,1
25-Dec-2023 06:20:00,0.227587587556495,-0.00953349183521582,-0.0105047616157509,17.5409591326107,9.5486221851543,0.999166666666667
25-Dec-2023 06:40:00,0.220805694043919,-0.00307285811606926,-0.00598570363467886,17.5387166666668,9.49856625,1
25-Dec-2023 07:00:00,0.238174930512487,-0.00365298171034497,0.00293756115447603,17.5357750000001,9.45093916666667,1
25-Dec-2023 07:20:00,0.224341481581595,-0.0135678597471829,-0.00261705444491165,17.5307419758233,9.41235598165903,0.999583333333333
25-Dec-2023 07:40:00,0.212428217543177,-0.0246627273297352,-0.0016762027434161,17.5262250000002,9.36766666666667,1
25-Dec-2023 08:00:00,0.214176631750757,-0.0132275633286844,-0.022116796765765,17.5175323051273,9.33904543559817,0.999583333333333
25-Dec-2023 08:20:00,0.216983468833894,-0.012050715301795,-0.0346359642656664,17.5091916666668,9.31078333333333,1
25-Dec-2023 08:40:00,0.219945148053657,-0.00788727682241086,-0.0435076388284626,17.5128083333336,9.29569708333334,1
25-Dec-2023 09:00:00,0.219207196953533,-0.0184591998033343,-0.045587380873774,17.5112844036699,9.30042035029191,0.999166666666667
25-Dec-2023 09:20:00,0.175546962914375,-0.0234927060809436,-0.0630162971584515,17.5090666666668,9.31404791666666,1
25-Dec-2023 09:40:00,0.191619975427113,-0.0431928760408045,-0.0677462931769122,17.5026083333334,9.34549541666667,1
25-Dec-2023 10:00:00,0.2113761915949,-0.0351602713482211,-0.0785574771279085,17.4996072931276,9.37632187938289,0.594166666666667
25-Dec-2023 10:20:00,NaN,NaN,NaN,NaN,NaN,0
25-Dec-2023 10:40:00,NaN,NaN,NaN,NaN,NaN,0
25-Dec-2023 11:00:00,NaN,NaN,NaN,NaN,NaN,0
25-Dec-2023 11:20:00,NaN,NaN,NaN,NaN,NaN,0
25-Dec-2023 11:40:00,NaN,NaN,NaN,NaN,NaN,0
25-Dec-2023 12:00:00,NaN,NaN,NaN,NaN,NaN,0
25-Dec-2023 12:20:00,0.271118331283871,0.0267687163132021,0.0060990702054902,11.958,15.779,0.00208333333333333
25-Dec-2023 12:40:00,NaN,NaN,NaN,NaN,NaN,0
25-Dec-2023 13:00:00,NaN,NaN,NaN,NaN,NaN,0
25-Dec-2023 13:20:00,NaN,NaN,NaN,NaN,NaN,0
25-Dec-2023 13:40:00,NaN,NaN,NaN,NaN,NaN,0
25-Dec-2023 14:00:00,NaN,NaN,NaN,NaN,NaN,0
25-Dec-2023 14:20:00,NaN,NaN,NaN,NaN,NaN,0
25-Dec-2023 14:40:00,NaN,NaN,NaN,NaN,NaN,0
25-Dec-2023 15:00:00,NaN,NaN,NaN,NaN,NaN,0
25-Dec-2023 15:20:00,NaN,NaN,NaN,NaN,NaN,0
25-Dec-2023 15:40:00,NaN,NaN,NaN,NaN,NaN,0
25-Dec-2023 16:00:00,NaN,NaN,NaN,NaN,NaN,0
25-Dec-2023 16:20:00,NaN,NaN,NaN,NaN,NaN,0
25-Dec-2023 16:40:00,NaN,NaN,NaN,NaN,NaN,0
25-Dec-2023 17:00:00,NaN,NaN,NaN,NaN,NaN,0
25-Dec-2023 17:20:00,0.169964871109945,-0.0218453822493937,-0.00576945852572446,6.22054347826087,9.19318478260869,0.0383333333333333
25-Dec-2023 17:40:00,0.188776128935282,-0.00329428447665636,0.00240952386565936,-3.76058343057176,11.6098109684948,0.714166666666667
25-Dec-2023 18:00:00,0.165494208853235,0.0010346065001153,0.00567258375826937,-3.78995348837209,13.303976744186,0.179166666666667
25-Dec-2023 18:20:00,0.190479184001652,0.010056124103103,0.00942057964703962,-5.65870731707318,15.1527926829268,0.341666666666667
25-Dec-2023 18:40:00,0.214068263043092,0.00416325292353698,0.0120407820708567,-4.2788913362702,11.8402694566813,0.5675
25-Dec-2023 19:00:00,0.177907759271818,0.0211616011426053,0.00996825908832386,-4.72104367135456,14.7920991857883,0.562916666666667
25-Dec-2023 19:20:00,0.212846369018782,0.0064617582608191,0.0088496787328548,-5.13523666866387,13.3202043139605,0.695416666666667
25-Dec-2023 19:40:00,0.215629518458555,0.0248811016385441,0.0106789363855868,-4.44454189506657,12.6037682067345,0.532083333333333
25-Dec-2023 20:00:00,0.205855254456588,0.0328412033726865,0.0118162382011254,-5.13359532660649,11.1273462559745,0.784583333333333
25-Dec-2023 20:20:00,0.207757549677459,0.0227398006443117,0.0122224309063898,-2.69597114317425,12.233667036626,0.375416666666667
25-Dec-2023 20:40:00,0.240421194083208,0.00448630452402731,0.00793594329957146,-3.93590909090909,15.7621818181818,0.11
25-Dec-2023 21:00:00,0.236251212582447,0.00415119361412923,0.00641917754200158,-3.98836017569547,11.530345534407,0.284583333333333
25-Dec-2023 21:20:00,0.236705303014726,-0.00118433537179249,0.00731479519395704,-4.40400856793147,12.5562815177478,0.680833333333333
25-Dec-2023 21:40:00,0.224302295432661,0.0119737038918506,0.00568601450091637,-3.49077130044844,9.8380995515695,0.464583333333333
25-Dec-2023 22:00:00,0.214879924763646,-0.00334340269360061,0.0115820970775202,-4.9075465425532,12.204241356383,0.626666666666667
25-Dec-2023 22:20:00,0.243708300083627,-0.000485873359329137,0.00769272718310617,-4.74310660562461,10.4288449967299,0.637083333333333
25-Dec-2023 22:40:00,0.187083234157472,0.00625343046044436,0.0112516082525729,-0.755180722891565,8.86433012048193,0.172916666666667
25-Dec-2023 23:00:00,0.24645404811149,0.0320088606216294,0.0163307051220073,15.4105594405594,10.4947272727273,0.0595833333333333
25-Dec-2023 23:20:00,0.234452582760686,0.0328762649610057,0.0255351278483293,7.19448529411765,11.5936544117647,0.0566666666666667
25-Dec-2023 23:40:00,0.205168653700369,0.0317194806251268,0.0132100053476871,20.2167441860465,9.98395348837209,0.0179166666666667
26-Dec-2023 00:00:00,0.234820256579378,-0.00138272009604045,0.0094573158978016,6.24861904761905,10.6696,0.0875
26-Dec-2023 00:20:00,0.235942162050964,0.00403641384858209,0.00944775020679716,1.86235294117647,8.94939215686274,0.085
26-Dec-2023 00:40:00,0.329324160239573,-0.0801845025804238,0.00498144009472295,4.31205128205128,9.53433333333333,0.01625
26-Dec-2023 01:00:00,0.259542393045257,0.00579971186088482,0.0101404631109747,0.0887628865979381,8.86778350515464,0.0808333333333333
26-Dec-2023 01:20:00,0.132350147158173,-0.0230379229726678,-0.0124668128684442,9.25571428571429,10.8868571428571,0.00291666666666667
26-Dec-2023 01:40:00,NaN,NaN,NaN,NaN,NaN,0
26-Dec-2023 02:00:00,NaN,NaN,NaN,NaN,NaN,0
26-Dec-2023 02:20:00,NaN,NaN,NaN,NaN,NaN,0
26-Dec-2023 02:40:00,0.0456362732096136,-0.199509531275933,-0.028616755511319,19.83,8.342,0.000833333333333333
26-Dec-2023 03:00:00,0.217245680339881,-0.0169070915175179,7.77828399884348e-05,0.777391304347826,8.59673913043478,0.00958333333333333
26-Dec-2023 03:20:00,0.235479820183698,0.000608418933026559,0.00107596196462372,4.90569105691057,9.57130894308943,0.05125
26-Dec-2023 03:40:00,0.270032876060781,0.0484358118191743,0.0194315605673555,9.99106382978723,8.93625531914894,0.0195833333333333
26-Dec-2023 04:00:00,0.26812092477692,-0.0375977575084968,-0.000758779127213742,-5.32795918367348,7.14897017268446,0.265416666666667
26-Dec-2023 04:20:00,0.259780086389888,-0.00339009614284676,-0.00169708650236826,-4.14607635206788,10.8172534464475,0.392916666666667
26-Dec-2023 04:40:00,0.180351505955717,0.0264798607854393,-0.00675838607957001,-0.156138613861386,15.3720396039604,0.0420833333333333
26-Dec-2023 05:00:00,NaN,NaN,NaN,NaN,NaN,0
26-Dec-2023 05:20:00,0.0790012238079511,-0.331528616529561,-0.0117588973235118,-3.01,14.053,0.000833333333333333
26-Dec-2023 05:40:00,0.155288061984146,-0.0539792275446648,-0.0119771463018575,-2.5496511627907,10.6264069767442,0.0358333333333333
26-Dec-2023 06:00:00,0.214296249706235,0.0183109639304938,-0.00173468504822651,4.71307692307692,10.2990512820513,0.01625
26-Dec-2023 06:20:00,0.205586416925403,0.0533245490318793,0.0054230098286832,3.60939393939394,10.8483333333333,0.01375
26-Dec-2023 06:40:00,0.154131666964133,-0.204225801359576,-0.0118503086527059,5.67347826086957,10.0432173913043,0.00958333333333333
26-Dec-2023 07:00:00,0.282545803437748,0.0607670397477157,0.0043110992803556,7.70875,7.7868125,0.00666666666666667
26-Dec-2023 07:20:00,0.274731004947823,-0.00283838913274812,-0.00815785568801222,0.626299435028249,10.2026807909605,0.1475
26-Dec-2023 07:40:00,0.224876486776822,0.0239010349697644,-0.00116282472738058,1.78053359683794,9.1232371541502,0.210833333333333
26-Dec-2023 08:00:00,0.206312436682857,-0.0109675883923531,5.24897249760491e-05,-0.828014018691589,9.23216355140187,0.178333333333333
26-Dec-2023 08:20:00,0.237033261697929,-0.0697711296754384,-0.00324891736656775,3.76174358974359,14.3306564102564,0.08125
26-Dec-2023 08:40:00,0.158419850375513,-0.0327274189850513,-0.00462981317368954,11.4577777777778,13.2385555555556,0.00375
26-Dec-2023 09:00:00,0.273323676745362,-0.178816226182738,0.00362826745912701,-2.008,13.777,0.00208333333333333
26-Dec-2023 09:20:00,NaN,NaN,NaN,NaN,NaN,0
26-Dec-2023 09:40:00,0.351684414407383,0.116241913284843,-0.0029641785004015,9.14,6.9565,0.0025
26-Dec-2023 10:00:00,0.317104696229194,0.0990757718948353,0.00160475723005153,-0.215,10.52,0.000833333333333333
26-Dec-2023 10:20:00,0.218002438128648,0.0806850161838376,0.00486923831779845,-0.227857142857143,12.2433928571429,0.0116666666666667
26-Dec-2023 10:40:00,0.29049151060457,-0.0205811989383745,0.00771999270217898,1.23444210526316,10.0399221052632,0.197916666666667
26-Dec-2023 11:00:00,0.249452074939065,0.0345570942355209,0.0231717305703474,-0.0178010471204187,8.34538219895288,0.0795833333333333
26-Dec-2023 11:20:00,0.243798916005216,0.0378312847870454,0.0163203403348318,-2.05270377733599,8.96617693836978,0.209583333333333
26-Dec-2023 11:40:00,0.209632315010397,0.106786673777063,-0.0396363303194452,9.155,5.732,0.000833333333333333
26-Dec-2023 12:00:00,0.223021865021854,0.0293407430085995,0.0352970293235564,2.059,10.6636,0.00416666666666667
26-Dec-2023 12:20:00,0.190843459531479,0.0724805539270882,0.0252753947108083,2.451875,9.6025,0.00666666666666667
26-Dec-2023 12:40:00,0.236351505202149,-0.0184766712069557,0.00113575031890545,6.50816326530612,8.7385306122449,0.0408333333333333
26-Dec-2023 13:00:00,0.287998831820411,0.0377792660250057,0.0106202069378936,4.56018433179724,10.2136359447005,0.0904166666666667
26-Dec-2023 13:20:00,0.218810241814097,0.0679610413871927,0.0055024842250193,1.11717391304348,11.4329347826087,0.0191666666666667
26-Dec-2023 13:40:00,0.201356759561131,0.0123196663602679,0.010372389696595,2.76684210526316,11.0667719298246,0.02375
26-Dec-2023 14:00:00,0.195366197429862,-0.0145384962494008,-0.00245358868467011,6.09731707317073,11.0950243902439,0.0170833333333333
26-Dec-2023 14:20:00,0.189132317038342,-0.0410075349278649,-0.00387788089858923,0.605599999999999,10.5256,0.0104166666666667
26-Dec-2023 14:40:00,NaN,NaN,NaN,NaN,NaN,0
26-Dec-2023 15:00:00,NaN,NaN,NaN,NaN,NaN,0
26-Dec-2023 15:20:00,0.0768885009236782,-0.0342828159831132,0.0171307195798809,0.943333333333333,6.95066666666667,0.00125
26-Dec-2023 15:40:00,0.0574723029516722,0.0738449813925342,0.0102309984593012,-0.88,8.452,0.000833333333333333
26-Dec-2023 16:00:00,0.349496891613654,-0.100477134256766,0.00572152758907453,-5.17,12.676,0.0025
26-Dec-2023 16:20:00,0.28018255777942,0.0399429710907271,-0.00745962911616519,7.713,9.2097,0.00416666666666667
26-Dec-2023 16:40:00,0.198884018902727,0.150570949464953,0.00207443470977925,6.0075,7.0865,0.00166666666666667
26-Dec-2023 17:00:00,0.169068696384425,0.044856744027304,-0.00122659542905555,6.73,13.0122,0.00208333333333333
26-Dec-2023 17:20:00,0.147222491859041,-0.0174241290293963,-0.00465821025649828,4.70641791044776,9.06979104477612,0.0279166666666667
26-Dec-2023 17:40:00,0.116812858019134,0.0360897685293288,0.00879672301110668,5.3225,12.2560833333333,0.005
26-Dec-2023 18:00:00,0.211244740434654,0.0184699081445732,-0.00312940267672745,-6.04355311355312,7.83576190476191,0.11375
26-Dec-2023 18:20:00,0.249835980929788,0.0123528002481325,0.000202657568570795,-3.16340425531915,8.47704078014184,0.235
26-Dec-2023 18:40:00,0.19723642305451,-0.0561983238807969,-0.00481995294543004,-5.07641163793105,9.95260129310345,0.386666666666667
26-Dec-2023 19:00:00,0.33836301123646,0.0723292059109202,0.0213847495583927,-5.34348993288591,8.5543288590604,0.18625
26-Dec-2023 19:20:00,0.173502236015477,0.046178067662093,0.0016050480280193,3.80331168831169,10.8266428571429,0.0641666666666667
26-Dec-2023 19:40:00,0.190249692728432,-0.0698991209282211,-0.0104587005816033,0.77177304964539,9.85867375886525,0.05875
26-Dec-2023 20:00:00,0.323502620227816,0.068222439076235,0.00625775282021699,-0.932164179104478,8.56816417910448,0.0558333333333333
26-Dec-2023 20:20:00,0.233775887528171,-0.0225765483752508,0.0139595758183345,-1.64732307692308,9.24489538461539,0.135416666666667
26-Dec-2023 20:40:00,0.279513347512011,-0.072674193398156,0.0152815581822114,5.92811320754717,9.39758490566038,0.0220833333333333
26-Dec-2023 21:00:00,0.20599037779449,0.0588386540526984,0.0216327280540043,-3.83875,9.75143154761905,0.14
26-Dec-2023 21:20:00,0.305536943482148,0.0331548830694483,0.0165872930641958,3.86888888888889,8.86060317460317,0.02625
26-Dec-2023 21:40:00,0.169629301196884,-0.0917875018493499,-0.00903676439242112,-3.04888888888889,9.42263333333333,0.0375
26-Dec-2023 22:00:00,0.235890315304729,0.0020892385547489,0.00411184306228854,7.00382978723404,11.7188723404255,0.0195833333333333
26-Dec-2023 22:20:00,0.340303692915249,-0.0285940716301468,0.00604590816748367,3.74920634920635,9.97514285714286,0.02625
26-Dec-2023 22:40:00,0.298888397698886,0.000592755154464677,0.0124285472895359,7.90073529411765,9.08795588235294,0.0283333333333333
26-Dec-2023 23:00:00,0.240079910972305,-0.0767953530758067,0.00582783438841953,1.55475609756098,10.9859512195122,0.0341666666666667
26-Dec-2023 23:20:00,0.248250467734171,-0.0630726739288526,0.00569322822614618,4.53166666666667,10.5358484848485,0.0275
26-Dec-2023 23:40:00,0.223182401686398,0.0410642887829705,0.00576294167786786,9.00309523809524,10.373380952381,0.0175
27-Dec-2023 00:00:00,0.233763931048882,0.0570032961011317,0.0153388217889069,3.93511363636364,10.5183522727273,0.0366666666666667
27-Dec-2023 00:20:00,0.213308806739812,0.0402776984910853,0.0138955265449342,-0.274285714285715,9.98560248447205,0.0670833333333333
27-Dec-2023 00:40:00,0.23342787516525,0.0219252311898274,0.0145722408888503,4.102,11.1876285714286,0.0145833333333333
27-Dec-2023 01:00:00,0.246082439386109,0.00542273182630869,0.0163451959027165,1.06396551724138,12.408724137931,0.0241666666666667
27-Dec-2023 01:20:00,0.231813055189269,-0.00125441379634522,0.0225898826289654,4.50951219512195,10.7922195121951,0.0341666666666667
27-Dec-2023 01:40:00,0.21372004270415,-0.0414342784438564,0.0121063864651206,3.77734939759036,11.0848795180723,0.0345833333333333
27-Dec-2023 02:00:00,0.209011590070629,-0.0485891731295784,0.0129397160115493,1.27204301075269,10.1100967741935,0.03875
27-Dec-2023 02:20:00,0.172511429606983,0.0391171605785983,0.0184847121304258,-0.950000000000001,9.24068786127168,0.0720833333333333
27-Dec-2023 02:40:00,0.216678312710693,0.109380486814496,0.0255014375744061,1.87285714285714,8.91073214285714,0.0233333333333333
27-Dec-2023 03:00:00,0.194843499351764,-0.0202206996155921,0.00700419676041038,4.344,9.4688,0.0104166666666667
27-Dec-2023 03:20:00,0.223265707343988,-0.00546180226538601,0.00452096857315785,0.9782,10.9250222222222,0.1875
27-Dec-2023 03:40:00,0.144980816028149,0.0556972454831574,0.0112054143701317,7.08190476190476,8.59964285714286,0.0175
27-Dec-2023 04:00:00,0.188535050998849,-0.0295267200696339,-0.00194910009998788,3.01855172413793,11.4141379310345,0.0604166666666667
27-Dec-2023 04:20:00,0.177778775034341,-0.051103986069,-0.00404217009209935,4.09027272727273,11.2268636363636,0.0458333333333333
27-Dec-2023 04:40:00,0.212569658440384,-0.0468602889032216,0.00142480048484677,-1.44244755244755,8.13909090909091,0.0595833333333333
27-Dec-2023 05:00:00,0.1896234695358,-0.00860374012098968,0.00265180103187299,-6.01080645161291,6.41842114695341,0.2325
27-Dec-2023 05:20:00,0.188300751814787,-0.0225194812566355,0.00242200785009321,-6.40358463726886,7.68518207681366,0.585833333333333
27-Dec-2023 05:40:00,0.190925943505583,-0.0232527620505547,0.0016991411909667,-6.43059194948699,6.98539384372533,0.527916666666667
27-Dec-2023 06:00:00,0.193598982758995,-0.0362950239897667,-0.00147100713259497,-6.76325642715887,6.74375411997363,0.632083333333333
27-Dec-2023 06:20:00,0.166597188213028,-0.0271384810862786,-0.00210062840916749,-5.76420000000001,7.15061555555555,0.1875
27-Dec-2023 06:40:00,0.208209232280253,-0.0275843415909205,-0.00287896110745398,-5.33929687500001,8.28641927083333,0.16
27-Dec-2023 07:00:00,0.229696255632379,-0.00581497005894728,0.00436178800205143,-4.19625,6.78607638888889,0.06
27-Dec-2023 07:20:00,0.194837491533476,-0.0392018214918973,-0.0115587628412842,5.06909090909091,9.56472727272727,0.00458333333333333
27-Dec-2023 07:40:00,0.156126391879465,-0.0218143429387792,-0.00150416744215417,-2.84950617283951,8.59686419753086,0.03375
27-Dec-2023 08:00:00,0.206132250714411,-0.00649065013579406,-9.83900468914076e-05,0.0295283018867923,9.87707547169811,0.0441666666666667
27-Dec-2023 08:20:00,0.165282679419473,-0.0110084767699011,0.00238712656686454,-1.85094339622642,7.64067924528302,0.0441666666666667
27-Dec-2023 08:40:00,0.163540806584162,-0.0226262878727547,0.00204477659769611,3.43428571428571,9.49451428571428,0.0145833333333333
27-Dec-2023 09:00:00,0.190002202359815,-0.0125769421654769,-0.00211276653798167,1.27648351648352,10.507989010989,0.0379166666666667
27-Dec-2023 09:20:00,0.204243005552432,-0.0599717684409937,-0.0166040397663801,-1.31129032258065,9.98164516129032,0.0129166666666667
27-Dec-2023 09:40:00,0.185299079621221,-0.00630045204946236,-0.00393297057940483,8.16863636363636,11.6309393939394,0.0275
27-Dec-2023 10:00:00,0.191595667602709,-0.0126174808173846,0.00508510676642004,3.91545454545455,8.23018181818182,0.00916666666666667
27-Dec-2023 10:20:00,0.229468221161784,-0.021265584767135,-0.000125461651864352,-5.43144092219021,7.19743804034582,0.144583333333333
27-Dec-2023 10:40:00,0.191527498239388,-0.025114385012022,-0.0104870351491487,7.01622222222222,10.0822444444444,0.01875
27-Dec-2023 11:00:00,0.189481023285818,-0.0213437632340819,-0.00694247701629117,3.63290322580645,10.6213225806452,0.0129166666666667
27-Dec-2023 11:20:00,0.148830929380131,-0.0539876665406585,-0.0115885351755091,4.89340425531915,10.3981276595745,0.0195833333333333
27-Dec-2023 11:40:00,0.146273263475021,-0.0188125953985265,-0.00696749379715544,-1.02586206896552,10.0458965517241,0.0120833333333333
27-Dec-2023 12:00:00,0.173300174381354,-0.0615551099241609,-0.00514423511204419,-4.06333333333333,8.89370238095238,0.035
27-Dec-2023 12:20:00,0.188149453135631,-0.139598935208256,-0.00515936349368738,10.4657142857143,10.1482857142857,0.00875
27-Dec-2023 12:40:00,0.161945263426982,-0.0429473674058135,-0.00490134468844458,3.25507042253521,9.66038028169014,0.0295833333333333
27-Dec-2023 13:00:00,0.224705514856033,-0.0582619236533702,0.00300031059576947,6.99414634146341,9.72446341463415,0.0170833333333333
27-Dec-2023 13:20:00,0.143241529237394,0.0729535842693171,0.0160112994703884,5.60055555555556,8.95166666666667,0.0075
27-Dec-2023 13:40:00,0.220281795062536,-0.00353609315381445,0.0052974168775645,3.55551724137931,11.6252413793103,0.0120833333333333
27-Dec-2023 14:00:00,0.196321135937035,0.00539169987515135,-0.00420485909068809,-0.562000000000001,11.6104,0.00833333333333333
27-Dec-2023 14:20:00,0.196128482632314,-0.0208879635551389,-0.0056802092182945,7.60214285714286,13.4681428571429,0.00583333333333333
27-Dec-2023 14:40:00,0.134909753965974,0.0354409001421378,-0.00924603737068422,4.03285714285714,13.0202142857143,0.00583333333333333
27-Dec-2023 15:00:00,0.223010152366123,0.0128442406645537,-0.013939932440971,7.85636363636364,11.0815454545455,0.00916666666666667
27-Dec-2023 15:20:00,0.245762902506921,-0.0339648348575455,-0.0133567960222398,0.759999999999999,10.5005,0.00416666666666667
27-Dec-2023 15:40:00,0.244015127547562,-0.0186995034153694,-0.0151550927794086,-0.365,9.51203846153846,0.0108333333333333
27-Dec-2023 16:00:00,0.254741110414185,0.00585931346317729,-0.00207132473545162,4.996,10.8701,0.00416666666666667
27-Dec-2023 16:20:00,0.300394446829094,-0.0691883605714114,-0.00210690816768794,7.27823529411765,8.58194117647059,0.00708333333333333
27-Dec-2023 16:40:00,0.224945557720686,0.13391975073535,0.00209328521411747,7.60833333333333,11.5055,0.005
27-Dec-2023 17:00:00,0.345507343300583,-0.120607744518549,-0.00720585725266793,1.05352941176471,8.85764705882353,0.00708333333333333
27-Dec-2023 17:20:00,0.161455891571915,0.0172797680533378,2.09430471436047e-05,6.11607142857143,11.4352857142857,0.0116666666666667
27-Dec-2023 17:40:00,0.168802972886996,-0.0326638389410045,-0.00907827822474,0.173888888888889,11.2582222222222,0.0075
27-Dec-2023 18:00:00,0.157623004350986,0.0274221460702112,-0.0161455097981253,3.33615384615385,10.0259615384615,0.0108333333333333
27-Dec-2023 18:20:00,0.239602844182809,0.0443535376370253,0.000613534086920706,4.164375,9.743125,0.00666666666666667
27-Dec-2023 18:40:00,0.229225253099547,-0.0520802713492651,-0.0149116971870103,8.4075,14.170625,0.00333333333333333
27-Dec-2023 19:00:00,0.226831587170118,-0.0133405724839792,0.0149594463964607,3.7168,10.74884,0.0104166666666667
27-Dec-2023 19:20:00,0.331063628177671,-0.0396222668274532,-0.00319579392046527,1.11607142857143,10.8376785714286,0.0116666666666667
27-Dec-2023 19:40:00,0.222587025586896,-0.0730178526550823,0.00860010811528194,7.478,11.3012,0.00833333333333333
27-Dec-2023 20:00:00,0.244213859907671,-0.0110369403199173,0.0057151674230721,5.181875,11.06759375,0.0133333333333333
27-Dec-2023 20:20:00,0.209886340763199,0.0123653051957888,-0.00692024129954071,7.80384615384615,10.5416153846154,0.00541666666666667
27-Dec-2023 20:40:00,0.224308558257069,-0.0580773718415044,0.00120499957349859,4.26207547169811,12.5394150943396,0.0220833333333333
27-Dec-2023 21:00:00,0.287681444169949,0.0493357700558536,0.012231395688527,0.436896551724138,11.5383793103448,0.0120833333333333
27-Dec-2023 21:20:00,0.283799263311632,-0.123363665742816,-0.012988178053142,5.86367346938775,11.2366734693878,0.0204166666666667
27-Dec-2023 21:40:00,0.233583902204729,0.0217214049708413,-0.00623182467609144,3.29290322580645,11.5651451612903,0.0258333333333333
27-Dec-2023 22:00:00,0.312734773005251,-0.00523590563264961,-0.00478225858195974,0.460731707317073,11.4515609756098,0.0170833333333333
27-Dec-2023 22:20:00,0.264550354990306,-0.057789311875914,-0.0012581210550471,5.86829268292683,11.2032926829268,0.0170833333333333
27-Dec-2023 22:40:00,0.331333154456515,-0.0473986437436699,-0.00167338713619943,2.42526315789474,10.5748947368421,0.02375
27-Dec-2023 23:00:00,0.257118492084633,0.0825084952400223,0.00466299207992591,4.59520833333333,11.6883958333333,0.02
27-Dec-2023 23:20:00,0.345214775642236,-0.141360916005743,-0.0183045163859346,4.34972972972973,10.4469189189189,0.0154166666666667
27-Dec-2023 23:40:00,0.293273382619108,-0.134812607454021,-0.00339998562646768,0.498833333333333,10.2859333333333,0.025
28-Dec-2023 00:00:00,0.230244167590262,-0.0403843497511935,-0.00234280388876632,4.57454545454545,9.49956060606061,0.0275
28-Dec-2023 00:20:00,0.357330677676521,-0.0293565931221134,0.000304399439470959,2.2648275862069,10.3086896551724,0.0120833333333333
28-Dec-2023 00:40:00,0.253010089358708,-0.0641501325983446,-0.00686893796059773,1.09736842105263,11.0192368421053,0.0158333333333333
28-Dec-2023 01:00:00,0.329949708590555,-0.114667267339906,-0.00490848239889898,7.24321428571429,11.37575,0.0116666666666667
28-Dec-2023 01:20:00,0.289382529407883,-0.101992079606278,-0.0102424126207809,2.62287671232877,11.1369178082192,0.0304166666666667
28-Dec-2023 01:40:00,0.171679841236631,0.0791748337578463,0.00739539806471301,0.6205,10.7177,0.00833333333333333
28-Dec-2023 02:00:00,0.290257184618042,-0.124414353028702,-0.0183530413507447,2.15230769230769,9.29803846153846,0.0108333333333333
28-Dec-2023 02:20:00,0.257957668705843,0.0902478883560595,0.00251851877644659,-5.02421052631579,9.92831578947368,0.00791666666666667
28-Dec-2023 02:40:00,0.316690362207065,0.020778507819739,-0.00479916649587693,0.1025,12.863,0.005
28-Dec-2023 03:00:00,0.252392123724277,-0.0655010773851886,-0.000677881783116622,-2.9825,10.6770833333333,0.005
28-Dec-2023 03:20:00,0.21806032061676,-0.0331893052672805,-0.00225313205410612,2.03822222222222,8.02697777777778,0.01875
28-Dec-2023 03:40:00,0.215312617362997,-0.0311346142339014,0.000689756438190023,3.96814814814815,9.94696296296296,0.01125
28-Dec-2023 04:00:00,0.191687698927515,-0.00159870096883449,0.00760402565794114,4.40933333333333,11.0211333333333,0.0125
28-Dec-2023 04:20:00,0.201004104800417,0.0445622800511529,0.0011795345400513,3.21266666666667,9.31236666666667,0.0125
28-Dec-2023 04:40:00,0.195430392279123,-0.0566951764059317,-0.00589018627046418,1.23,10.8193333333333,0.0075
28-Dec-2023 05:00:00,0.222358503863758,0.0874421406124376,0.00982576804487626,-2.371875,11.56075,0.00666666666666667
28-Dec-2023 05:20:00,0.210645454571142,-0.0996002194394231,-0.00262360246951698,-6.9375,11.2355833333333,0.005
28-Dec-2023 05:40:00,0.180867870321354,-0.00681983461882446,-0.00211079895968834,-3.9695,12.4845,0.00833333333333333
28-Dec-2023 06:00:00,0.163134229813468,-0.0281958404877129,0.00471208723384361,-5.19857142857143,9.84509523809524,0.00875
28-Dec-2023 06:20:00,0.211602098711558,0.0526335122595497,0.00291439027358786,-2.5375,11.4393333333333,0.005
28-Dec-2023 06:40:00,0.229010669856258,0.0222302847661274,0.00565595189587544,-2.99347826086957,11.4261304347826,0.00958333333333333
28-Dec-2023 07:00:00,0.20416732686258,0.0517653122951765,0.0118716199713972,-3.08473684210526,9.30394736842105,0.00791666666666667
28-Dec-2023 07:20:00,0.172414323652374,0.0216941651780962,0.00279363149519858,-2.06466666666667,9.56926666666667,0.00625
28-Dec-2023 07:40:00,0.139732887144024,0.0678599352962917,0.00937144993615087,-2.27111111111111,11.4371111111111,0.00375
28-Dec-2023 08:00:00,0.179503813231262,-0.160353113806428,-0.0208065233701085,-6.42545454545455,11.5407272727273,0.00458333333333333
28-Dec-2023 08:20:00,0.19749915481918,-0.0817075962248961,-0.00681360942769774,-2.71333333333333,13.5383333333333,0.005
28-Dec-2023 08:40:00,0.155793439390777,0.165905120320423,0.0187692026660215,10.9492307692308,10.8079230769231,0.00541666666666667
28-Dec-2023 09:00:00,0.193118622246528,-0.0333373728179973,0.00355828361163548,3.85421052631579,12.4329473684211,0.00791666666666667
28-Dec-2023 09:20:00,0.157200630212151,-0.0582354340641799,-0.0104782746849513,3.85307692307692,10.6281538461538,0.00541666666666667
28-Dec-2023 09:40:00,0.160870682166909,-0.0115711662251837,-0.00318301882787836,1.86736842105263,12.6827368421053,0.00791666666666667
28-Dec-2023 10:00:00,0.199597156460377,0.0416581963475062,-0.00111327000461656,-6.98,14.6306,0.00208333333333333
28-Dec-2023 10:20:00,0.219764720811206,-0.0761987574267729,-0.0113105247103143,0.577619047619047,10.2077619047619,0.00875
28-Dec-2023 10:40:00,0.245641665323314,-0.0937583212290483,-0.00849379638406346,-5.31791666666667,11.0125833333333,0.01
28-Dec-2023 11:00:00,0.230232065830105,-0.0455347260643887,-0.00313517751006329,-5.15555555555556,11.0197222222222,0.0075
28-Dec-2023 11:20:00,0.246492799261749,-0.138949307369436,-0.0121252020968384,-6.56352941176471,11.8015882352941,0.00708333333333333
28-Dec-2023 11:40:00,0.316290202315844,0.0228093140703109,0.00255261838492647,5.37823529411765,10.0029411764706,0.00708333333333333
28-Dec-2023 12:00:00,0.285974382032665,-0.0280706793955809,0.00309211684755761,-0.134,11.801,0.00208333333333333
28-Dec-2023 12:20:00,0.223809238240861,-0.11746253024593,-0.022131372790703,1.311875,13.7460625,0.00666666666666667
28-Dec-2023 12:40:00,0.22040013298007,0.0985175063233872,-0.00322281970387501,-5.461,10.1592,0.00416666666666667
28-Dec-2023 13:00:00,0.261407134888483,-0.0937318125858654,0.00141613214680528,-4.38846153846154,12.7631538461538,0.00541666666666667
28-Dec-2023 13:20:00,0.42308326202044,-0.259102126322538,-0.0132966458758361,1.61,9.3325,0.00416666666666667
28-Dec-2023 13:40:00,0.236350967379974,-0.0176012674441026,-0.0202157702589756,-2.39444444444444,9.26722222222222,0.00375
28-Dec-2023 14:00:00,0.232465353120805,0.027162372446924,-0.000629409107433932,0.942499999999999,11.015125,0.00666666666666667
28-Dec-2023 14:20:00,0.373070731646404,-0.190329764756763,0.000400771323536545,3.021,10.0353,0.00416666666666667
28-Dec-2023 14:40:00,0.422999374240166,-0.30458620483972,-0.0243353714732976,3.583125,9.6900625,0.00666666666666667
28-Dec-2023 15:00:00,0.409920780834276,-0.153004352306111,-0.0124126298049728,2.19272727272727,10.2961818181818,0.00458333333333333
28-Dec-2023 15:20:00,0.207910579040559,0.040134808072969,-0.00746459877868585,4.74352941176471,8.32729411764706,0.00708333333333333
28-Dec-2023 15:40:00,0.489568400196227,-0.0681223265751899,0.0113558028598208,-0.597894736842105,11.0699473684211,0.00791666666666667
28-Dec-2023 16:00:00,0.344135485051949,-0.0553944293152457,0.00547407289006126,0.434444444444444,11.5245555555556,0.0075
28-Dec-2023 16:20:00,0.350470911234004,-0.121610254130645,0.0112797516597788,11.1072222222222,11.2025,0.0075
28-Dec-2023 16:40:00,0.300700329459213,0.00121453549500424,0.0127480237306314,1.24,9.55024137931035,0.0120833333333333
28-Dec-2023 17:00:00,0.31549790378261,-0.00526765545497292,-0.00348706150032031,4.67130434782609,8.79321739130435,0.00958333333333333
28-Dec-2023 17:20:00,0.445682149819447,-0.041511992488424,0.00114830194633475,-5.742,9.6663,0.00416666666666667
28-Dec-2023 17:40:00,0.205842943638714,0.0555811345781012,-0.00160655285203666,3.5472,10.57908,0.0104166666666667
28-Dec-2023 18:00:00,0.262641056047528,-0.0432842899405609,0.00245221077475854,5.48,12.7126363636364,0.00458333333333333
28-Dec-2023 18:20:00,0.261347327506207,-0.0506522921963606,0.00401773581542382,10.6068421052632,11.7457894736842,0.00791666666666667
28-Dec-2023 18:40:00,0.369428318928572,0.0599955662527049,0.00674642206977806,10.976,9.62426666666667,0.00625
28-Dec-2023 19:00:00,0.339952961608941,-0.170068836656341,-0.0178305835121931,2.13333333333333,11.6157037037037,0.01125
28-Dec-2023 19:20:00,0.282841262809795,-0.194529606415324,-0.00618098641557714,-0.6405,10.8181,0.00833333333333333
28-Dec-2023 19:40:00,0.456459717816656,-0.081336518042826,0.00253126927334232,6.33421052631579,10.8212631578947,0.00791666666666667
28-Dec-2023 20:00:00,0.536334149968839,-0.161732300025468,0.0111058130504157,11.3107692307692,13.3496923076923,0.00541666666666667
28-Dec-2023 20:20:00,0.321446352326769,-0.00837886145001946,-0.0199463450694022,12.2671428571429,10.5247142857143,0.00291666666666667
28-Dec-2023 20:40:00,0.552101849960841,-0.0222139486418814,0.0168792865253829,1.13692307692308,11.9575384615385,0.00541666666666667
28-Dec-2023 21:00:00,0.554220398384282,0.307009766862551,0.0376794730231632,6.10111111111111,8.75883333333334,0.0075
28-Dec-2023 21:20:00,0.43444290691493,-0.0331012934855098,0.0111421469261884,5.15192307692308,10.0207307692308,0.0108333333333333
28-Dec-2023 21:40:00,0.641135605726688,0.155162600631801,0.055933597211561,0.634411764705882,11.5162058823529,0.0141666666666667
28-Dec-2023 22:00:00,0.750604488780836,-0.00842842211533119,0.0616990847890034,4.386,9.64113333333333,0.00625
28-Dec-2023 22:20:00,0.873317226095285,-0.144921751127873,-0.0230821766918791,6.87210526315789,11.7964210526316,0.00791666666666667
28-Dec-2023 22:40:00,0.644058239022397,0.101990586018,0.109448188079418,3.615,10.8564,0.00416666666666667
28-Dec-2023 23:00:00,0.578501881443236,-0.125929979584072,0.0607690593002974,8.38,10.592,0.00708333333333333
28-Dec-2023 23:20:00,0.494550110134721,0.233224382118112,0.0734158038598453,2.3,10.34984,0.0104166666666667
28-Dec-2023 23:40:00,0.675961629209516,0.436976163211612,0.0730387977426931,2.17,11.4300588235294,0.00708333333333333
29-Dec-2023 00:00:00,0.960990743033358,-0.0868997314820769,0.0385282405023062,4.52538461538462,12.2776923076923,0.0108333333333333
29-Dec-2023 00:20:00,0.774669915929295,-0.295186409306923,-0.011194245030755,2.0825,10.9463214285714,0.0116666666666667
29-Dec-2023 00:40:00,0.945231133790065,0.0673481445405297,0.0175749592523846,2.92208333333333,10.6545833333333,0.01
29-Dec-2023 01:00:00,0.752882797432189,-0.0188763069750086,0.0271981911335761,2.25727272727273,12.1349696969697,0.01375
29-Dec-2023 01:20:00,0.57428290975015,0.154850230373811,0.0457009444752836,-1.84878787878788,10.3211212121212,0.01375
29-Dec-2023 01:40:00,0.876449734074582,0.0400451840069324,0.0325190203908441,6.41290322580645,12.4642580645161,0.0129166666666667
29-Dec-2023 02:00:00,0.544578427542653,0.0161126973509219,0.0257741496494799,15.91,9.75238888888889,0.0075
29-Dec-2023 02:20:00,0.607179097260472,0.128324130427152,0.031195160566383,5.43304347826087,10.6312173913043,0.00958333333333333
29-Dec-2023 02:40:00,0.643172459485594,0.19511470744419,0.0188018738353183,12.3942857142857,11.1595714285714,0.00583333333333333
29-Dec-2023 03:00:00,0.775109541075808,0.0143190252864645,0.00201746385520181,6.64538461538462,11.3582307692308,0.00541666666666667
29-Dec-2023 03:20:00,0.838430809606558,-0.342197409862396,0.0261717262887502,6.418,11.5313333333333,0.00625
29-Dec-2023 03:40:00,1.17583211676554,0.0430163048449443,-0.0170926076690486,10.734,12.3968666666667,0.00625
29-Dec-2023 04:00:00,0.768505772693209,0.0182974831943891,-0.0338049494778289,13.6771428571429,11.40425,0.0116666666666667
29-Dec-2023 04:20:00,0.775442192077392,-0.0360205112992279,-0.0183693404368069,5.413,11.2056,0.00833333333333333
29-Dec-2023 04:40:00,0.557418321374139,0.0235225651481819,-0.0139045725399418,9.2375,12.9305,0.00666666666666667
29-Dec-2023 05:00:00,0.471039133721891,0.290984027456491,0.0462029960507234,12.34,13.1616,0.00208333333333333
29-Dec-2023 05:20:00,0.715125708598014,-0.399140696800473,-0.0153894629801335,14.07,11.1396666666667,0.00125
29-Dec-2023 05:40:00,0.490936222988936,0.194095632868108,0.0404768324812013,-1.0655,11.0663,0.00833333333333333
29-Dec-2023 06:00:00,0.464508398408293,0.182562731229457,0.0448083366043791,6.478,12.7829,0.00416666666666667
29-Dec-2023 06:20:00,0.82596046960941,-0.0975366070720979,-0.00745084642901144,-6.9725,14.666,0.00166666666666667
29-Dec-2023 06:40:00,0.678584824314796,-0.0263743054528981,0.0145145601304962,10.5685714285714,10.9535714285714,0.00291666666666667
29-Dec-2023 07:00:00,0.255511242366828,0.122014324909413,0.0158971605332516,5.955,11.12,0.00333333333333333
29-Dec-2023 07:20:00,0.51131937882599,-0.0916597494870096,0.00495631712029974,0.214545454545454,12.9066363636364,0.00458333333333333
29-Dec-2023 07:40:00,1.1118398514351,-0.134122938578207,0.0406567023515544,11.14,15.0421428571429,0.00291666666666667
29-Dec-2023 08:00:00,0.763532471673587,-0.144043429603899,0.0206675369013759,10.4125,9.441875,0.00333333333333333
29-Dec-2023 08:20:00,0.381630861709453,0.325898061474528,0.0408810754092268,6.34363636363636,12.8040909090909,0.00458333333333333
29-Dec-2023 08:40:00,0.403003914291982,0.519822385075464,0.0484544358464438,25.6225,10.10475,0.00166666666666667
29-Dec-2023 09:00:00,0.677435829886587,-0.37336393807525,-0.0238202609819089,2.46727272727273,14.3162727272727,0.00458333333333333
29-Dec-2023 09:20:00,0.406586682082165,0.0196605367285672,0.0292477697755568,11.0171428571429,12.2854285714286,0.00291666666666667
29-Dec-2023 09:40:00,0.337815358210544,0.205780564126525,-0.0192665876762059,2.5275,11.07025,0.00166666666666667
29-Dec-2023 10:00:00,0.31301396151931,0.271657494139105,0.084971441482227,-5.35,10.2793333333333,0.00125
29-Dec-2023 10:20:00,0.654895480873164,-0.146058805035004,0.0126552797744312,16.2372727272727,12.2483636363636,0.00458333333333333
29-Dec-2023 10:40:00,0.516584180936782,0.023955077715325,0.0391316876704503,16.09,13.7,0.00333333333333333
29-Dec-2023 11:00:00,0.794053946512596,-0.359953946238485,-0.00536596237649117,5.608,11.724,0.00208333333333333
29-Dec-2023 11:20:00,0.416004139042865,-0.218901297288855,0.0292374513045891,-0.610909090909091,10.3873636363636,0.00458333333333333
29-Dec-2023 11:40:00,0.555635930992048,-0.137285624956604,-0.0244694598555123,17.32,9.739,0.00125
29-Dec-2023 12:00:00,0.641766179646664,0.285252202691357,0.00587538050093156,16.9333333333333,9.22233333333333,0.00125
29-Dec-2023 12:20:00,0.507899884649064,0.233466550039674,0.0642936386349408,20.05,12.3683,0.00416666666666667
29-Dec-2023 12:40:00,0.557762762575641,0.158606230605713,0.027170812948165,11.07,11.2470588235294,0.00708333333333333
29-Dec-2023 13:00:00,0.57706843108181,0.175894587820829,0.0131112624908254,15.895,16.718,0.00166666666666667
29-Dec-2023 13:20:00,0.659473907772578,0.0325633262658283,0.0336805588403043,18.6957142857143,13.5485714285714,0.00291666666666667
29-Dec-2023 13:40:00,0.816812296104229,-0.768957072851798,-0.0389066815036017,-6.97,11.9006666666667,0.00125
29-Dec-2023 14:00:00,0.398389481322254,-0.0143326469349795,-0.00568411478195214,13.815,9.0335,0.00166666666666667
29-Dec-2023 14:20:00,0.564977987481968,-0.308478181460504,-0.0427830055489543,23.0885714285714,11.4072857142857,0.00291666666666667
29-Dec-2023 14:40:00,0.559892992400301,-0.0271092571406627,-0.0425594206335529,4.734,10.3612,0.00208333333333333
29-Dec-2023 15:00:00,0.171313287930257,0.0809528660841881,-0.0385665161518759,15.496,10.6518,0.00416666666666667
29-Dec-2023 15:20:00,0.677338366944959,-0.114381432022611,0.00823707115111333,5.10428571428571,10.6708571428571,0.00291666666666667
29-Dec-2023 15:40:00,0.463486071220601,-0.0521787058487404,-0.0155894066709557,-6.902,14.1082,0.00208333333333333
29-Dec-2023 16:00:00,0.429379922480163,0.0778080690850925,0.0215303882856396,6.77,12.847,0.0025
29-Dec-2023 16:20:00,0.456022322748788,-0.0711088617318294,0.00220694179335145,0.25037037037037,10.4876666666667,0.01125
29-Dec-2023 16:40:00,0.506743523610931,0.353003495442549,-0.0460843278163796,-2.475,11.2865,0.000833333333333333
29-Dec-2023 17:00:00,0.516060098929273,-0.0132558507506155,0.0346368117146504,1.386,11.5304,0.00208333333333333
29-Dec-2023 17:20:00,0.452875685002112,0.314758288536665,0.035843674811767,10.32,13.5187333333333,0.00625
29-Dec-2023 17:40:00,0.776170139249266,0.0988262959523717,0.00653396362510705,15.16,12.748,0.00375
29-Dec-2023 18:00:00,0.053180450582923,0.386427111171503,0.00287271323501595,23.2033333333333,11.0226666666667,0.00125
29-Dec-2023 18:20:00,0.558149767239885,-0.00909425861076358,0.0216787844623248,8.63,10.8664545454545,0.00458333333333333
29-Dec-2023 18:40:00,0.370176922965382,0.0548878736617036,-0.0210557947829251,6.469,13.0044,0.00416666666666667
29-Dec-2023 19:00:00,0.215653363203668,-0.0261759191096181,-0.000560654861969065,17.6322222222222,10.2472222222222,0.00375
29-Dec-2023 19:20:00,0.151562546637492,-0.137924877104023,-0.028025556555519,2.6625,11.87875,0.00333333333333333
29-Dec-2023 19:40:00,0.44560601744546,0.100985484624009,0.0280901805060077,-5.050625,12.238875,0.00666666666666667
29-Dec-2023 20:00:00,0.508069337601082,-0.0170800501971073,-0.00171898840609821,-4.9725,13.1505,0.00166666666666667
29-Dec-2023 20:20:00,0.397774938404746,0.193992005974419,0.00280785382308691,13.18125,11.60625,0.00333333333333333
29-Dec-2023 20:40:00,0.314463272287592,-0.248502142234246,-0.0106631175195556,13.6457142857143,10.1811428571429,0.00291666666666667
29-Dec-2023 21:00:00,0.350714662704107,0.0621025427458184,0.0711934993331798,18.0283333333333,12.3918333333333,0.0025
29-Dec-2023 21:20:00,0.49825149299001,0.114644205589849,0.134392299624191,2.62,11.722,0.00208333333333333
29-Dec-2023 21:40:00,0.356920883504097,0.101160479347112,0.0102452434138743,1.446,10.0003,0.00416666666666667
29-Dec-2023 22:00:00,0.468109796806457,-0.0293523884819782,-0.00505706657652974,9.89444444444445,9.91077777777778,0.00375
29-Dec-2023 22:20:00,0.590239164922289,0.257113647976801,0.0355184858771018,8.87,14.701,0.0025
29-Dec-2023 22:40:00,0.390388634812522,0.0263142659999414,0.0282229066749057,0.3,11.8228,0.00208333333333333
29-Dec-2023 23:00:00,0.530129198475449,-0.16135704954162,-0.00200722992958573,8.85727272727273,9.53890909090909,0.00916666666666667
29-Dec-2023 23:20:00,0.664815526605865,0.137178400883429,0.0517227673809301,12.74,10.5654285714286,0.00291666666666667
29-Dec-2023 23:40:00,0.415173667712967,0.0579341627482342,0.0181966841003592,8.6205,13.72875,0.00833333333333333
30-Dec-2023 00:00:00,0.204603597567855,0.0745772182896016,0.0124836184756406,35.11625,12.701125,0.00333333333333333
30-Dec-2023 00:20:00,0.429030704279198,-0.23765694648737,-0.00452343403171114,26.4505882352941,12.1063529411765,0.00708333333333333
30-Dec-2023 00:40:00,0.263443489206901,0.0674809872870405,0.0278058442064276,10.097,12.2407,0.00416666666666667
30-Dec-2023 01:00:00,0.25791852541293,0.58238099788576,0.062094235331262,11.2457142857143,11.2695714285714,0.00291666666666667
30-Dec-2023 01:20:00,0.542735576469612,-0.186756635562393,-0.00530016261476391,11.903,11.0996,0.00416666666666667
30-Dec-2023 01:40:00,0.453490883062002,0.146648708260152,0.0351987259827136,11.545,12.4122,0.00416666666666667
30-Dec-2023 02:00:00,0.414995475006231,0.0542060029159588,0.0220472587276679,10.3011111111111,11.5687777777778,0.00375
30-Dec-2023 02:20:00,0.524339240005313,-0.107995276612712,0.0109722618242954,13.9761538461538,12.2831538461538,0.00541666666666667
30-Dec-2023 02:40:00,0.420476607572501,-0.109132219998339,-0.0442788753539372,6.8725,12.74425,0.00333333333333333
30-Dec-2023 03:00:00,0.712371523380363,0.173930722552089,0.0729619782244713,12.19,10.4775,0.00416666666666667
30-Dec-2023 03:20:00,0.328680059976127,0.0904006034069358,0.0781601720079332,-6.97,12.44625,0.00166666666666667
30-Dec-2023 03:40:00,0.0139208476032955,-0.06045704443135,-0.614489762556442,16.41,16.8245,0.000833333333333333
30-Dec-2023 04:00:00,0.253709817942872,-0.00206400467052728,-0.0787756153021749,4.57,14.0827232142857,0.0466666666666667
30-Dec-2023 04:20:00,0.766078586483639,0.0424339322739171,0.155143811131877,-4.955,10.08,0.00166666666666667
30-Dec-2023 04:40:00,0.271928786050399,-0.0923696637448606,-0.39283219925355,3.53,9.1115,0.000833333333333333
30-Dec-2023 05:00:00,0.539923256382216,-0.0137361847009001,0.0566900745151596,-2.85,5.605,0.00125
30-Dec-2023 05:20:00,0.502097727625047,0.00357177770068622,0.148451516501354,-5.20857142857143,8.87557142857143,0.00291666666666667
30-Dec-2023 05:40:00,0.519284063876445,-0.0535093064207607,-0.184084802802744,-6.70428571428572,8.25128571428571,0.00291666666666667
30-Dec-2023 06:00:00,0.224931834189048,0.0571983409000811,-0.120011310332468,-6.69727272727273,13.0760227272727,0.0183333333333333
30-Dec-2023 06:20:00,0.236859727020869,0.0111228939358491,-0.11099194948466,-6.69709677419355,11.2093064516129,0.0258333333333333
30-Dec-2023 06:40:00,0.293672052681207,-0.0417087113890333,-0.0876538158529908,-6.69827715355805,15.7803520599251,0.11125
30-Dec-2023 07:00:00,0.423258290671816,-0.0395143883384413,-0.0786575234346072,-6.70421052631579,13.008,0.00791666666666667
30-Dec-2023 07:20:00,0.260217452227088,-0.0209145228154716,-0.0556085659398678,-6.69885978428353,14.5905454545455,0.270416666666667
30-Dec-2023 07:40:00,0.212181380732492,-0.0271333723969553,0.0276640921015319,-6.691875,8.971125,0.00666666666666667
30-Dec-2023 08:00:00,0.307094127466058,0.0178660681563023,-0.0748282692590468,-6.69727767695101,11.583998185118,0.229583333333333
30-Dec-2023 08:20:00,0.35751605781556,0.0383324898398008,-0.139772761208774,-6.69728464419477,12.6303689138577,0.2225
30-Dec-2023 08:40:00,NaN,NaN,NaN,NaN,NaN,0
30-Dec-2023 09:00:00,NaN,NaN,NaN,NaN,NaN,0
30-Dec-2023 09:20:00,NaN,NaN,NaN,NaN,NaN,0
30-Dec-2023 09:40:00,NaN,NaN,NaN,NaN,NaN,0
30-Dec-2023 10:00:00,NaN,NaN,NaN,NaN,NaN,0
30-Dec-2023 10:20:00,NaN,NaN,NaN,NaN,NaN,0
30-Dec-2023 10:40:00,0.591237818017797,-0.000435041873802312,0.274507244410696,-6.69,11.1355,0.000833333333333333
30-Dec-2023 11:00:00,NaN,NaN,NaN,NaN,NaN,0
30-Dec-2023 11:20:00,NaN,NaN,NaN,NaN,NaN,0
30-Dec-2023 11:40:00,0.411696604159946,0.0529906064799249,-0.0297837549012525,-6.7,14.567,0.00333333333333333
30-Dec-2023 12:00:00,0.0650823555663522,-0.0238857332077419,-0.179097405056062,-6.705,9.49775,0.00166666666666667
30-Dec-2023 12:20:00,0.209704055438651,-0.0589028646125915,-0.107061776384205,-6.69333333333333,9.91766666666667,0.00125
30-Dec-2023 12:40:00,0.231296405618485,-0.0167396182820155,-0.0829143661817451,-6.70375,12.91425,0.00333333333333333
30-Dec-2023 13:00:00,0.160439739785098,-0.0131224423880052,-0.127220878682181,-6.70176470588235,11.5640588235294,0.00708333333333333
30-Dec-2023 13:20:00,0.0571931204416185,0.0463956870346584,-0.0427346355470428,-6.68666666666667,12.2076666666667,0.00125
30-Dec-2023 13:40:00,0.267701825944487,0.0330650881402474,-0.132341340131348,9.4783644189383,15.3777647058823,0.290416666666667
30-Dec-2023 14:00:00,0.248131006016781,0.0272514469368673,-0.121942666054655,9.13390243902439,13.154199556541,0.187916666666667
30-Dec-2023 14:20:00,NaN,NaN,NaN,NaN,NaN,0
30-Dec-2023 14:40:00,NaN,NaN,NaN,NaN,NaN,0
30-Dec-2023 15:00:00,NaN,NaN,NaN,NaN,NaN,0
30-Dec-2023 15:20:00,NaN,NaN,NaN,NaN,NaN,0
30-Dec-2023 15:40:00,NaN,NaN,NaN,NaN,NaN,0
30-Dec-2023 16:00:00,NaN,NaN,NaN,NaN,NaN,0
30-Dec-2023 16:20:00,NaN,NaN,NaN,NaN,NaN,0
30-Dec-2023 16:40:00,NaN,NaN,NaN,NaN,NaN,0
30-Dec-2023 17:00:00,NaN,NaN,NaN,NaN,NaN,0
30-Dec-2023 17:20:00,NaN,NaN,NaN,NaN,NaN,0
30-Dec-2023 17:40:00,NaN,NaN,NaN,NaN,NaN,0
30-Dec-2023 18:00:00,NaN,NaN,NaN,NaN,NaN,0
30-Dec-2023 18:20:00,NaN,NaN,NaN,NaN,NaN,0
30-Dec-2023 18:40:00,3.27159223702537,-0.269546199621816,0.724966605089505,-5.335,11.6810568181818,0.0366666666666667
30-Dec-2023 19:00:00,NaN,NaN,NaN,NaN,NaN,0
30-Dec-2023 19:20:00,2.33242403639281,1.12920294909179,1.59863673006929,-6.97465648854962,11.8347251908397,0.0545833333333333
30-Dec-2023 19:40:00,2.49836973041273,-0.841088438225651,0.0485608583464113,-6.97666666666667,12.9587777777778,0.00375
30-Dec-2023 20:00:00,2.29395253929406,-0.169907160709984,-0.0709444961292676,-5.46024390243902,16.270512195122,0.0170833333333333
30-Dec-2023 20:20:00,3.42840393232303,-0.212163594457859,-0.45201988725254,-6.97109090909091,13.9458181818182,0.0229166666666667
30-Dec-2023 20:40:00,2.59038994376788,-0.727721948645197,-0.316625118864243,-6.97408333333333,12.2915083333333,0.05
30-Dec-2023 21:00:00,2.99319702453436,-0.375247465852405,-2.1933990757401,-6.97333333333333,9.75664102564103,0.01625
30-Dec-2023 21:20:00,3.50261631429876,-0.561207011250271,-0.42877128783439,-5.42548387096774,10.9872419354839,0.0258333333333333
30-Dec-2023 21:40:00,1.8730469881107,-0.492468619586455,0.174346948804681,-6.97304347826087,10.4979782608696,0.0191666666666667
30-Dec-2023 22:00:00,2.58921519386695,-0.815466812604042,0.449888322482271,-6.9716,11.47684,0.0104166666666667
30-Dec-2023 22:20:00,0,-0.0374297822715732,0.00545670085176711,-6.97,17.079,0.000416666666666667
30-Dec-2023 22:40:00,NaN,NaN,NaN,NaN,NaN,0
