time,batt,c,heading,pitch,roll,T
2023-11-14 12:00:02,15.00,1516.9,85.9,41.30,160.99,19.19
2023-11-14 12:10:02,14.92,1518.0,85.9,41.30,161.03,19.27
2023-11-14 12:20:02,14.89,1518.4,85.9,41.30,161.04,19.37
2023-11-14 12:30:02,14.80,1518.4,85.9,41.30,161.05,19.48
2023-11-14 12:40:02,14.76,1518.4,86.0,41.30,161.08,19.60
2023-11-14 12:50:02,14.70,1518.4,86.0,41.30,161.11,19.70
2023-11-14 13:00:02,14.66,1519.7,86.0,41.30,161.13,19.78
2023-11-14 13:10:02,14.60,1519.8,86.0,41.30,161.14,19.85
2023-11-14 13:20:02,14.60,1519.8,86.0,41.30,161.16,19.90
2023-11-14 13:30:02,14.55,1519.8,86.1,41.30,161.22,19.95
2023-11-14 13:40:02,14.50,1519.8,86.1,41.30,161.23,19.97
2023-11-14 13:50:02,14.50,1519.8,86.1,41.30,161.23,20.00
2023-11-14 14:00:02,14.50,1519.8,86.1,41.30,161.23,20.01
2023-11-14 14:10:02,14.50,1519.8,86.1,41.30,161.23,20.01
2023-11-14 14:20:02,14.50,1519.8,86.1,41.30,161.24,20.02
2023-11-14 14:30:02,14.50,1519.8,86.0,41.30,161.24,20.04
2023-11-14 14:40:02,14.50,1519.8,86.1,41.30,161.24,20.05
2023-11-14 14:50:02,14.50,1519.8,86.1,41.30,161.24,20.01
2023-11-14 15:00:02,14.50,1518.7,117.9,-21.80,161.06,19.60
2023-11-14 15:10:02,14.50,1515.3,120.2,-21.84,161.95,18.40
2023-11-14 15:20:02,14.50,1510.9,79.7,-15.76,161.96,16.94
2023-11-14 15:30:02,14.50,1505.7,91.0,-22.01,161.92,15.24
2023-11-14 15:40:02,14.50,1504.9,87.8,-23.35,161.97,14.81
2023-11-14 15:50:02,14.50,1504.9,70.8,-17.49,162.03,14.86
2023-11-14 16:00:02,14.50,1504.9,84.7,-20.52,162.01,15.00
2023-11-14 16:10:02,14.50,1507.3,91.8,-33.46,161.99,15.72
2023-11-14 16:20:02,14.50,1510.2,117.0,-98.55,161.73,16.71
2023-11-14 16:30:02,14.50,1513.0,122.2,-89.31,161.76,17.61
2023-11-14 16:40:02,14.50,1515.5,120.9,-126.34,161.70,18.51
2023-11-14 16:50:02,14.50,1520.7,126.0,-146.81,161.70,20.36
2023-11-14 17:00:02,14.50,1522.5,80.4,-146.72,161.74,21.05
2023-11-14 17:10:02,14.50,1522.5,73.5,-142.16,161.76,21.01
2023-11-14 17:20:02,14.50,1519.5,117.4,-32.57,59.22,19.98
2023-11-14 17:30:02,14.50,1512.4,84.3,0.98,-0.26,17.45
2023-11-14 17:40:02,14.50,1510.5,84.7,0.93,-0.27,16.80
2023-11-14 17:50:02,14.50,1509.6,84.7,0.89,-0.27,16.58
2023-11-14 18:00:02,14.50,1509.6,84.8,0.87,-0.28,16.54
2023-11-14 18:10:02,14.50,1509.6,84.8,0.86,-0.28,16.56
2023-11-14 18:20:02,14.50,1509.6,84.8,0.86,-0.29,16.56
2023-11-14 18:30:02,14.50,1509.6,84.8,0.86,-0.29,16.58
2023-11-14 18:40:02,14.50,1509.6,84.8,0.86,-0.30,16.61
2023-11-14 18:50:02,14.50,1509.6,84.8,0.86,-0.30,16.57
2023-11-14 19:00:02,14.50,1509.6,84.8,0.86,-0.31,16.59
2023-11-14 19:10:02,14.50,1509.6,84.8,0.85,-0.31,16.68
2023-11-14 19:20:02,14.50,1509.6,84.8,0.86,-0.31,16.69
2023-11-14 19:30:02,14.50,1509.6,84.8,0.86,-0.31,16.66
2023-11-14 19:40:02,14.50,1509.8,84.8,0.85,-0.31,16.70
2023-11-14 19:50:02,14.50,1511.1,84.8,0.85,-0.31,16.78
2023-11-14 20:00:02,14.50,1511.1,84.8,0.85,-0.31,16.79
2023-11-14 20:10:02,14.50,1511.1,84.8,0.85,-0.31,16.85
2023-11-14 20:20:02,14.50,1511.1,84.8,0.85,-0.31,16.92
2023-11-14 20:30:02,14.50,1511.1,84.8,0.85,-0.31,16.97
2023-11-14 20:40:02,14.50,1511.1,84.8,0.85,-0.31,16.98
2023-11-14 20:50:02,14.50,1511.1,84.8,0.85,-0.31,16.96
2023-11-14 21:00:02,14.50,1511.1,84.8,0.85,-0.31,17.10
2023-11-14 21:10:02,14.50,1511.1,84.8,0.86,-0.31,17.16
2023-11-14 21:20:02,14.50,1511.1,84.8,0.86,-0.30,17.12
2023-11-14 21:30:02,14.50,1511.1,84.8,0.85,-0.29,17.14
2023-11-14 21:40:02,14.50,1511.1,84.8,0.84,-0.30,17.22
2023-11-14 21:50:02,14.50,1512.1,84.8,0.85,-0.30,17.24
2023-11-14 22:00:02,14.50,1511.1,84.8,0.85,-0.30,17.07
2023-11-14 22:10:02,14.50,1511.5,84.8,0.85,-0.30,17.20
2023-11-14 22:20:02,14.50,1512.6,84.8,0.84,-0.30,17.26
2023-11-14 22:30:02,14.50,1512.5,84.8,0.85,-0.30,17.28
2023-11-14 22:40:02,14.50,1512.6,84.8,0.85,-0.30,17.35
2023-11-14 22:50:02,14.50,1512.6,84.8,0.84,-0.30,17.35
2023-11-14 23:00:02,14.50,1511.1,84.8,0.84,-0.30,17.17
2023-11-14 23:10:02,14.50,1511.1,84.8,0.84,-0.30,17.05
2023-11-14 23:20:02,14.50,1511.1,84.8,0.84,-0.30,17.01
2023-11-14 23:30:02,14.50,1511.1,84.8,0.83,-0.30,16.99
2023-11-14 23:40:02,14.50,1511.1,84.8,0.83,-0.30,16.99
2023-11-14 23:50:02,14.50,1511.1,84.8,0.82,-0.30,17.01
2023-11-15 00:00:02,14.50,1511.1,84.8,0.82,-0.30,17.07
2023-11-15 00:10:02,14.50,1511.1,84.8,0.83,-0.30,17.04
2023-11-15 00:20:02,14.49,1511.1,84.8,0.82,-0.30,17.02
2023-11-15 00:30:02,14.48,1511.1,84.8,0.82,-0.30,17.00
2023-11-15 00:40:02,14.48,1511.1,84.8,0.82,-0.30,17.09
2023-11-15 00:50:02,14.47,1511.1,84.8,0.82,-0.30,17.18
2023-11-15 01:00:02,14.47,1511.1,84.8,0.82,-0.30,17.14
2023-11-15 01:10:02,14.46,1511.1,84.8,0.82,-0.30,17.05
2023-11-15 01:20:02,14.46,1511.1,84.8,0.82,-0.30,17.00
2023-11-15 01:30:02,14.46,1511.1,84.8,0.81,-0.30,16.99
2023-11-15 01:40:02,14.45,1511.1,84.8,0.80,-0.30,16.99
2023-11-15 01:50:02,14.45,1511.1,84.8,0.80,-0.30,16.98
2023-11-15 02:00:02,14.45,1511.1,84.8,0.80,-0.30,16.97
2023-11-15 02:10:02,14.44,1511.1,84.8,0.80,-0.30,16.97
2023-11-15 02:20:02,14.44,1511.1,84.8,0.79,-0.30,16.97
2023-11-15 02:30:02,14.42,1511.1,84.8,0.78,-0.30,16.96
2023-11-15 02:40:02,14.42,1511.1,84.8,0.79,-0.30,16.96
2023-11-15 02:50:02,14.41,1511.1,84.8,0.78,-0.30,16.97
2023-11-15 03:00:02,14.41,1511.1,84.8,0.78,-0.30,17.00
2023-11-15 03:10:02,14.41,1511.1,84.8,0.78,-0.29,17.04
2023-11-15 03:20:02,14.40,1511.1,84.7,0.77,-0.29,17.04
2023-11-15 03:30:02,14.40,1511.1,84.8,0.77,-0.29,17.02
2023-11-15 03:40:02,14.40,1511.1,84.7,0.76,-0.29,17.01
2023-11-15 03:50:02,14.40,1511.1,84.7,0.76,-0.29,16.98
2023-11-15 04:00:02,14.40,1511.1,84.7,0.75,-0.29,16.95
2023-11-15 04:10:02,14.40,1511.1,84.7,0.76,-0.29,16.95
2023-11-15 04:20:02,14.40,1511.1,84.7,0.75,-0.28,16.94
2023-11-15 04:30:02,14.40,1511.1,84.7,0.76,-0.29,16.94
2023-11-15 04:40:02,14.40,1511.1,84.7,0.76,-0.29,16.93
2023-11-15 04:50:02,14.40,1511.1,84.7,0.77,-0.28,16.88
2023-11-15 05:00:02,14.40,1511.1,84.7,0.78,-0.29,16.84
2023-11-15 05:10:02,14.40,1511.1,84.7,0.76,-0.28,16.85
2023-11-15 05:20:02,14.40,1511.1,84.7,0.75,-0.28,16.88
2023-11-15 05:30:02,14.40,1511.1,84.7,0.75,-0.28,16.88
2023-11-15 05:40:02,14.40,1511.1,84.7,0.75,-0.29,16.87
2023-11-15 05:50:02,14.40,1511.1,84.7,0.75,-0.29,16.87
2023-11-15 06:00:02,14.40,1511.1,84.7,0.75,-0.29,16.88
2023-11-15 06:10:02,14.40,1511.1,84.7,0.75,-0.29,16.87
2023-11-15 06:20:02,14.40,1511.1,84.7,0.75,-0.29,16.86
2023-11-15 06:30:02,14.40,1511.1,84.7,0.75,-0.29,16.84
2023-11-15 06:40:02,14.40,1511.1,84.7,0.75,-0.29,16.84
2023-11-15 06:50:02,14.40,1511.1,84.7,0.74,-0.29,16.81
2023-11-15 07:00:02,14.40,1511.1,84.7,0.74,-0.29,16.81
2023-11-15 07:10:02,14.40,1511.1,84.7,0.75,-0.29,16.82
2023-11-15 07:20:02,14.40,1511.1,84.7,0.74,-0.29,16.82
2023-11-15 07:30:02,14.40,1511.1,84.7,0.74,-0.29,16.81
2023-11-15 07:40:02,14.40,1511.1,84.7,0.74,-0.29,16.80
2023-11-15 07:50:02,14.40,1511.1,84.7,0.74,-0.29,16.80
2023-11-15 08:00:02,14.40,1511.1,84.7,0.74,-0.29,16.81
2023-11-15 08:10:02,14.40,1511.1,84.7,0.74,-0.29,16.80
2023-11-15 08:20:02,14.40,1511.1,84.7,0.75,-0.29,16.80
2023-11-15 08:30:02,14.40,1509.7,84.7,0.75,-0.29,16.71
2023-11-15 08:40:02,14.40,1509.6,84.7,0.74,-0.29,16.67
2023-11-15 08:50:02,14.40,1509.6,84.7,0.74,-0.29,16.72
2023-11-15 09:00:02,14.40,1509.7,84.7,0.75,-0.29,16.73
2023-11-15 09:10:02,14.40,1509.6,84.7,0.75,-0.29,16.69
2023-11-15 09:20:02,14.40,1509.6,84.7,0.75,-0.29,16.68
2023-11-15 09:30:02,14.40,1509.6,84.7,0.75,-0.30,16.67
2023-11-15 09:40:02,14.40,1509.6,84.7,0.74,-0.30,16.69
2023-11-15 09:50:02,14.40,1509.6,84.7,0.74,-0.29,16.71
2023-11-15 10:00:02,14.40,1509.6,84.7,0.74,-0.29,16.72
2023-11-15 10:10:02,14.40,1509.6,84.7,0.75,-0.29,16.73
2023-11-15 10:20:02,14.40,1510.0,84.7,0.74,-0.29,16.74
2023-11-15 10:30:02,14.40,1510.8,84.7,0.74,-0.29,16.75
2023-11-15 10:40:02,14.40,1510.5,84.7,0.74,-0.29,16.75
2023-11-15 10:50:02,14.40,1509.6,84.7,0.74,-0.29,16.74
2023-11-15 11:00:02,14.40,1509.6,84.7,0.75,-0.29,16.72
2023-11-15 11:10:02,14.40,1509.6,84.7,0.74,-0.29,16.69
2023-11-15 11:20:02,14.40,1509.6,84.7,0.74,-0.29,16.70
2023-11-15 11:30:02,14.40,1509.6,84.7,0.74,-0.29,16.70
2023-11-15 11:40:02,14.40,1509.6,84.7,0.74,-0.29,16.56
2023-11-15 11:50:02,14.40,1509.6,84.7,0.74,-0.28,16.53
2023-11-15 12:00:02,14.40,1509.6,84.7,0.74,-0.29,16.52
2023-11-15 12:10:02,14.40,1509.6,84.7,0.74,-0.29,16.56
2023-11-15 12:20:02,14.40,1509.6,84.7,0.74,-0.29,16.60
2023-11-15 12:30:02,14.40,1509.6,84.7,0.74,-0.29,16.61
2023-11-15 12:40:02,14.40,1509.6,84.7,0.74,-0.29,16.64
2023-11-15 12:50:02,14.40,1509.6,84.7,0.74,-0.28,16.67
2023-11-15 13:00:02,14.40,1509.6,84.7,0.74,-0.29,16.61
2023-11-15 13:10:02,14.40,1509.6,84.7,0.74,-0.29,16.56
2023-11-15 13:20:02,14.40,1509.6,84.7,0.73,-0.28,16.58
2023-11-15 13:30:02,14.40,1509.6,84.7,0.73,-0.29,16.66
2023-11-15 13:40:02,14.40,1509.6,84.7,0.74,-0.29,16.70
2023-11-15 13:50:02,14.40,1509.6,84.7,0.74,-0.28,16.71
2023-11-15 14:00:02,14.40,1509.6,84.7,0.73,-0.28,16.73
2023-11-15 14:10:02,14.40,1509.6,84.7,0.74,-0.29,16.72
2023-11-15 14:20:02,14.40,1509.6,84.7,0.74,-0.29,16.67
2023-11-15 14:30:02,14.40,1509.6,84.7,0.74,-0.29,16.57
2023-11-15 14:40:02,14.40,1509.6,84.7,0.75,-0.30,16.54
2023-11-15 14:50:02,14.40,1509.6,84.7,0.75,-0.29,16.47
2023-11-15 15:00:02,14.40,1509.6,84.7,0.75,-0.28,16.42
2023-11-15 15:10:02,14.40,1509.6,84.7,0.75,-0.29,16.44
2023-11-15 15:20:02,14.40,1509.6,84.7,0.74,-0.29,16.43
2023-11-15 15:30:02,14.40,1509.6,84.6,0.75,-0.29,16.38
2023-11-15 15:40:02,14.40,1509.6,84.6,0.74,-0.29,16.39
2023-11-15 15:50:02,14.40,1509.6,84.6,0.74,-0.29,16.36
2023-11-15 16:00:02,14.40,1509.6,84.6,0.73,-0.28,16.40
2023-11-15 16:10:02,14.40,1509.6,84.6,0.74,-0.28,16.43
2023-11-15 16:20:02,14.40,1509.6,84.6,0.74,-0.28,16.43
2023-11-15 16:30:02,14.40,1509.6,84.6,0.74,-0.29,16.43
2023-11-15 16:40:02,14.40,1509.6,84.6,0.74,-0.28,16.45
2023-11-15 16:50:02,14.40,1509.6,84.6,0.74,-0.28,16.46
2023-11-15 17:00:02,14.40,1509.6,84.6,0.74,-0.29,16.49
2023-11-15 17:10:02,14.40,1509.6,84.6,0.74,-0.28,16.49
2023-11-15 17:20:02,14.40,1509.6,84.6,0.74,-0.28,16.49
2023-11-15 17:30:02,14.40,1509.6,84.6,0.74,-0.29,16.49
2023-11-15 17:40:02,14.40,1509.6,84.6,0.74,-0.29,16.49
2023-11-15 17:50:02,14.40,1509.6,84.7,0.75,-0.29,16.49
2023-11-15 18:00:02,14.40,1509.6,84.7,0.74,-0.28,16.51
2023-11-15 18:10:02,14.40,1509.6,84.7,0.74,-0.28,16.57
2023-11-15 18:20:02,14.40,1509.6,84.7,0.74,-0.28,16.54
2023-11-15 18:30:02,14.40,1509.6,84.7,0.76,-0.28,16.58
2023-11-15 18:40:02,14.40,1509.6,84.7,0.75,-0.28,16.58
2023-11-15 18:50:02,14.40,1509.6,84.7,0.75,-0.28,16.66
2023-11-15 19:00:02,14.40,1510.5,84.7,0.75,-0.28,16.75
2023-11-15 19:10:02,14.40,1511.1,84.7,0.75,-0.28,16.76
2023-11-15 19:20:02,14.40,1510.5,84.7,0.75,-0.28,16.78
2023-11-15 19:30:02,14.40,1511.1,84.7,0.75,-0.29,16.79
2023-11-15 19:40:02,14.40,1511.1,84.7,0.74,-0.28,16.80
2023-11-15 19:50:02,14.40,1511.1,84.7,0.75,-0.28,16.81
2023-11-15 20:00:02,14.40,1511.1,84.7,0.75,-0.27,16.78
2023-11-15 20:10:02,14.40,1511.1,84.7,0.75,-0.28,16.76
2023-11-15 20:20:02,14.40,1511.1,84.7,0.75,-0.28,16.76
2023-11-15 20:30:02,14.40,1511.1,84.7,0.75,-0.28,16.76
2023-11-15 20:40:02,14.40,1511.1,84.7,0.75,-0.28,16.88
2023-11-15 20:50:02,14.40,1511.1,84.8,0.75,-0.28,16.93
2023-11-15 21:00:02,14.40,1511.1,84.8,0.75,-0.28,16.89
2023-11-15 21:10:02,14.40,1511.1,84.8,0.75,-0.28,16.91
2023-11-15 21:20:02,14.40,1511.1,84.8,0.75,-0.28,16.88
2023-11-15 21:30:02,14.40,1511.1,84.8,0.75,-0.29,16.88
2023-11-15 21:40:02,14.40,1511.1,84.8,0.75,-0.27,16.90
2023-11-15 21:50:02,14.40,1511.1,84.8,0.74,-0.27,16.91
2023-11-15 22:00:02,14.40,1511.1,84.8,0.73,-0.27,16.92
2023-11-15 22:10:02,14.40,1511.1,84.7,0.74,-0.27,16.93
2023-11-15 22:20:02,14.40,1511.1,84.7,0.74,-0.27,16.93
2023-11-15 22:30:02,14.40,1511.1,84.7,0.74,-0.27,16.94
2023-11-15 22:40:02,14.40,1511.1,84.7,0.74,-0.27,16.98
2023-11-15 22:50:02,14.40,1511.1,84.7,0.73,-0.27,17.01
2023-11-15 23:00:02,14.40,1511.1,84.7,0.74,-0.27,17.00
2023-11-15 23:10:02,14.40,1511.1,84.7,0.75,-0.28,17.00
2023-11-15 23:20:02,14.40,1511.1,84.7,0.74,-0.27,16.99
2023-11-15 23:30:02,14.40,1511.1,84.7,0.74,-0.28,16.98
2023-11-15 23:40:02,14.40,1511.1,84.7,0.74,-0.28,16.96
2023-11-15 23:50:02,14.40,1511.1,84.7,0.73,-0.27,16.90
2023-11-16 00:00:02,14.40,1511.1,84.7,0.73,-0.27,16.88
2023-11-16 00:10:02,14.40,1511.1,84.7,0.72,-0.27,16.89
2023-11-16 00:20:02,14.40,1511.1,84.7,0.72,-0.27,16.91
2023-11-16 00:30:02,14.40,1511.1,84.7,0.72,-0.28,16.94
2023-11-16 00:40:02,14.40,1511.1,84.7,0.72,-0.27,16.94
2023-11-16 00:50:02,14.40,1511.1,84.7,0.72,-0.27,16.94
2023-11-16 01:00:02,14.40,1511.1,84.7,0.71,-0.27,16.96
2023-11-16 01:10:02,14.40,1511.1,84.7,0.71,-0.27,16.98
2023-11-16 01:20:02,14.40,1511.1,84.7,0.71,-0.28,16.99
2023-11-16 01:30:02,14.40,1511.1,84.7,0.70,-0.27,17.00
2023-11-16 01:40:02,14.40,1511.1,84.7,0.69,-0.27,17.01
2023-11-16 01:50:02,14.40,1511.1,84.7,0.69,-0.28,17.02
2023-11-16 02:00:02,14.40,1511.1,84.7,0.68,-0.28,17.01
2023-11-16 02:10:02,14.40,1511.1,84.7,0.68,-0.28,17.01
2023-11-16 02:20:02,14.40,1511.1,84.7,0.68,-0.27,17.01
2023-11-16 02:30:02,14.40,1511.1,84.7,0.68,-0.28,17.02
2023-11-16 02:40:02,14.40,1511.1,84.7,0.68,-0.28,17.03
2023-11-16 02:50:02,14.40,1511.1,84.7,0.67,-0.28,17.04
2023-11-16 03:00:02,14.40,1511.1,84.7,0.68,-0.28,17.03
2023-11-16 03:10:02,14.40,1511.1,84.7,0.68,-0.28,17.02
2023-11-16 03:20:02,14.40,1511.1,84.7,0.67,-0.28,17.02
2023-11-16 03:30:02,14.40,1511.1,84.7,0.68,-0.28,17.04
2023-11-16 03:40:02,14.40,1511.1,84.7,0.68,-0.28,17.03
2023-11-16 03:50:02,14.40,1511.1,84.7,0.68,-0.28,17.02
2023-11-16 04:00:02,14.40,1511.1,84.7,0.68,-0.28,17.03
2023-11-16 04:10:02,14.40,1511.1,84.7,0.67,-0.28,17.05
2023-11-16 04:20:02,14.40,1511.1,84.7,0.68,-0.28,17.11
2023-11-16 04:30:02,14.40,1511.1,84.7,0.67,-0.28,17.16
2023-11-16 04:40:02,14.40,1511.1,84.7,0.67,-0.28,17.19
2023-11-16 04:50:02,14.40,1511.1,84.7,0.67,-0.28,17.20
2023-11-16 05:00:02,14.40,1511.1,84.7,0.67,-0.27,17.16
2023-11-16 05:10:02,14.40,1511.1,84.7,0.67,-0.28,17.13
2023-11-16 05:20:02,14.40,1511.1,84.6,0.67,-0.28,17.13
2023-11-16 05:30:02,14.40,1511.1,84.7,0.65,-0.27,17.14
2023-11-16 05:40:02,14.40,1511.1,84.7,0.65,-0.29,17.19
2023-11-16 05:50:02,14.40,1511.5,84.6,0.65,-0.28,17.23
2023-11-16 06:00:02,14.40,1512.6,84.7,0.66,-0.28,17.27
2023-11-16 06:10:02,14.40,1512.6,84.6,0.65,-0.27,17.30
2023-11-16 06:20:02,14.40,1512.6,84.6,0.66,-0.27,17.32
2023-11-16 06:30:02,14.40,1512.6,84.6,0.65,-0.28,17.32
2023-11-16 06:40:02,14.40,1512.6,84.7,0.65,-0.27,17.33
2023-11-16 06:50:02,14.40,1512.6,84.6,0.66,-0.27,17.34
2023-11-16 07:00:02,14.40,1512.6,84.6,0.64,-0.27,17.34
2023-11-16 07:10:02,14.40,1512.6,84.6,0.64,-0.27,17.34
2023-11-16 07:20:02,14.40,1512.6,84.6,0.64,-0.27,17.33
2023-11-16 07:30:02,14.40,1512.6,84.6,0.65,-0.27,17.31
2023-11-16 07:40:02,14.40,1512.6,84.7,0.65,-0.28,17.30
2023-11-16 07:50:02,14.40,1512.6,84.6,0.65,-0.28,17.29
2023-11-16 08:00:02,14.40,1512.6,84.7,0.64,-0.28,17.29
2023-11-16 08:10:02,14.40,1512.6,84.6,0.64,-0.28,17.28
2023-11-16 08:20:02,14.40,1512.6,84.6,0.64,-0.28,17.27
2023-11-16 08:30:02,14.40,1512.6,84.6,0.64,-0.28,17.26
2023-11-16 08:40:02,14.40,1512.6,84.6,0.64,-0.28,17.26
2023-11-16 08:50:02,14.40,1512.6,84.6,0.65,-0.28,17.26
2023-11-16 09:00:02,14.40,1512.6,84.6,0.65,-0.28,17.26
2023-11-16 09:10:02,14.40,1512.6,84.6,0.64,-0.28,17.27
2023-11-16 09:20:02,14.40,1512.6,84.6,0.64,-0.28,17.27
2023-11-16 09:30:02,14.40,1512.6,84.6,0.64,-0.28,17.26
2023-11-16 09:40:02,14.40,1512.6,84.6,0.63,-0.28,17.26
2023-11-16 09:50:02,14.40,1512.6,84.6,0.63,-0.27,17.26
2023-11-16 10:00:02,14.40,1512.5,84.6,0.64,-0.28,17.25
2023-11-16 10:10:02,14.40,1512.6,84.6,0.63,-0.28,17.26
2023-11-16 10:20:02,14.40,1512.5,84.6,0.64,-0.28,17.25
2023-11-16 10:30:02,14.40,1512.5,84.6,0.63,-0.27,17.25
2023-11-16 10:40:02,14.40,1512.4,84.6,0.63,-0.28,17.25
2023-11-16 10:50:02,14.40,1512.0,84.6,0.63,-0.28,17.25
2023-11-16 11:00:02,14.40,1512.2,84.6,0.63,-0.28,17.25
2023-11-16 11:10:02,14.40,1512.6,84.6,0.63,-0.27,17.27
2023-11-16 11:20:02,14.40,1512.6,84.6,0.63,-0.27,17.29
2023-11-16 11:30:02,14.40,1512.6,84.6,0.63,-0.27,17.30
2023-11-16 11:40:02,14.40,1512.6,84.6,0.63,-0.29,17.29
2023-11-16 11:50:02,14.40,1512.6,84.6,0.63,-0.28,17.30
2023-11-16 12:00:02,14.40,1512.6,84.6,0.62,-0.28,17.31
2023-11-16 12:10:02,14.40,1512.6,84.6,0.61,-0.27,17.30
2023-11-16 12:20:02,14.40,1512.6,84.6,0.61,-0.27,17.30
2023-11-16 12:30:02,14.40,1512.6,84.6,0.61,-0.27,17.30
2023-11-16 12:40:02,14.40,1512.6,84.6,0.62,-0.27,17.29
2023-11-16 12:50:02,14.40,1512.6,84.6,0.62,-0.27,17.29
2023-11-16 13:00:02,14.40,1512.6,84.6,0.61,-0.27,17.29
2023-11-16 13:10:02,14.40,1512.6,84.6,0.61,-0.27,17.29
2023-11-16 13:20:02,14.40,1512.6,84.6,0.61,-0.27,17.29
2023-11-16 13:30:02,14.40,1512.6,84.6,0.61,-0.27,17.29
2023-11-16 13:40:02,14.40,1512.6,84.6,0.61,-0.27,17.29
2023-11-16 13:50:02,14.40,1512.6,84.6,0.62,-0.27,17.29
2023-11-16 14:00:02,14.40,1512.6,84.6,0.62,-0.27,17.29
2023-11-16 14:10:02,14.40,1512.6,84.6,0.62,-0.27,17.29
2023-11-16 14:20:02,14.40,1512.6,84.6,0.62,-0.27,17.29
2023-11-16 14:30:02,14.40,1512.6,84.6,0.61,-0.27,17.28
2023-11-16 14:40:02,14.40,1512.6,84.6,0.61,-0.27,17.28
2023-11-16 14:50:02,14.40,1512.6,84.6,0.61,-0.27,17.29
2023-11-16 15:00:02,14.40,1512.6,84.6,0.61,-0.26,17.28
2023-11-16 15:10:02,14.40,1512.6,84.6,0.61,-0.27,17.28
2023-11-16 15:20:02,14.40,1512.6,84.6,0.61,-0.28,17.28
2023-11-16 15:30:02,14.40,1512.6,84.6,0.62,-0.28,17.29
2023-11-16 15:40:02,14.40,1512.6,84.6,0.62,-0.27,17.29
2023-11-16 15:50:02,14.40,1512.6,84.6,0.62,-0.28,17.29
2023-11-16 16:00:02,14.40,1512.6,84.6,0.62,-0.27,17.30
2023-11-16 16:10:02,14.40,1512.6,84.6,0.61,-0.27,17.30
2023-11-16 16:20:02,14.40,1512.6,84.6,0.62,-0.27,17.30
2023-11-16 16:30:02,14.40,1512.6,84.6,0.62,-0.26,17.31
2023-11-16 16:40:02,14.40,1512.6,84.6,0.62,-0.26,17.32
2023-11-16 16:50:02,14.40,1512.6,84.6,0.62,-0.27,17.32
2023-11-16 17:00:02,14.40,1512.6,84.6,0.62,-0.27,17.33
2023-11-16 17:10:02,14.40,1512.6,84.6,0.62,-0.28,17.33
2023-11-16 17:20:02,14.40,1512.6,84.6,0.63,-0.27,17.35
2023-11-16 17:30:02,14.40,1512.6,84.6,0.63,-0.26,17.36
2023-11-16 17:40:02,14.40,1512.6,84.6,0.62,-0.27,17.37
2023-11-16 17:50:02,14.40,1512.6,84.6,0.62,-0.27,17.34
2023-11-16 18:00:02,14.40,1512.6,84.6,0.61,-0.27,17.30
2023-11-16 18:10:02,14.40,1512.6,84.6,0.61,-0.27,17.33
2023-11-16 18:20:02,14.40,1512.6,84.6,0.61,-0.26,17.37
2023-11-16 18:30:02,14.40,1512.6,84.6,0.61,-0.27,17.40
2023-11-16 18:40:02,14.40,1512.6,84.6,0.62,-0.26,17.40
2023-11-16 18:50:02,14.40,1512.6,84.6,0.62,-0.26,17.42
2023-11-16 19:00:02,14.40,1512.6,84.6,0.62,-0.26,17.42
2023-11-16 19:10:02,14.40,1512.6,84.6,0.62,-0.27,17.37
2023-11-16 19:20:02,14.40,1512.6,84.6,0.62,-0.27,17.33
2023-11-16 19:30:02,14.40,1512.6,84.6,0.63,-0.26,17.30
2023-11-16 19:40:02,14.40,1512.6,84.6,0.62,-0.27,17.29
2023-11-16 19:50:02,14.40,1512.6,84.6,0.61,-0.27,17.35
2023-11-16 20:00:02,14.40,1512.6,84.6,0.63,-0.26,17.47
2023-11-16 20:10:02,14.40,1512.6,84.6,0.63,-0.27,17.56
2023-11-16 20:20:02,14.40,1512.6,84.6,0.63,-0.26,17.51
2023-11-16 20:30:02,14.40,1511.9,84.6,0.63,-0.26,17.26
2023-11-16 20:40:02,14.40,1512.2,84.6,0.62,-0.27,17.27
2023-11-16 20:50:02,14.40,1511.5,84.6,0.62,-0.27,17.22
2023-11-16 21:00:02,14.40,1512.1,84.7,0.62,-0.27,17.33
2023-11-16 21:10:02,14.40,1512.6,84.7,0.62,-0.25,17.52
2023-11-16 21:20:02,14.40,1512.6,84.7,0.62,-0.25,17.51
2023-11-16 21:30:02,14.40,1512.6,84.7,0.63,-0.26,17.37
2023-11-16 21:40:02,14.40,1512.6,84.7,0.62,-0.26,17.45
2023-11-16 21:50:02,14.40,1512.6,84.7,0.61,-0.26,17.46
2023-11-16 22:00:02,14.40,1512.6,84.7,0.62,-0.26,17.51
2023-11-16 22:10:02,14.40,1512.6,84.7,0.63,-0.26,17.59
2023-11-16 22:20:02,14.40,1512.6,84.7,0.63,-0.27,17.67
2023-11-16 22:30:02,14.40,1513.5,84.7,0.62,-0.25,17.75
2023-11-16 22:40:02,14.40,1514.1,84.7,0.63,-0.25,17.94
2023-11-16 22:50:02,14.40,1514.1,84.7,0.63,-0.26,18.15
2023-11-16 23:00:02,14.40,1514.1,84.7,0.63,-0.25,18.10
2023-11-16 23:10:02,14.40,1514.1,84.7,0.64,-0.25,18.00
2023-11-16 23:20:02,14.40,1514.1,84.6,0.64,-0.25,17.94
2023-11-16 23:30:02,14.40,1514.1,84.6,0.64,-0.26,17.81
2023-11-16 23:40:02,14.40,1513.7,84.6,0.63,-0.25,17.75
2023-11-16 23:50:02,14.40,1513.0,84.6,0.63,-0.26,17.74
2023-11-17 00:00:02,14.40,1514.1,84.6,0.63,-0.26,17.80
2023-11-17 00:10:02,14.40,1514.1,84.6,0.62,-0.27,17.80
2023-11-17 00:20:02,14.40,1514.1,84.6,0.63,-0.26,17.77
2023-11-17 00:30:02,14.40,1514.1,84.6,0.63,-0.26,17.78
2023-11-17 00:40:02,14.40,1514.1,84.6,0.63,-0.26,17.81
2023-11-17 00:50:02,14.40,1514.1,84.6,0.63,-0.26,17.81
2023-11-17 01:00:02,14.40,1514.1,84.6,0.63,-0.26,17.82
2023-11-17 01:10:02,14.40,1514.1,84.6,0.63,-0.26,17.84
2023-11-17 01:20:02,14.40,1514.1,84.6,0.63,-0.26,17.86
2023-11-17 01:30:02,14.40,1514.1,84.6,0.63,-0.27,17.85
2023-11-17 01:40:02,14.40,1514.1,84.6,0.63,-0.26,17.83
2023-11-17 01:50:02,14.40,1514.1,84.6,0.63,-0.26,17.81
2023-11-17 02:00:02,14.40,1514.1,84.6,0.63,-0.26,17.80
2023-11-17 02:10:02,14.40,1514.0,84.6,0.63,-0.26,17.77
2023-11-17 02:20:02,14.40,1512.6,84.6,0.63,-0.26,17.72
2023-11-17 02:30:02,14.40,1512.6,84.6,0.63,-0.26,17.70
2023-11-17 02:40:02,14.40,1512.6,84.6,0.63,-0.27,17.69
2023-11-17 02:50:02,14.40,1512.6,84.6,0.63,-0.27,17.68
2023-11-17 03:00:02,14.40,1512.6,84.6,0.63,-0.26,17.66
2023-11-17 03:10:02,14.40,1512.6,84.6,0.63,-0.27,17.64
2023-11-17 03:20:02,14.40,1512.6,84.6,0.63,-0.27,17.62
2023-11-17 03:30:02,14.40,1512.6,84.6,0.63,-0.26,17.61
2023-11-17 03:40:02,14.40,1512.6,84.6,0.63,-0.27,17.61
2023-11-17 03:50:02,14.40,1512.6,84.6,0.63,-0.27,17.60
2023-11-17 04:00:02,14.40,1512.6,84.6,0.63,-0.27,17.61
2023-11-17 04:10:02,14.40,1512.6,84.6,0.63,-0.26,17.62
2023-11-17 04:20:02,14.40,1512.6,84.6,0.62,-0.26,17.64
2023-11-17 04:30:02,14.40,1512.6,84.6,0.62,-0.27,17.63
2023-11-17 04:40:02,14.40,1512.6,84.6,0.63,-0.27,17.62
2023-11-17 04:50:02,14.40,1512.6,84.6,0.63,-0.27,17.62
2023-11-17 05:00:02,14.40,1512.6,84.6,0.63,-0.28,17.61
2023-11-17 05:10:02,14.40,1512.6,84.6,0.63,-0.27,17.58
2023-11-17 05:20:02,14.40,1512.6,84.6,0.63,-0.27,17.59
2023-11-17 05:30:02,14.40,1512.6,84.6,0.63,-0.27,17.59
2023-11-17 05:40:02,14.40,1512.6,84.6,0.63,-0.27,17.59
2023-11-17 05:50:02,14.40,1512.6,84.6,0.63,-0.27,17.59
2023-11-17 06:00:02,14.40,1512.6,84.6,0.63,-0.27,17.59
2023-11-17 06:10:02,14.40,1512.6,84.6,0.62,-0.27,17.59
2023-11-17 06:20:02,14.40,1512.6,84.6,0.63,-0.27,17.59
2023-11-17 06:30:02,14.40,1512.6,84.6,0.63,-0.27,17.59
2023-11-17 06:40:02,14.40,1512.6,84.6,0.63,-0.27,17.60
2023-11-17 06:50:02,14.40,1512.6,84.6,0.63,-0.26,17.61
2023-11-17 07:00:02,14.40,1512.6,84.6,0.63,-0.27,17.64
2023-11-17 07:10:02,14.40,1512.6,84.6,0.63,-0.27,17.65
2023-11-17 07:20:02,14.40,1512.6,84.6,0.63,-0.27,17.65
2023-11-17 07:30:02,14.40,1512.6,84.6,0.63,-0.27,17.64
2023-11-17 07:40:02,14.40,1512.6,84.6,0.63,-0.27,17.64
2023-11-17 07:50:02,14.40,1512.6,84.6,0.63,-0.27,17.64
2023-11-17 08:00:02,14.40,1512.6,84.6,0.63,-0.27,17.64
2023-11-17 08:10:02,14.40,1512.6,84.6,0.63,-0.27,17.63
2023-11-17 08:20:02,14.40,1512.6,84.6,0.63,-0.27,17.62
2023-11-17 08:30:02,14.40,1512.6,84.6,0.63,-0.27,17.52
2023-11-17 08:40:02,14.40,1512.6,84.6,0.63,-0.27,17.42
2023-11-17 08:50:02,14.40,1512.6,84.6,0.63,-0.27,17.36
2023-11-17 09:00:02,14.40,1512.6,84.6,0.63,-0.28,17.34
2023-11-17 09:10:02,14.40,1512.6,84.6,0.63,-0.27,17.33
2023-11-17 09:20:02,14.40,1512.6,84.6,0.63,-0.27,17.34
2023-11-17 09:30:02,14.40,1512.6,84.6,0.63,-0.27,17.35
2023-11-17 09:40:02,14.40,1512.6,84.6,0.63,-0.27,17.35
2023-11-17 09:50:02,14.40,1512.6,84.6,0.63,-0.27,17.36
2023-11-17 10:00:02,14.40,1512.6,84.6,0.63,-0.27,17.37
2023-11-17 10:10:02,14.40,1512.6,84.6,0.62,-0.27,17.41
2023-11-17 10:20:02,14.40,1512.6,84.6,0.62,-0.28,17.43
2023-11-17 10:30:02,14.40,1512.6,84.6,0.62,-0.27,17.41
2023-11-17 10:40:02,14.40,1512.6,84.6,0.63,-0.27,17.40
2023-11-17 10:50:02,14.40,1512.6,84.6,0.62,-0.27,17.42
2023-11-17 11:00:02,14.40,1512.6,84.6,0.63,-0.27,17.42
2023-11-17 11:10:02,14.40,1512.6,84.6,0.62,-0.27,17.41
2023-11-17 11:20:02,14.40,1512.6,84.6,0.63,-0.27,17.39
2023-11-17 11:30:02,14.40,1512.6,84.6,0.62,-0.28,17.39
2023-11-17 11:40:02,14.40,1512.6,84.6,0.63,-0.27,17.39
2023-11-17 11:50:02,14.40,1512.6,84.6,0.63,-0.28,17.39
2023-11-17 12:00:02,14.40,1512.6,84.6,0.63,-0.27,17.41
2023-11-17 12:10:02,14.40,1512.6,84.6,0.63,-0.27,17.42
2023-11-17 12:20:02,14.40,1512.6,84.6,0.62,-0.27,17.44
2023-11-17 12:30:02,14.40,1512.6,84.6,0.62,-0.28,17.43
2023-11-17 12:40:02,14.40,1512.6,84.6,0.63,-0.27,17.43
2023-11-17 12:50:02,14.40,1512.6,84.6,0.63,-0.27,17.43
2023-11-17 13:00:02,14.40,1512.6,84.6,0.63,-0.27,17.44
2023-11-17 13:10:02,14.40,1512.6,84.6,0.62,-0.27,17.44
2023-11-17 13:20:02,14.40,1512.6,84.6,0.62,-0.27,17.44
2023-11-17 13:30:02,14.40,1512.6,84.6,0.63,-0.27,17.44
2023-11-17 13:40:02,14.40,1512.6,84.6,0.63,-0.27,17.43
2023-11-17 13:50:02,14.40,1512.6,84.6,0.63,-0.27,17.43
2023-11-17 14:00:02,14.40,1512.6,84.6,0.62,-0.27,17.42
2023-11-17 14:10:02,14.40,1512.6,84.6,0.63,-0.27,17.42
2023-11-17 14:20:02,14.40,1512.6,84.6,0.63,-0.27,17.41
2023-11-17 14:30:02,14.40,1512.6,84.6,0.63,-0.27,17.40
2023-11-17 14:40:02,14.40,1512.6,84.6,0.63,-0.27,17.39
2023-11-17 14:50:02,14.40,1512.6,84.6,0.62,-0.27,17.38
2023-11-17 15:00:02,14.40,1512.6,84.6,0.62,-0.27,17.38
2023-11-17 15:10:02,14.40,1512.6,84.6,0.63,-0.27,17.39
2023-11-17 15:20:02,14.40,1512.6,84.6,0.63,-0.27,17.40
2023-11-17 15:30:02,14.40,1512.6,84.6,0.62,-0.27,17.40
2023-11-17 15:40:02,14.40,1512.6,84.6,0.63,-0.27,17.41
2023-11-17 15:50:02,14.40,1512.6,84.6,0.63,-0.27,17.41
2023-11-17 16:00:02,14.40,1512.6,84.6,0.62,-0.28,17.41
2023-11-17 16:10:02,14.40,1512.6,84.6,0.63,-0.27,17.39
2023-11-17 16:20:02,14.40,1512.6,84.5,0.62,-0.28,17.38
2023-11-17 16:30:02,14.40,1512.6,84.6,0.62,-0.27,17.37
2023-11-17 16:40:02,14.40,1512.6,84.5,0.62,-0.28,17.37
2023-11-17 16:50:02,14.40,1512.6,84.5,0.63,-0.27,17.37
2023-11-17 17:00:02,14.40,1512.6,84.5,0.62,-0.27,17.38
2023-11-17 17:10:02,14.40,1512.6,84.5,0.62,-0.27,17.40
2023-11-17 17:20:02,14.40,1512.6,84.5,0.63,-0.27,17.43
2023-11-17 17:30:02,14.40,1512.6,84.5,0.63,-0.27,17.43
2023-11-17 17:40:02,14.40,1512.6,84.5,0.62,-0.27,17.42
2023-11-17 17:50:02,14.40,1512.6,84.5,0.62,-0.27,17.41
2023-11-17 18:00:02,14.40,1512.6,84.6,0.63,-0.28,17.41
2023-11-17 18:10:02,14.40,1512.6,84.6,0.62,-0.27,17.43
2023-11-17 18:20:02,14.40,1512.6,84.6,0.63,-0.27,17.44
2023-11-17 18:30:02,14.40,1512.6,84.6,0.63,-0.28,17.45
2023-11-17 18:40:02,14.40,1512.6,84.6,0.62,-0.28,17.46
2023-11-17 18:50:02,14.40,1512.6,84.6,0.63,-0.28,17.47
2023-11-17 19:00:02,14.40,1512.6,84.6,0.63,-0.27,17.47
2023-11-17 19:10:02,14.40,1512.6,84.6,0.63,-0.27,17.48
2023-11-17 19:20:02,14.40,1512.6,84.6,0.63,-0.27,17.49
2023-11-17 19:30:02,14.40,1512.6,84.6,0.63,-0.27,17.53
2023-11-17 19:40:02,14.40,1512.6,84.6,0.63,-0.27,17.57
2023-11-17 19:50:02,14.40,1512.6,84.7,0.63,-0.27,17.63
2023-11-17 20:00:02,14.40,1512.6,84.7,0.63,-0.27,17.66
2023-11-17 20:10:02,14.40,1512.6,84.7,0.63,-0.27,17.67
2023-11-17 20:20:02,14.40,1512.6,84.7,0.63,-0.27,17.71
2023-11-17 20:30:02,14.40,1512.6,84.7,0.63,-0.27,17.72
2023-11-17 20:40:02,14.40,1512.6,84.7,0.63,-0.27,17.71
2023-11-17 20:50:02,14.40,1512.6,84.7,0.63,-0.27,17.67
2023-11-17 21:00:02,14.40,1512.6,84.7,0.64,-0.27,17.65
2023-11-17 21:10:02,14.40,1512.6,84.7,0.63,-0.27,17.64
2023-11-17 21:20:02,14.40,1512.6,84.7,0.64,-0.27,17.64
2023-11-17 21:30:02,14.40,1512.6,84.7,0.64,-0.27,17.63
2023-11-17 21:40:02,14.40,1512.6,84.7,0.63,-0.27,17.63
2023-11-17 21:50:02,14.40,1512.6,84.7,0.63,-0.27,17.63
2023-11-17 22:00:02,14.40,1512.6,84.7,0.63,-0.27,17.63
2023-11-17 22:10:02,14.40,1512.6,84.7,0.64,-0.27,17.63
2023-11-17 22:20:02,14.40,1512.6,84.7,0.63,-0.27,17.65
2023-11-17 22:30:02,14.40,1512.6,84.7,0.63,-0.27,17.66
2023-11-17 22:40:02,14.40,1512.6,84.7,0.63,-0.27,17.66
2023-11-17 22:50:02,14.40,1512.6,84.7,0.64,-0.27,17.64
2023-11-17 23:00:02,14.40,1512.6,84.7,0.64,-0.27,17.64
2023-11-17 23:10:02,14.40,1512.6,84.7,0.63,-0.27,17.64
2023-11-17 23:20:02,14.40,1512.6,84.7,0.63,-0.27,17.63
2023-11-17 23:30:02,14.40,1512.6,84.7,0.63,-0.27,17.63
2023-11-17 23:40:02,14.40,1512.6,84.7,0.63,-0.27,17.63
2023-11-17 23:50:02,14.40,1512.6,84.7,0.64,-0.28,17.65
2023-11-18 00:00:02,14.40,1512.6,84.7,0.63,-0.28,17.70
2023-11-18 00:10:02,14.40,1512.6,84.7,0.63,-0.27,17.68
2023-11-18 00:20:02,14.40,1513.0,84.6,0.64,-0.27,17.73
2023-11-18 00:30:02,14.40,1514.0,84.6,0.63,-0.27,17.75
2023-11-18 00:40:02,14.40,1514.1,84.6,0.63,-0.27,17.80
2023-11-18 00:50:02,14.40,1514.1,84.6,0.64,-0.27,17.84
2023-11-18 01:00:02,14.40,1514.1,84.6,0.64,-0.27,17.87
2023-11-18 01:10:02,14.40,1514.1,84.6,0.64,-0.28,17.88
2023-11-18 01:20:02,14.40,1514.1,84.6,0.64,-0.27,17.89
2023-11-18 01:30:02,14.40,1514.1,84.6,0.64,-0.28,17.90
2023-11-18 01:40:02,14.40,1514.1,84.6,0.64,-0.27,17.91
2023-11-18 01:50:02,14.40,1514.1,84.6,0.64,-0.27,17.92
2023-11-18 02:00:02,14.40,1514.1,84.6,0.64,-0.27,17.97
2023-11-18 02:10:02,14.40,1514.1,84.6,0.64,-0.27,18.04
2023-11-18 02:20:02,14.40,1514.1,84.6,0.64,-0.27,18.09
2023-11-18 02:30:02,14.40,1514.1,84.6,0.65,-0.27,18.12
2023-11-18 02:40:02,14.40,1514.1,84.6,0.64,-0.28,18.15
2023-11-18 02:50:02,14.40,1514.1,84.6,0.65,-0.27,18.17
2023-11-18 03:00:02,14.40,1514.1,84.6,0.64,-0.27,18.18
2023-11-18 03:10:02,14.40,1514.1,84.6,0.65,-0.27,18.18
2023-11-18 03:20:02,14.40,1514.1,84.6,0.65,-0.27,18.18
2023-11-18 03:30:02,14.40,1514.1,84.6,0.65,-0.27,18.17
2023-11-18 03:40:02,14.40,1514.1,84.6,0.65,-0.27,18.15
2023-11-18 03:50:02,14.40,1514.1,84.6,0.65,-0.27,18.11
2023-11-18 04:00:02,14.40,1514.1,84.6,0.65,-0.27,18.11
2023-11-18 04:10:02,14.40,1514.1,84.6,0.65,-0.27,18.12
2023-11-18 04:20:02,14.40,1514.1,84.6,0.65,-0.27,18.13
2023-11-18 04:30:02,14.40,1514.1,84.6,0.65,-0.27,18.13
2023-11-18 04:40:02,14.40,1514.1,84.6,0.65,-0.28,18.14
2023-11-18 04:50:02,14.40,1514.1,84.6,0.65,-0.27,18.14
2023-11-18 05:00:02,14.40,1514.1,84.6,0.65,-0.27,18.15
2023-11-18 05:10:02,14.40,1514.1,84.6,0.65,-0.27,18.15
2023-11-18 05:20:02,14.40,1514.1,84.6,0.65,-0.27,18.15
2023-11-18 05:30:02,14.40,1514.1,84.6,0.65,-0.27,18.14
2023-11-18 05:40:02,14.40,1514.1,84.6,0.65,-0.27,18.13
2023-11-18 05:50:02,14.40,1514.1,84.6,0.66,-0.27,18.13
2023-11-18 06:00:02,14.40,1514.1,84.6,0.65,-0.27,18.14
2023-11-18 06:10:02,14.40,1514.1,84.6,0.65,-0.27,18.12
2023-11-18 06:20:02,14.40,1514.1,84.6,0.66,-0.27,18.06
2023-11-18 06:30:02,14.40,1514.1,84.6,0.65,-0.27,18.04
2023-11-18 06:40:02,14.40,1514.1,84.6,0.65,-0.27,18.04
2023-11-18 06:50:02,14.40,1514.1,84.6,0.65,-0.28,18.03
2023-11-18 07:00:02,14.40,1514.1,84.6,0.65,-0.27,18.03
2023-11-18 07:10:02,14.40,1514.1,84.6,0.65,-0.28,18.04
2023-11-18 07:20:02,14.40,1514.1,84.6,0.65,-0.27,18.03
2023-11-18 07:30:02,14.40,1514.1,84.6,0.65,-0.27,18.03
2023-11-18 07:40:02,14.40,1514.1,84.6,0.65,-0.27,18.04
2023-11-18 07:50:02,14.40,1514.1,84.6,0.65,-0.27,18.03
2023-11-18 08:00:02,14.40,1514.1,84.6,0.65,-0.27,18.02
2023-11-18 08:10:02,14.40,1514.1,84.6,0.65,-0.28,18.01
2023-11-18 08:20:02,14.40,1514.1,84.6,0.65,-0.27,17.98
2023-11-18 08:30:02,14.40,1514.1,84.6,0.65,-0.27,17.97
2023-11-18 08:40:02,14.40,1514.1,84.6,0.65,-0.28,17.96
2023-11-18 08:50:02,14.40,1514.1,84.6,0.65,-0.27,17.95
2023-11-18 09:00:02,14.40,1514.1,84.6,0.65,-0.27,17.94
2023-11-18 09:10:02,14.40,1514.1,84.6,0.65,-0.27,17.95
2023-11-18 09:20:02,14.40,1514.1,84.6,0.65,-0.28,17.94
2023-11-18 09:30:02,14.40,1513.9,84.6,0.65,-0.27,17.89
2023-11-18 09:40:02,14.40,1512.4,84.6,0.65,-0.28,17.36
2023-11-18 09:50:02,14.40,1511.1,84.6,0.65,-0.29,17.15
2023-11-18 10:00:02,14.40,1511.1,84.6,0.64,-0.29,17.07
2023-11-18 10:10:02,14.40,1511.1,84.6,0.63,-0.29,17.04
2023-11-18 10:20:02,14.40,1511.1,84.6,0.64,-0.29,17.02
2023-11-18 10:30:02,14.40,1511.1,84.6,0.63,-0.29,17.00
2023-11-18 10:40:02,14.40,1511.1,84.6,0.63,-0.29,16.98
2023-11-18 10:50:02,14.40,1511.1,84.6,0.63,-0.29,16.98
2023-11-18 11:00:02,14.40,1511.1,84.6,0.63,-0.29,17.00
2023-11-18 11:10:02,14.40,1511.1,84.6,0.63,-0.29,17.06
2023-11-18 11:20:02,14.40,1511.2,84.6,0.62,-0.29,17.18
2023-11-18 11:30:02,14.40,1512.6,84.6,0.63,-0.28,17.34
2023-11-18 11:40:02,14.40,1512.6,84.6,0.63,-0.28,17.44
2023-11-18 11:50:02,14.40,1512.6,84.6,0.63,-0.28,17.50
2023-11-18 12:00:02,14.40,1512.6,84.6,0.64,-0.28,17.54
2023-11-18 12:10:02,14.40,1512.6,84.6,0.64,-0.28,17.61
2023-11-18 12:20:02,14.40,1512.6,84.6,0.64,-0.28,17.67
2023-11-18 12:30:02,14.40,1512.9,84.6,0.64,-0.28,17.73
2023-11-18 12:40:02,14.40,1514.1,84.6,0.64,-0.28,17.80
2023-11-18 12:50:02,14.40,1514.1,84.6,0.65,-0.28,17.84
2023-11-18 13:00:02,14.40,1514.1,84.6,0.64,-0.28,17.86
2023-11-18 13:10:02,14.40,1514.1,84.6,0.65,-0.27,17.88
2023-11-18 13:20:02,14.40,1514.1,84.6,0.65,-0.28,17.88
2023-11-18 13:30:02,14.40,1514.1,84.6,0.65,-0.28,17.88
2023-11-18 13:40:02,14.40,1514.1,84.6,0.65,-0.28,17.88
2023-11-18 13:50:02,14.40,1514.1,84.6,0.65,-0.28,17.88
2023-11-18 14:00:02,14.40,1514.1,84.6,0.65,-0.28,17.89
2023-11-18 14:10:02,14.40,1514.1,84.6,0.65,-0.28,17.90
2023-11-18 14:20:02,14.40,1514.1,84.6,0.65,-0.28,17.91
2023-11-18 14:30:02,14.40,1514.1,84.6,0.65,-0.28,17.91
2023-11-18 14:40:02,14.40,1514.1,84.6,0.65,-0.28,17.90
2023-11-18 14:50:02,14.40,1514.1,84.6,0.65,-0.28,17.90
2023-11-18 15:00:02,14.40,1514.1,84.6,0.65,-0.28,17.90
2023-11-18 15:10:02,14.40,1514.1,84.6,0.64,-0.28,17.90
2023-11-18 15:20:02,14.40,1514.1,84.6,0.65,-0.28,17.90
2023-11-18 15:30:02,14.40,1513.0,84.6,0.65,-0.28,17.58
2023-11-18 15:40:02,14.40,1511.3,84.5,0.65,-0.29,17.15
2023-11-18 15:50:02,14.40,1511.1,84.5,0.64,-0.29,16.94
2023-11-18 16:00:02,14.40,1511.1,84.5,0.64,-0.29,16.84
2023-11-18 16:10:02,14.40,1511.0,84.5,0.63,-0.29,16.77
2023-11-18 16:20:02,14.40,1509.7,84.5,0.63,-0.29,16.73
2023-11-18 16:30:02,14.40,1509.6,84.5,0.62,-0.30,16.71
2023-11-18 16:40:02,14.40,1509.6,84.5,0.62,-0.29,16.69
2023-11-18 16:50:02,14.40,1509.6,84.5,0.62,-0.29,16.67
2023-11-18 17:00:02,14.40,1509.6,84.5,0.62,-0.30,16.65
2023-11-18 17:10:02,14.40,1509.6,84.5,0.62,-0.29,16.65
2023-11-18 17:20:02,14.40,1509.6,84.5,0.62,-0.29,16.63
2023-11-18 17:30:02,14.40,1509.6,84.5,0.62,-0.30,16.59
2023-11-18 17:40:02,14.40,1509.6,84.5,0.63,-0.30,16.56
2023-11-18 17:50:02,14.40,1509.6,84.5,0.62,-0.30,16.54
2023-11-18 18:00:02,14.40,1509.6,84.5,0.62,-0.30,16.53
2023-11-18 18:10:02,14.40,1509.6,84.5,0.62,-0.30,16.53
2023-11-18 18:20:02,14.40,1509.6,84.5,0.62,-0.30,16.54
2023-11-18 18:30:02,14.40,1509.6,84.5,0.62,-0.30,16.59
2023-11-18 18:40:02,14.40,1509.6,84.5,0.62,-0.30,16.66
2023-11-18 18:50:02,14.40,1509.6,84.5,0.62,-0.30,16.70
2023-11-18 19:00:02,14.40,1509.6,84.5,0.62,-0.30,16.71
2023-11-18 19:10:02,14.40,1509.6,84.5,0.62,-0.30,16.72
2023-11-18 19:20:02,14.40,1510.3,84.6,0.62,-0.30,16.74
2023-11-18 19:30:02,14.40,1511.1,84.6,0.62,-0.30,16.84
2023-11-18 19:40:02,14.40,1511.1,84.6,0.62,-0.30,17.04
2023-11-18 19:50:02,14.39,1511.4,84.6,0.63,-0.30,17.18
2023-11-18 20:00:02,14.40,1512.6,84.6,0.63,-0.29,17.36
2023-11-18 20:10:02,14.39,1512.6,84.6,0.63,-0.29,17.43
2023-11-18 20:20:02,14.39,1512.6,84.6,0.64,-0.29,17.46
2023-11-18 20:30:02,14.39,1512.6,84.6,0.64,-0.29,17.48
2023-11-18 20:40:02,14.39,1512.6,84.6,0.64,-0.29,17.55
2023-11-18 20:50:02,14.39,1512.6,84.6,0.64,-0.29,17.59
2023-11-18 21:00:02,14.39,1512.6,84.7,0.64,-0.29,17.56
2023-11-18 21:10:02,14.40,1512.6,84.7,0.64,-0.29,17.51
2023-11-18 21:20:02,14.40,1512.6,84.7,0.64,-0.29,17.46
2023-11-18 21:30:02,14.40,1512.6,84.7,0.64,-0.29,17.43
2023-11-18 21:40:02,14.40,1512.6,84.7,0.64,-0.29,17.43
2023-11-18 21:50:02,14.40,1512.6,84.7,0.64,-0.29,17.44
2023-11-18 22:00:02,14.40,1512.6,84.7,0.64,-0.29,17.48
2023-11-18 22:10:02,14.40,1512.6,84.7,0.64,-0.29,17.52
2023-11-18 22:20:02,14.40,1512.6,84.7,0.65,-0.29,17.47
2023-11-18 22:30:02,14.40,1512.3,84.7,0.65,-0.29,17.30
2023-11-18 22:40:02,14.40,1512.4,84.7,0.64,-0.30,17.33
2023-11-18 22:50:02,14.40,1512.6,84.7,0.64,-0.29,17.34
2023-11-18 23:00:02,14.40,1512.6,84.7,0.64,-0.29,17.46
2023-11-18 23:10:02,14.40,1512.6,84.7,0.64,-0.29,17.62
2023-11-18 23:20:02,14.40,1513.9,84.7,0.64,-0.28,17.80
2023-11-18 23:30:02,14.40,1514.1,84.7,0.64,-0.29,17.96
2023-11-18 23:40:02,14.40,1513.7,84.7,0.65,-0.28,17.91
2023-11-18 23:50:02,14.40,1514.1,84.7,0.65,-0.29,17.92
2023-11-19 00:00:02,14.40,1513.7,84.7,0.64,-0.28,17.90
2023-11-19 00:10:02,14.40,1512.6,84.6,0.65,-0.29,17.45
2023-11-19 00:20:02,14.40,1511.7,84.6,0.66,-0.29,17.23
2023-11-19 00:30:02,14.40,1511.1,84.6,0.65,-0.29,17.08
2023-11-19 00:40:02,14.40,1511.1,84.6,0.65,-0.29,16.99
2023-11-19 00:50:02,14.40,1511.1,84.6,0.64,-0.29,16.92
2023-11-19 01:00:02,14.40,1511.1,84.6,0.64,-0.29,16.87
2023-11-19 01:10:02,14.40,1511.1,84.6,0.64,-0.28,16.84
2023-11-19 01:20:02,14.40,1511.1,84.6,0.63,-0.29,16.82
2023-11-19 01:30:02,14.40,1511.1,84.6,0.63,-0.29,16.84
2023-11-19 01:40:02,14.40,1511.1,84.6,0.63,-0.29,16.87
2023-11-19 01:50:02,14.40,1511.1,84.6,0.63,-0.29,16.87
2023-11-19 02:00:02,14.40,1511.1,84.6,0.63,-0.29,16.93
2023-11-19 02:10:02,14.40,1511.1,84.6,0.63,-0.28,16.94
2023-11-19 02:20:02,14.39,1511.1,84.6,0.63,-0.29,16.98
2023-11-19 02:30:02,14.39,1511.1,84.6,0.63,-0.28,16.95
2023-11-19 02:40:02,14.39,1511.1,84.6,0.63,-0.29,17.06
2023-11-19 02:50:02,14.39,1512.4,84.6,0.63,-0.29,17.35
2023-11-19 03:00:02,14.39,1512.6,84.6,0.63,-0.29,17.57
2023-11-19 03:10:02,14.39,1513.3,84.6,0.64,-0.28,17.72
2023-11-19 03:20:02,14.39,1512.6,84.6,0.64,-0.29,17.61
2023-11-19 03:30:02,14.39,1512.6,84.6,0.64,-0.28,17.52
2023-11-19 03:40:02,14.39,1512.6,84.6,0.64,-0.28,17.62
2023-11-19 03:50:02,14.39,1513.5,84.6,0.65,-0.28,17.78
2023-11-19 04:00:02,14.39,1513.9,84.6,0.65,-0.28,17.80
2023-11-19 04:10:02,14.39,1513.7,84.6,0.65,-0.28,17.80
2023-11-19 04:20:02,14.39,1513.8,84.6,0.65,-0.28,17.80
2023-11-19 04:30:02,14.40,1514.1,84.6,0.65,-0.28,17.89
2023-11-19 04:40:02,14.40,1514.1,84.6,0.65,-0.28,17.90
2023-11-19 04:50:02,14.40,1514.1,84.6,0.65,-0.28,17.93
2023-11-19 05:00:02,14.39,1514.1,84.6,0.65,-0.28,17.94
2023-11-19 05:10:02,14.40,1514.1,84.6,0.65,-0.28,17.94
2023-11-19 05:20:02,14.40,1514.1,84.6,0.65,-0.28,17.95
2023-11-19 05:30:02,14.40,1514.1,84.7,0.65,-0.28,17.95
2023-11-19 05:40:02,14.40,1514.1,84.7,0.66,-0.28,17.97
2023-11-19 05:50:02,14.40,1514.1,84.6,0.66,-0.28,17.98
2023-11-19 06:00:02,14.40,1514.1,84.7,0.65,-0.27,17.98
2023-11-19 06:10:02,14.40,1514.1,84.6,0.66,-0.28,17.98
2023-11-19 06:20:02,14.40,1514.1,84.6,0.65,-0.28,18.00
2023-11-19 06:30:02,14.40,1514.1,84.6,0.66,-0.27,18.01
2023-11-19 06:40:02,14.40,1514.1,84.6,0.66,-0.28,18.03
2023-11-19 06:50:02,14.40,1514.1,84.7,0.66,-0.27,18.07
2023-11-19 07:00:02,14.40,1514.1,84.6,0.66,-0.28,18.09
2023-11-19 07:10:02,14.40,1514.1,84.7,0.66,-0.28,18.07
2023-11-19 07:20:02,14.40,1514.1,84.7,0.66,-0.28,18.06
2023-11-19 07:30:02,14.40,1514.1,84.6,0.66,-0.27,18.02
2023-11-19 07:40:02,14.40,1513.3,84.6,0.66,-0.28,17.70
2023-11-19 07:50:02,14.40,1512.0,84.6,0.66,-0.29,17.29
2023-11-19 08:00:02,14.40,1511.1,84.6,0.66,-0.30,16.93
2023-11-19 08:10:02,14.40,1511.1,84.6,0.65,-0.30,16.78
2023-11-19 08:20:02,14.40,1511.1,84.6,0.64,-0.30,16.85
2023-11-19 08:30:02,14.40,1511.1,84.6,0.64,-0.30,16.89
2023-11-19 08:40:02,14.40,1511.1,84.6,0.64,-0.29,16.82
2023-11-19 08:50:02,14.40,1511.1,84.6,0.64,-0.29,16.79
2023-11-19 09:00:02,14.40,1511.1,84.6,0.63,-0.30,16.78
2023-11-19 09:10:02,14.40,1511.1,84.6,0.63,-0.30,16.78
2023-11-19 09:20:02,14.40,1511.1,84.6,0.63,-0.30,16.79
2023-11-19 09:30:02,14.40,1511.1,84.6,0.64,-0.29,16.83
2023-11-19 09:40:02,14.40,1511.1,84.6,0.63,-0.29,16.98
2023-11-19 09:50:02,14.40,1511.1,84.6,0.64,-0.29,17.11
2023-11-19 10:00:02,14.40,1511.4,84.6,0.64,-0.29,17.21
2023-11-19 10:10:02,14.40,1512.6,84.6,0.64,-0.29,17.37
2023-11-19 10:20:02,14.40,1512.6,84.7,0.64,-0.29,17.49
2023-11-19 10:30:02,14.40,1512.6,84.7,0.64,-0.29,17.62
2023-11-19 10:40:02,14.40,1513.1,84.7,0.65,-0.29,17.72
2023-11-19 10:50:02,14.40,1514.1,84.7,0.65,-0.28,17.79
2023-11-19 11:00:02,14.40,1514.1,84.7,0.65,-0.28,17.83
2023-11-19 11:10:02,14.40,1514.1,84.7,0.65,-0.28,17.87
2023-11-19 11:20:02,14.40,1514.1,84.7,0.66,-0.28,17.89
2023-11-19 11:30:02,14.40,1514.1,84.7,0.65,-0.28,17.90
2023-11-19 11:40:02,14.40,1514.1,84.7,0.65,-0.28,17.92
2023-11-19 11:50:02,14.40,1514.1,84.7,0.65,-0.28,17.93
2023-11-19 12:00:02,14.40,1514.1,84.7,0.65,-0.28,17.94
2023-11-19 12:10:02,14.40,1514.1,84.7,0.66,-0.28,17.95
2023-11-19 12:20:02,14.40,1514.1,84.7,0.66,-0.28,17.94
2023-11-19 12:30:02,14.40,1514.1,84.7,0.66,-0.28,17.92
2023-11-19 12:40:02,14.40,1514.1,84.7,0.65,-0.28,17.90
2023-11-19 12:50:02,14.40,1514.1,84.7,0.66,-0.28,17.89
2023-11-19 13:00:02,14.40,1514.1,84.7,0.66,-0.28,17.89
2023-11-19 13:10:02,14.40,1514.1,84.7,0.66,-0.28,17.92
2023-11-19 13:20:02,14.40,1514.1,84.7,0.66,-0.28,17.92
2023-11-19 13:30:02,14.40,1514.1,84.7,0.66,-0.28,17.92
2023-11-19 13:40:02,14.40,1514.1,84.7,0.66,-0.28,17.91
2023-11-19 13:50:02,14.40,1514.1,84.6,0.66,-0.28,17.90
2023-11-19 14:00:02,14.40,1514.1,84.7,0.66,-0.28,17.90
2023-11-19 14:10:02,14.40,1514.1,84.6,0.66,-0.28,17.90
2023-11-19 14:20:02,14.40,1514.1,84.6,0.66,-0.28,17.90
2023-11-19 14:30:02,14.40,1514.1,84.6,0.66,-0.28,17.90
2023-11-19 14:40:02,14.40,1514.1,84.6,0.66,-0.28,17.90
2023-11-19 14:50:02,14.40,1514.1,84.6,0.66,-0.28,17.90
2023-11-19 15:00:02,14.40,1514.1,84.6,0.66,-0.28,17.91
2023-11-19 15:10:02,14.40,1514.1,84.6,0.66,-0.28,17.92
2023-11-19 15:20:02,14.40,1514.1,84.6,0.66,-0.28,17.92
2023-11-19 15:30:02,14.40,1514.1,84.6,0.66,-0.28,17.92
2023-11-19 15:40:02,14.40,1514.1,84.6,0.66,-0.28,17.91
2023-11-19 15:50:02,14.40,1514.1,84.6,0.66,-0.28,17.92
2023-11-19 16:00:02,14.40,1514.1,84.6,0.66,-0.28,17.92
2023-11-19 16:10:02,14.40,1514.1,84.6,0.66,-0.28,17.93
2023-11-19 16:20:02,14.40,1514.1,84.6,0.66,-0.28,17.93
2023-11-19 16:30:02,14.40,1514.1,84.6,0.66,-0.28,17.93
2023-11-19 16:40:02,14.40,1514.1,84.6,0.66,-0.27,17.87
2023-11-19 16:50:02,14.40,1513.0,84.6,0.66,-0.28,17.72
2023-11-19 17:00:02,14.40,1512.6,84.6,0.66,-0.28,17.64
2023-11-19 17:10:02,14.40,1512.6,84.6,0.66,-0.27,17.62
2023-11-19 17:20:02,14.40,1512.6,84.6,0.66,-0.28,17.60
2023-11-19 17:30:02,14.40,1512.6,84.6,0.66,-0.28,17.59
2023-11-19 17:40:02,14.40,1512.6,84.6,0.65,-0.28,17.57
2023-11-19 17:50:02,14.40,1512.6,84.6,0.66,-0.28,17.56
2023-11-19 18:00:02,14.40,1512.6,84.6,0.66,-0.28,17.55
2023-11-19 18:10:02,14.40,1512.6,84.6,0.66,-0.28,17.54
2023-11-19 18:20:02,14.40,1512.6,84.6,0.66,-0.27,17.54
2023-11-19 18:30:02,14.40,1512.6,84.6,0.66,-0.28,17.54
2023-11-19 18:40:02,14.40,1512.6,84.6,0.66,-0.28,17.53
2023-11-19 18:50:02,14.40,1512.6,84.6,0.66,-0.28,17.52
2023-11-19 19:00:02,14.40,1512.6,84.6,0.66,-0.28,17.51
2023-11-19 19:10:02,14.40,1512.6,84.6,0.66,-0.28,17.41
2023-11-19 19:20:02,14.40,1512.6,84.6,0.66,-0.28,17.30
2023-11-19 19:30:02,14.40,1512.5,84.6,0.66,-0.28,17.25
2023-11-19 19:40:02,14.40,1512.6,84.6,0.65,-0.28,17.27
2023-11-19 19:50:02,14.40,1512.6,84.6,0.66,-0.28,17.29
2023-11-19 20:00:02,14.40,1512.6,84.6,0.66,-0.28,17.31
2023-11-19 20:10:02,14.40,1512.6,84.7,0.66,-0.28,17.33
2023-11-19 20:20:02,14.40,1512.6,84.7,0.66,-0.28,17.34
2023-11-19 20:30:02,14.40,1512.6,84.7,0.66,-0.28,17.34
2023-11-19 20:40:02,14.40,1512.6,84.7,0.66,-0.28,17.34
2023-11-19 20:50:02,14.40,1512.6,84.7,0.66,-0.28,17.34
2023-11-19 21:00:02,14.40,1512.6,84.7,0.66,-0.28,17.36
2023-11-19 21:10:02,14.40,1512.6,84.7,0.66,-0.28,17.38
2023-11-19 21:20:02,14.40,1512.6,84.7,0.66,-0.28,17.40
2023-11-19 21:30:02,14.40,1512.6,84.7,0.66,-0.28,17.42
2023-11-19 21:40:02,14.40,1512.6,84.7,0.66,-0.28,17.44
2023-11-19 21:50:02,14.40,1512.6,84.7,0.66,-0.28,17.47
2023-11-19 22:00:02,14.40,1512.6,84.7,0.66,-0.28,17.47
2023-11-19 22:10:02,14.40,1512.6,84.7,0.66,-0.28,17.48
2023-11-19 22:20:02,14.40,1512.6,84.7,0.66,-0.28,17.47
2023-11-19 22:30:02,14.40,1512.6,84.7,0.67,-0.28,17.46
2023-11-19 22:40:02,14.40,1512.6,84.7,0.67,-0.28,17.49
2023-11-19 22:50:02,14.40,1512.6,84.7,0.66,-0.28,17.49
2023-11-19 23:00:02,14.40,1512.6,84.7,0.66,-0.28,17.61
2023-11-19 23:10:02,14.40,1512.7,84.7,0.67,-0.28,17.65
2023-11-19 23:20:02,14.40,1512.6,84.7,0.67,-0.28,17.53
2023-11-19 23:30:02,14.40,1512.6,84.7,0.67,-0.28,17.41
2023-11-19 23:40:02,14.40,1512.6,84.7,0.66,-0.28,17.41
2023-11-19 23:50:02,14.40,1512.6,84.7,0.66,-0.29,17.41
2023-11-20 00:00:02,14.40,1512.6,84.7,0.66,-0.28,17.40
2023-11-20 00:10:02,14.40,1512.6,84.7,0.66,-0.28,17.56
2023-11-20 00:20:02,14.40,1513.6,84.7,0.66,-0.28,17.77
2023-11-20 00:30:02,14.40,1514.1,84.7,0.66,-0.28,17.96
2023-11-20 00:40:02,14.40,1514.1,84.7,0.67,-0.27,18.09
2023-11-20 00:50:02,14.40,1514.6,84.7,0.67,-0.27,18.23
2023-11-20 01:00:02,14.40,1515.6,84.7,0.67,-0.27,18.27
2023-11-20 01:10:02,14.40,1515.6,84.7,0.67,-0.27,18.30
2023-11-20 01:20:02,14.40,1515.2,84.7,0.68,-0.27,18.26
2023-11-20 01:30:02,14.40,1514.8,84.7,0.68,-0.27,18.24
2023-11-20 01:40:02,14.40,1514.4,84.7,0.68,-0.27,18.24
2023-11-20 01:50:02,14.40,1514.2,84.7,0.68,-0.27,18.21
2023-11-20 02:00:02,14.40,1514.1,84.7,0.69,-0.25,18.15
2023-11-20 02:10:02,14.40,1514.1,84.7,0.69,-0.25,18.12
2023-11-20 02:20:02,14.40,1514.1,84.7,0.67,-0.26,18.10
2023-11-20 02:30:02,14.40,1514.1,84.6,0.67,-0.26,18.12
2023-11-20 02:40:02,14.40,1514.1,84.7,0.67,-0.26,18.13
2023-11-20 02:50:02,14.40,1514.1,84.6,0.67,-0.26,18.12
2023-11-20 03:00:02,14.40,1514.1,84.6,0.67,-0.26,18.12
2023-11-20 03:10:02,14.40,1514.1,84.6,0.68,-0.25,18.14
2023-11-20 03:20:02,14.40,1514.1,84.6,0.67,-0.24,18.15
2023-11-20 03:30:02,14.40,1514.1,84.6,0.68,-0.24,18.15
2023-11-20 03:40:02,14.40,1514.1,84.6,0.67,-0.25,18.12
2023-11-20 03:50:02,14.40,1514.1,84.6,0.67,-0.25,18.11
2023-11-20 04:00:02,14.40,1514.1,84.6,0.67,-0.24,18.14
2023-11-20 04:10:02,14.40,1514.1,84.6,0.66,-0.24,18.08
2023-11-20 04:20:02,14.40,1514.1,84.6,0.67,-0.25,18.08
2023-11-20 04:30:02,14.40,1514.1,84.6,0.67,-0.26,17.88
2023-11-20 04:40:02,14.40,1512.8,84.6,0.67,-0.26,17.71
2023-11-20 04:50:02,14.40,1514.0,84.6,0.67,-0.25,17.82
2023-11-20 05:00:02,14.40,1513.0,84.6,0.65,-0.26,17.70
2023-11-20 05:10:02,14.40,1512.6,84.6,0.66,-0.26,17.54
2023-11-20 05:20:02,14.40,1512.6,84.6,0.65,-0.27,17.49
2023-11-20 05:30:02,14.40,1512.6,84.6,0.65,-0.25,17.46
2023-11-20 05:40:02,14.40,1512.6,84.6,0.65,-0.26,17.44
2023-11-20 05:50:02,14.40,1512.6,84.6,0.65,-0.26,17.48
2023-11-20 06:00:02,14.40,1512.6,84.5,0.64,-0.26,17.44
2023-11-20 06:10:02,14.40,1512.6,84.5,0.65,-0.25,17.43
2023-11-20 06:20:02,14.40,1512.6,84.5,0.64,-0.26,17.42
2023-11-20 06:30:02,14.40,1512.6,84.5,0.65,-0.26,17.42
2023-11-20 06:40:02,14.40,1512.6,84.6,0.64,-0.26,17.42
2023-11-20 06:50:02,14.40,1512.6,84.5,0.64,-0.26,17.41
2023-11-20 07:00:02,14.40,1512.6,84.5,0.64,-0.25,17.42
2023-11-20 07:10:02,14.40,1512.6,84.5,0.64,-0.26,17.46
2023-11-20 07:20:02,14.40,1512.6,84.5,0.64,-0.26,17.45
2023-11-20 07:30:02,14.40,1512.6,84.6,0.65,-0.25,17.49
2023-11-20 07:40:02,14.40,1512.6,84.6,0.64,-0.25,17.64
2023-11-20 07:50:02,14.40,1512.6,84.6,0.64,-0.25,17.61
2023-11-20 08:00:02,14.40,1512.6,84.5,0.66,-0.25,17.55
2023-11-20 08:10:02,14.40,1512.6,84.5,0.65,-0.26,17.57
2023-11-20 08:20:02,14.40,1512.6,84.5,0.65,-0.26,17.54
2023-11-20 08:30:02,14.40,1512.6,84.5,0.65,-0.26,17.50
2023-11-20 08:40:02,14.40,1512.6,84.5,0.66,-0.25,17.41
2023-11-20 08:50:02,14.40,1512.6,84.5,0.65,-0.26,17.33
2023-11-20 09:00:02,14.40,1512.6,84.5,0.65,-0.26,17.36
2023-11-20 09:10:02,14.40,1512.6,84.5,0.65,-0.26,17.38
2023-11-20 09:20:02,14.40,1512.6,84.5,0.65,-0.27,17.35
2023-11-20 09:30:02,14.40,1512.6,84.5,0.65,-0.26,17.41
2023-11-20 09:40:02,14.40,1512.6,84.6,0.65,-0.27,17.46
2023-11-20 09:50:02,14.40,1512.6,84.5,0.65,-0.26,17.49
2023-11-20 10:00:02,14.40,1512.6,84.6,0.66,-0.27,17.49
2023-11-20 10:10:02,14.40,1512.6,84.5,0.65,-0.26,17.45
2023-11-20 10:20:02,14.40,1512.6,84.5,0.66,-0.26,17.46
2023-11-20 10:30:02,14.40,1512.6,84.5,0.66,-0.26,17.47
2023-11-20 10:40:02,14.40,1512.6,84.5,0.65,-0.26,17.48
2023-11-20 10:50:02,14.40,1512.6,84.6,0.65,-0.26,17.48
2023-11-20 11:00:02,14.40,1512.6,84.5,0.65,-0.26,17.50
2023-11-20 11:10:02,14.40,1512.6,84.5,0.65,-0.26,17.51
2023-11-20 11:20:02,14.40,1512.6,84.6,0.65,-0.26,17.51
2023-11-20 11:30:02,14.40,1512.6,84.5,0.65,-0.26,17.51
2023-11-20 11:40:02,14.40,1512.6,84.5,0.65,-0.26,17.50
2023-11-20 11:50:02,14.40,1512.6,84.5,0.65,-0.26,17.49
2023-11-20 12:00:02,14.39,1512.6,84.5,0.66,-0.26,17.46
2023-11-20 12:10:02,14.40,1512.6,84.5,0.65,-0.26,17.45
2023-11-20 12:20:02,14.39,1512.6,84.6,0.65,-0.26,17.44
2023-11-20 12:30:02,14.39,1512.6,84.6,0.65,-0.26,17.43
2023-11-20 12:40:02,14.39,1512.6,84.5,0.65,-0.26,17.40
2023-11-20 12:50:02,14.39,1512.6,84.5,0.65,-0.25,17.37
2023-11-20 13:00:02,14.39,1512.6,84.5,0.66,-0.27,17.34
2023-11-20 13:10:02,14.39,1512.6,84.5,0.65,-0.26,17.33
2023-11-20 13:20:02,14.39,1512.6,84.5,0.65,-0.26,17.32
2023-11-20 13:30:02,14.39,1512.6,84.5,0.65,-0.25,17.30
2023-11-20 13:40:02,14.39,1512.6,84.5,0.65,-0.25,17.35
2023-11-20 13:50:02,14.39,1512.6,84.5,0.66,-0.25,17.30
2023-11-20 14:00:02,14.39,1512.6,84.5,0.66,-0.25,17.29
2023-11-20 14:10:02,14.39,1512.6,84.5,0.66,-0.25,17.30
2023-11-20 14:20:02,14.39,1512.6,84.5,0.65,-0.26,17.36
2023-11-20 14:30:02,14.39,1512.6,84.5,0.65,-0.26,17.39
2023-11-20 14:40:02,14.39,1512.6,84.5,0.65,-0.26,17.33
2023-11-20 14:50:02,14.39,1512.6,84.5,0.66,-0.25,17.28
2023-11-20 15:00:02,14.39,1512.6,84.5,0.66,-0.26,17.28
2023-11-20 15:10:02,14.39,1512.6,84.5,0.65,-0.26,17.34
2023-11-20 15:20:02,14.39,1512.6,84.5,0.66,-0.26,17.41
2023-11-20 15:30:02,14.39,1512.6,84.5,0.66,-0.26,17.43
2023-11-20 15:40:02,14.39,1512.6,84.5,0.65,-0.26,17.34
2023-11-20 15:50:02,14.39,1512.6,84.5,0.65,-0.26,17.39
2023-11-20 16:00:02,14.38,1512.6,84.5,0.65,-0.26,17.45
2023-11-20 16:10:02,14.39,1512.6,84.5,0.66,-0.26,17.40
2023-11-20 16:20:02,14.38,1512.6,84.5,0.66,-0.26,17.30
2023-11-20 16:30:02,14.38,1512.6,84.5,0.65,-0.26,17.33
2023-11-20 16:40:02,14.38,1512.6,84.5,0.65,-0.26,17.35
2023-11-20 16:50:02,14.38,1512.6,84.5,0.65,-0.26,17.36
2023-11-20 17:00:02,14.38,1512.6,84.5,0.65,-0.26,17.37
2023-11-20 17:10:02,14.39,1512.6,84.5,0.66,-0.26,17.36
2023-11-20 17:20:02,14.38,1512.6,84.5,0.66,-0.26,17.38
2023-11-20 17:30:02,14.38,1512.6,84.5,0.65,-0.26,17.38
2023-11-20 17:40:02,14.38,1512.6,84.5,0.65,-0.26,17.34
2023-11-20 17:50:02,14.38,1512.6,84.5,0.65,-0.26,17.39
2023-11-20 18:00:02,14.38,1512.6,84.5,0.66,-0.26,17.43
2023-11-20 18:10:02,14.38,1512.6,84.5,0.66,-0.25,17.44
2023-11-20 18:20:02,14.38,1512.6,84.5,0.65,-0.25,17.35
2023-11-20 18:30:02,14.38,1512.6,84.5,0.65,-0.26,17.30
2023-11-20 18:40:02,14.38,1512.6,84.5,0.65,-0.25,17.36
2023-11-20 18:50:02,14.38,1512.6,84.5,0.65,-0.25,17.31
2023-11-20 19:00:02,14.38,1512.6,84.5,0.66,-0.26,17.27
2023-11-20 19:10:02,14.38,1512.6,84.5,0.65,-0.26,17.27
2023-11-20 19:20:02,14.38,1512.6,84.5,0.65,-0.26,17.31
2023-11-20 19:30:02,14.38,1512.6,84.6,0.65,-0.26,17.39
2023-11-20 19:40:02,14.38,1512.6,84.6,0.65,-0.26,17.44
2023-11-20 19:50:02,14.38,1512.6,84.6,0.65,-0.25,17.43
2023-11-20 20:00:02,14.38,1512.6,84.6,0.66,-0.26,17.39
2023-11-20 20:10:02,14.38,1512.6,84.6,0.65,-0.25,17.44
2023-11-20 20:20:02,14.38,1512.6,84.6,0.65,-0.25,17.45
2023-11-20 20:30:02,14.38,1512.6,84.6,0.66,-0.26,17.39
2023-11-20 20:40:02,14.38,1512.6,84.6,0.65,-0.26,17.48
2023-11-20 20:50:02,14.38,1512.6,84.6,0.66,-0.25,17.48
2023-11-20 21:00:02,14.38,1512.6,84.6,0.65,-0.25,17.50
2023-11-20 21:10:02,14.38,1512.6,84.6,0.66,-0.25,17.47
2023-11-20 21:20:02,14.38,1512.6,84.6,0.66,-0.25,17.45
2023-11-20 21:30:02,14.38,1512.6,84.6,0.66,-0.25,17.50
2023-11-20 21:40:02,14.38,1512.6,84.6,0.65,-0.25,17.53
2023-11-20 21:50:02,14.38,1512.6,84.6,0.66,-0.25,17.52
2023-11-20 22:00:02,14.38,1512.6,84.6,0.66,-0.26,17.54
2023-11-20 22:10:02,14.38,1512.6,84.6,0.66,-0.26,17.57
2023-11-20 22:20:02,14.38,1512.6,84.6,0.66,-0.25,17.59
2023-11-20 22:30:02,14.38,1512.6,84.6,0.66,-0.25,17.61
2023-11-20 22:40:02,14.38,1512.6,84.6,0.66,-0.26,17.63
2023-11-20 22:50:02,14.39,1512.6,84.6,0.66,-0.26,17.64
2023-11-20 23:00:02,14.39,1512.6,84.6,0.66,-0.26,17.61
2023-11-20 23:10:02,14.39,1512.6,84.6,0.66,-0.25,17.60
2023-11-20 23:20:02,14.39,1512.6,84.6,0.66,-0.26,17.63
2023-11-20 23:30:02,14.39,1512.6,84.6,0.66,-0.25,17.61
2023-11-20 23:40:02,14.39,1513.6,84.6,0.66,-0.25,17.79
2023-11-20 23:50:02,14.39,1514.1,84.6,0.66,-0.23,17.96
2023-11-21 00:00:02,14.39,1514.1,84.6,0.66,-0.24,17.89
2023-11-21 00:10:02,14.39,1514.1,84.6,0.66,-0.24,17.99
2023-11-21 00:20:02,14.39,1514.1,84.6,0.66,-0.25,17.89
2023-11-21 00:30:02,14.39,1514.1,84.6,0.67,-0.24,17.98
2023-11-21 00:40:02,14.40,1514.1,84.6,0.68,-0.24,18.01
2023-11-21 00:50:02,14.40,1514.1,84.6,0.67,-0.24,18.00
2023-11-21 01:00:02,14.40,1514.1,84.6,0.67,-0.24,17.97
2023-11-21 01:10:02,14.40,1514.1,84.6,0.67,-0.24,17.94
2023-11-21 01:20:02,14.40,1514.1,84.6,0.67,-0.25,17.89
2023-11-21 01:30:02,14.40,1514.1,84.6,0.67,-0.24,17.85
2023-11-21 01:40:02,14.40,1514.1,84.6,0.67,-0.25,17.82
2023-11-21 01:50:02,14.40,1514.1,84.6,0.67,-0.26,17.86
2023-11-21 02:00:02,14.40,1514.1,84.6,0.66,-0.25,17.86
2023-11-21 02:10:02,14.40,1514.1,84.6,0.66,-0.25,17.82
2023-11-21 02:20:02,14.40,1514.1,84.6,0.67,-0.25,17.82
2023-11-21 02:30:02,14.40,1514.1,84.6,0.67,-0.25,17.82
2023-11-21 02:40:02,14.40,1514.1,84.6,0.67,-0.25,17.83
2023-11-21 02:50:02,14.40,1514.1,84.6,0.67,-0.25,17.82
2023-11-21 03:00:02,14.40,1514.1,84.6,0.66,-0.25,17.78
2023-11-21 03:10:02,14.40,1514.1,84.6,0.67,-0.25,17.78
2023-11-21 03:20:02,14.40,1514.1,84.6,0.67,-0.26,17.76
2023-11-21 03:30:02,14.40,1512.7,84.6,0.66,-0.25,17.73
2023-11-21 03:40:02,14.40,1512.6,84.6,0.67,-0.25,17.70
2023-11-21 03:50:02,14.40,1512.6,84.6,0.66,-0.25,17.72
2023-11-21 04:00:02,14.40,1512.6,84.6,0.66,-0.25,17.71
2023-11-21 04:10:02,14.40,1512.6,84.6,0.66,-0.25,17.71
2023-11-21 04:20:02,14.40,1512.6,84.6,0.66,-0.26,17.71
2023-11-21 04:30:02,14.40,1512.6,84.6,0.66,-0.26,17.72
2023-11-21 04:40:02,14.40,1512.9,84.6,0.66,-0.25,17.74
2023-11-21 04:50:02,14.40,1513.8,84.6,0.66,-0.26,17.75
2023-11-21 05:00:02,14.40,1512.8,84.6,0.66,-0.25,17.73
2023-11-21 05:10:02,14.40,1512.6,84.6,0.66,-0.26,17.73
2023-11-21 05:20:02,14.40,1512.6,84.6,0.66,-0.26,17.73
2023-11-21 05:30:02,14.40,1512.6,84.6,0.66,-0.25,17.73
2023-11-21 05:40:02,14.40,1512.6,84.6,0.66,-0.26,17.73
2023-11-21 05:50:02,14.40,1512.6,84.6,0.66,-0.25,17.73
2023-11-21 06:00:02,14.40,1512.6,84.6,0.66,-0.26,17.70
2023-11-21 06:10:02,14.40,1512.6,84.6,0.66,-0.25,17.66
2023-11-21 06:20:02,14.40,1512.6,84.6,0.66,-0.25,17.66
2023-11-21 06:30:02,14.40,1512.6,84.6,0.66,-0.26,17.68
2023-11-21 06:40:02,14.40,1512.6,84.6,0.66,-0.26,17.69
2023-11-21 06:50:02,14.40,1512.6,84.6,0.66,-0.26,17.68
2023-11-21 07:00:02,14.40,1512.6,84.6,0.66,-0.27,17.69
2023-11-21 07:10:02,14.40,1512.6,84.6,0.66,-0.26,17.69
2023-11-21 07:20:02,14.40,1512.6,84.6,0.66,-0.26,17.67
2023-11-21 07:30:02,14.40,1512.6,84.6,0.66,-0.26,17.65
2023-11-21 07:40:02,14.40,1512.6,84.6,0.66,-0.26,17.63
2023-11-21 07:50:02,14.40,1512.6,84.6,0.66,-0.26,17.61
2023-11-21 08:00:02,14.40,1512.6,84.6,0.66,-0.26,17.60
2023-11-21 08:10:02,14.40,1512.6,84.5,0.66,-0.26,17.60
2023-11-21 08:20:02,14.40,1512.6,84.5,0.66,-0.26,17.59
2023-11-21 08:30:02,14.40,1512.6,84.5,0.66,-0.26,17.57
2023-11-21 08:40:02,14.40,1512.6,84.5,0.66,-0.25,17.46
2023-11-21 08:50:02,14.40,1512.6,84.5,0.66,-0.26,17.38
2023-11-21 09:00:02,14.40,1512.6,84.5,0.65,-0.26,17.41
2023-11-21 09:10:02,14.40,1512.6,84.5,0.65,-0.26,17.44
2023-11-21 09:20:02,14.40,1512.6,84.5,0.65,-0.26,17.46
2023-11-21 09:30:02,14.40,1512.6,84.5,0.65,-0.26,17.46
2023-11-21 09:40:02,14.40,1512.6,84.5,0.65,-0.26,17.45
2023-11-21 09:50:02,14.40,1512.6,84.5,0.65,-0.27,17.43
2023-11-21 10:00:02,14.40,1512.6,84.5,0.66,-0.26,17.42
2023-11-21 10:10:02,14.40,1512.6,84.6,0.65,-0.27,17.39
2023-11-21 10:20:02,14.39,1512.6,84.6,0.65,-0.26,17.39
2023-11-21 10:30:02,14.40,1512.6,84.6,0.65,-0.26,17.39
2023-11-21 10:40:02,14.39,1512.6,84.6,0.65,-0.26,17.38
2023-11-21 10:50:02,14.39,1512.6,84.6,0.66,-0.27,17.37
2023-11-21 11:00:02,14.39,1512.6,84.6,0.66,-0.27,17.35
2023-11-21 11:10:02,14.39,1512.6,84.6,0.65,-0.27,17.34
2023-11-21 11:20:02,14.39,1512.6,84.6,0.65,-0.26,17.32
2023-11-21 11:30:02,14.39,1512.6,84.5,0.66,-0.27,17.31
2023-11-21 11:40:02,14.39,1512.6,84.6,0.66,-0.27,17.31
2023-11-21 11:50:02,14.39,1512.6,84.5,0.66,-0.26,17.31
2023-11-21 12:00:02,14.38,1512.6,84.5,0.65,-0.26,17.30
2023-11-21 12:10:02,14.38,1512.6,84.5,0.65,-0.27,17.30
2023-11-21 12:20:02,14.38,1512.0,84.5,0.65,-0.26,17.25
2023-11-21 12:30:02,14.38,1511.1,84.5,0.65,-0.27,17.14
2023-11-21 12:40:02,14.38,1511.1,84.5,0.65,-0.27,17.09
2023-11-21 12:50:02,14.38,1511.1,84.6,0.65,-0.27,17.08
2023-11-21 13:00:02,14.38,1511.1,84.6,0.65,-0.27,17.09
2023-11-21 13:10:02,14.38,1511.1,84.6,0.65,-0.27,17.11
2023-11-21 13:20:02,14.37,1511.1,84.6,0.65,-0.27,17.11
2023-11-21 13:30:02,14.37,1511.1,84.6,0.65,-0.27,17.07
2023-11-21 13:40:02,14.37,1511.1,84.6,0.65,-0.27,17.00
2023-11-21 13:50:02,14.37,1511.1,84.6,0.65,-0.27,16.99
2023-11-21 14:00:02,14.37,1511.1,84.6,0.65,-0.27,17.02
2023-11-21 14:10:02,14.37,1511.1,84.6,0.65,-0.27,17.00
2023-11-21 14:20:02,14.36,1511.1,84.6,0.65,-0.27,16.99
2023-11-21 14:30:02,14.36,1511.1,84.6,0.65,-0.27,16.99
2023-11-21 14:40:02,14.36,1511.1,84.6,0.65,-0.27,16.97
2023-11-21 14:50:02,14.36,1511.1,84.6,0.65,-0.27,16.94
2023-11-21 15:00:02,14.36,1511.1,84.6,0.65,-0.27,16.98
2023-11-21 15:10:02,14.36,1511.1,84.6,0.65,-0.27,16.97
2023-11-21 15:20:02,14.36,1511.1,84.6,0.65,-0.27,16.95
2023-11-21 15:30:02,14.36,1511.1,84.6,0.65,-0.27,16.89
2023-11-21 15:40:02,14.36,1511.1,84.5,0.65,-0.27,16.93
2023-11-21 15:50:02,14.36,1511.1,84.5,0.65,-0.27,16.94
2023-11-21 16:00:02,14.35,1511.1,84.5,0.64,-0.27,16.95
2023-11-21 16:10:02,14.35,1511.1,84.5,0.65,-0.27,16.92
2023-11-21 16:20:02,14.35,1511.1,84.5,0.65,-0.27,16.90
2023-11-21 16:30:02,14.35,1511.1,84.5,0.65,-0.27,16.93
2023-11-21 16:40:02,14.35,1511.1,84.5,0.65,-0.28,16.93
2023-11-21 16:50:02,14.35,1511.1,84.5,0.65,-0.28,16.91
2023-11-21 17:00:02,14.35,1511.1,84.5,0.64,-0.27,16.95
2023-11-21 17:10:02,14.35,1511.1,84.5,0.64,-0.27,17.05
2023-11-21 17:20:02,14.35,1511.1,84.5,0.65,-0.27,17.07
2023-11-21 17:30:02,14.35,1511.1,84.5,0.65,-0.27,17.12
2023-11-21 17:40:02,14.35,1511.1,84.5,0.65,-0.27,17.21
2023-11-21 17:50:02,14.35,1511.1,84.5,0.65,-0.26,17.23
2023-11-21 18:00:02,14.34,1511.1,84.5,0.65,-0.27,17.11
2023-11-21 18:10:02,14.34,1511.1,84.5,0.65,-0.27,17.09
2023-11-21 18:20:02,14.35,1511.1,84.5,0.65,-0.26,17.13
2023-11-21 18:30:02,14.35,1512.3,84.5,0.65,-0.26,17.27
2023-11-21 18:40:02,14.35,1512.6,84.5,0.65,-0.26,17.29
2023-11-21 18:50:02,14.35,1512.6,84.5,0.65,-0.26,17.26
2023-11-21 19:00:02,14.35,1512.6,84.5,0.65,-0.26,17.27
2023-11-21 19:10:02,14.34,1511.3,84.5,0.65,-0.26,17.24
2023-11-21 19:20:02,14.35,1511.2,84.5,0.65,-0.26,17.24
2023-11-21 19:30:02,14.35,1512.4,84.5,0.65,-0.27,17.25
2023-11-21 19:40:02,14.35,1511.8,84.5,0.65,-0.26,17.24
2023-11-21 19:50:02,14.35,1511.1,84.6,0.66,-0.27,17.22
2023-11-21 20:00:02,14.35,1512.2,84.6,0.66,-0.26,17.25
2023-11-21 20:10:02,14.35,1512.5,84.6,0.65,-0.26,17.25
2023-11-21 20:20:02,14.35,1512.6,84.6,0.65,-0.26,17.29
2023-11-21 20:30:02,14.35,1512.6,84.6,0.65,-0.26,17.36
2023-11-21 20:40:02,14.35,1512.6,84.6,0.65,-0.27,17.38
2023-11-21 20:50:02,14.35,1512.6,84.6,0.66,-0.26,17.36
2023-11-21 21:00:02,14.35,1512.6,84.6,0.65,-0.27,17.34
2023-11-21 21:10:02,14.35,1512.6,84.6,0.65,-0.27,17.35
2023-11-21 21:20:02,14.35,1512.6,84.6,0.65,-0.26,17.44
2023-11-21 21:30:02,14.35,1512.6,84.6,0.66,-0.26,17.54
2023-11-21 21:40:02,14.36,1512.6,84.6,0.66,-0.26,17.42
2023-11-21 21:50:02,14.36,1512.6,84.6,0.66,-0.26,17.34
2023-11-21 22:00:02,14.36,1512.6,84.7,0.65,-0.26,17.45
2023-11-21 22:10:02,14.36,1512.6,84.7,0.66,-0.26,17.61
2023-11-21 22:20:02,14.36,1512.9,84.7,0.66,-0.26,17.67
2023-11-21 22:30:02,14.36,1512.8,84.7,0.66,-0.26,17.66
2023-11-21 22:40:02,14.36,1512.6,84.7,0.66,-0.26,17.62
2023-11-21 22:50:02,14.37,1512.6,84.7,0.66,-0.26,17.66
2023-11-21 23:00:02,14.36,1512.6,84.7,0.66,-0.26,17.69
2023-11-21 23:10:02,14.37,1512.6,84.6,0.66,-0.26,17.72
2023-11-21 23:20:02,14.36,1513.7,84.6,0.66,-0.25,17.77
2023-11-21 23:30:02,14.37,1514.1,84.6,0.66,-0.26,17.81
2023-11-21 23:40:02,14.37,1514.1,84.6,0.67,-0.26,17.80
2023-11-21 23:50:02,14.37,1514.1,84.6,0.66,-0.26,17.77
2023-11-22 00:00:02,14.37,1513.8,84.6,0.67,-0.26,17.75
2023-11-22 00:10:02,14.37,1514.1,84.6,0.67,-0.26,17.78
2023-11-22 00:20:02,14.37,1514.1,84.6,0.67,-0.26,17.79
2023-11-22 00:30:02,14.37,1514.1,84.6,0.66,-0.26,17.81
2023-11-22 00:40:02,14.38,1514.1,84.6,0.66,-0.26,17.82
2023-11-22 00:50:02,14.38,1514.1,84.6,0.67,-0.26,17.82
2023-11-22 01:00:02,14.38,1514.1,84.6,0.67,-0.25,17.81
2023-11-22 01:10:02,14.38,1514.1,84.6,0.66,-0.26,17.81
2023-11-22 01:20:02,14.38,1514.1,84.6,0.67,-0.26,17.81
2023-11-22 01:30:02,14.38,1514.1,84.6,0.67,-0.26,17.82
2023-11-22 01:40:02,14.38,1514.1,84.6,0.66,-0.26,17.82
2023-11-22 01:50:02,14.39,1514.1,84.6,0.67,-0.26,17.82
2023-11-22 02:00:02,14.39,1514.1,84.6,0.66,-0.26,17.84
2023-11-22 02:10:02,14.39,1514.1,84.6,0.67,-0.26,17.83
2023-11-22 02:20:02,14.39,1514.1,84.6,0.67,-0.26,17.80
2023-11-22 02:30:02,14.39,1514.1,84.6,0.67,-0.26,17.79
2023-11-22 02:40:02,14.39,1514.1,84.6,0.67,-0.26,17.78
2023-11-22 02:50:02,14.39,1514.1,84.6,0.67,-0.26,17.78
2023-11-22 03:00:02,14.39,1514.1,84.6,0.67,-0.26,17.79
2023-11-22 03:10:02,14.39,1514.1,84.6,0.66,-0.26,17.80
2023-11-22 03:20:02,14.39,1514.1,84.6,0.67,-0.26,17.81
2023-11-22 03:30:02,14.39,1514.1,84.6,0.67,-0.26,17.82
2023-11-22 03:40:02,14.39,1514.1,84.6,0.67,-0.26,17.81
2023-11-22 03:50:02,14.39,1514.1,84.6,0.67,-0.26,17.80
2023-11-22 04:00:02,14.39,1513.5,84.6,0.67,-0.26,17.74
2023-11-22 04:10:02,14.39,1512.6,84.6,0.67,-0.26,17.57
2023-11-22 04:20:02,14.39,1512.6,84.6,0.66,-0.26,17.56
2023-11-22 04:30:02,14.39,1512.6,84.6,0.66,-0.27,17.46
2023-11-22 04:40:02,14.39,1512.6,84.5,0.66,-0.27,17.38
2023-11-22 04:50:02,14.39,1512.6,84.6,0.66,-0.27,17.41
2023-11-22 05:00:02,14.39,1512.6,84.6,0.66,-0.27,17.42
2023-11-22 05:10:02,14.39,1512.6,84.6,0.66,-0.27,17.48
2023-11-22 05:20:02,14.39,1512.6,84.6,0.66,-0.27,17.46
2023-11-22 05:30:02,14.39,1512.6,84.5,0.66,-0.27,17.42
2023-11-22 05:40:02,14.39,1512.6,84.5,0.66,-0.27,17.39
2023-11-22 05:50:02,14.39,1512.6,84.5,0.66,-0.28,17.36
2023-11-22 06:00:02,14.38,1512.6,84.5,0.66,-0.27,17.36
2023-11-22 06:10:02,14.38,1512.6,84.5,0.66,-0.27,17.37
2023-11-22 06:20:02,14.38,1512.6,84.5,0.66,-0.27,17.40
2023-11-22 06:30:02,14.38,1512.6,84.5,0.66,-0.27,17.40
2023-11-22 06:40:02,14.38,1512.6,84.5,0.66,-0.28,17.39
2023-11-22 06:50:02,14.38,1512.6,84.5,0.66,-0.27,17.38
2023-11-22 07:00:02,14.38,1512.6,84.5,0.66,-0.27,17.39
2023-11-22 07:10:02,14.38,1512.6,84.5,0.66,-0.27,17.38
2023-11-22 07:20:02,14.37,1512.6,84.5,0.66,-0.27,17.38
2023-11-22 07:30:02,14.38,1512.6,84.5,0.66,-0.27,17.38
2023-11-22 07:40:02,14.38,1512.6,84.5,0.66,-0.27,17.37
2023-11-22 07:50:02,14.38,1512.6,84.6,0.66,-0.27,17.35
2023-11-22 08:00:02,14.37,1512.6,84.6,0.66,-0.27,17.33
2023-11-22 08:10:02,14.37,1512.6,84.6,0.66,-0.27,17.31
2023-11-22 08:20:02,14.37,1512.6,84.6,0.66,-0.28,17.29
2023-11-22 08:30:02,14.37,1512.6,84.6,0.66,-0.28,17.28
2023-11-22 08:40:02,14.37,1512.6,84.6,0.66,-0.27,17.28
2023-11-22 08:50:02,14.37,1512.6,84.6,0.66,-0.27,17.28
2023-11-22 09:00:02,14.37,1512.6,84.6,0.66,-0.27,17.27
2023-11-22 09:10:02,14.36,1511.3,84.6,0.66,-0.28,17.18
2023-11-22 09:20:02,14.37,1511.1,84.6,0.66,-0.28,17.08
2023-11-22 09:30:02,14.37,1511.1,84.6,0.66,-0.27,17.08
2023-11-22 09:40:02,14.36,1511.1,84.6,0.66,-0.27,17.10
2023-11-22 09:50:02,14.36,1511.1,84.6,0.66,-0.28,17.06
2023-11-22 10:00:02,14.36,1511.1,84.6,0.66,-0.27,17.06
2023-11-22 10:10:02,14.36,1511.1,84.6,0.65,-0.28,17.04
2023-11-22 10:20:02,14.36,1511.1,84.6,0.65,-0.28,17.02
2023-11-22 10:30:02,14.36,1511.1,84.6,0.65,-0.28,17.00
2023-11-22 10:40:02,14.36,1511.1,84.6,0.66,-0.28,17.00
2023-11-22 10:50:02,14.36,1511.1,84.6,0.65,-0.27,16.99
2023-11-22 11:00:02,14.36,1511.1,84.6,0.66,-0.28,16.99
2023-11-22 11:10:02,14.36,1511.1,84.6,0.65,-0.28,16.99
2023-11-22 11:20:02,14.35,1511.1,84.6,0.65,-0.28,17.00
2023-11-22 11:30:02,14.35,1511.1,84.6,0.66,-0.27,17.00
2023-11-22 11:40:02,14.35,1511.1,84.6,0.66,-0.28,17.01
2023-11-22 11:50:02,14.35,1511.1,84.6,0.66,-0.28,17.01
2023-11-22 12:00:02,14.35,1511.1,84.6,0.65,-0.28,16.98
2023-11-22 12:10:02,14.35,1511.1,84.6,0.66,-0.28,16.94
2023-11-22 12:20:02,14.35,1511.1,84.5,0.66,-0.28,16.93
2023-11-22 12:30:02,14.35,1511.1,84.6,0.65,-0.28,16.91
2023-11-22 12:40:02,14.34,1511.1,84.5,0.66,-0.28,16.90
2023-11-22 12:50:02,14.34,1511.1,84.6,0.65,-0.28,16.90
2023-11-22 13:00:02,14.34,1511.1,84.6,0.65,-0.28,16.89
2023-11-22 13:10:02,14.34,1511.1,84.6,0.65,-0.28,16.88
2023-11-22 13:20:02,14.34,1511.1,84.6,0.65,-0.28,16.88
2023-11-22 13:30:02,14.34,1511.1,84.6,0.65,-0.28,16.88
2023-11-22 13:40:02,14.33,1511.1,84.6,0.65,-0.28,16.87
2023-11-22 13:50:02,14.33,1511.1,84.6,0.65,-0.28,16.87
2023-11-22 14:00:02,14.33,1511.1,84.6,0.65,-0.28,16.86
2023-11-22 14:10:02,14.33,1511.1,84.6,0.65,-0.28,16.86
2023-11-22 14:20:02,14.33,1511.1,84.6,0.65,-0.28,16.86
2023-11-22 14:30:02,14.33,1511.1,84.6,0.65,-0.28,16.86
2023-11-22 14:40:02,14.32,1511.1,84.6,0.65,-0.28,16.86
2023-11-22 14:50:02,14.32,1511.1,84.6,0.65,-0.28,16.87
2023-11-22 15:00:02,14.32,1511.1,84.6,0.65,-0.28,16.88
2023-11-22 15:10:02,14.32,1511.1,84.6,0.65,-0.28,16.88
2023-11-22 15:20:02,14.31,1511.1,84.6,0.65,-0.28,16.89
2023-11-22 15:30:02,14.32,1511.1,84.6,0.65,-0.28,16.90
2023-11-22 15:40:02,14.31,1511.1,84.5,0.65,-0.28,16.90
2023-11-22 15:50:02,14.31,1511.1,84.5,0.65,-0.28,16.91
2023-11-22 16:00:02,14.31,1511.1,84.5,0.65,-0.28,16.93
2023-11-22 16:10:02,14.31,1511.1,84.5,0.65,-0.28,16.94
2023-11-22 16:20:02,14.31,1511.1,84.5,0.65,-0.28,16.95
2023-11-22 16:30:02,14.31,1511.1,84.5,0.66,-0.28,16.94
2023-11-22 16:40:02,14.31,1511.1,84.5,0.65,-0.28,16.94
2023-11-22 16:50:02,14.31,1511.1,84.5,0.65,-0.28,16.94
2023-11-22 17:00:02,14.31,1511.1,84.5,0.65,-0.28,16.94
2023-11-22 17:10:02,14.31,1511.1,84.5,0.66,-0.28,16.96
2023-11-22 17:20:02,14.31,1511.1,84.5,0.65,-0.28,16.99
2023-11-22 17:30:02,14.31,1511.1,84.5,0.65,-0.28,17.01
2023-11-22 17:40:02,14.31,1511.1,84.5,0.65,-0.28,17.03
2023-11-22 17:50:02,14.31,1511.1,84.5,0.66,-0.28,17.05
2023-11-22 18:00:02,14.31,1511.1,84.5,0.65,-0.28,17.08
2023-11-22 18:10:02,14.31,1511.1,84.5,0.65,-0.28,17.10
2023-11-22 18:20:02,14.31,1511.1,84.5,0.65,-0.28,17.13
2023-11-22 18:30:02,14.31,1511.1,84.5,0.65,-0.27,17.17
2023-11-22 18:40:02,14.31,1511.1,84.5,0.66,-0.28,17.19
2023-11-22 18:50:02,14.31,1511.1,84.6,0.65,-0.27,17.22
2023-11-22 19:00:02,14.31,1512.2,84.5,0.66,-0.28,17.25
2023-11-22 19:10:02,14.32,1512.6,84.6,0.66,-0.28,17.28
2023-11-22 19:20:02,14.32,1512.6,84.6,0.66,-0.27,17.32
2023-11-22 19:30:02,14.32,1512.6,84.6,0.66,-0.27,17.36
2023-11-22 19:40:02,14.32,1512.6,84.6,0.66,-0.27,17.39
2023-11-22 19:50:02,14.32,1512.6,84.6,0.66,-0.27,17.41
2023-11-22 20:00:02,14.33,1512.6,84.6,0.66,-0.27,17.43
2023-11-22 20:10:02,14.33,1512.6,84.6,0.66,-0.27,17.45
2023-11-22 20:20:02,14.33,1512.6,84.6,0.66,-0.27,17.48
2023-11-22 20:30:02,14.34,1512.6,84.6,0.67,-0.27,17.50
2023-11-22 20:40:02,14.34,1512.6,84.6,0.66,-0.27,17.52
2023-11-22 20:50:02,14.34,1512.6,84.6,0.67,-0.27,17.54
2023-11-22 21:00:02,14.34,1512.6,84.6,0.67,-0.27,17.54
2023-11-22 21:10:02,14.34,1512.6,84.6,0.66,-0.27,17.55
2023-11-22 21:20:02,14.34,1512.6,84.6,0.67,-0.27,17.56
2023-11-22 21:30:02,14.34,1512.6,84.6,0.67,-0.27,17.57
2023-11-22 21:40:02,14.35,1512.6,84.6,0.66,-0.27,17.57
2023-11-22 21:50:02,14.35,1512.6,84.6,0.66,-0.27,17.56
2023-11-22 22:00:02,14.35,1512.6,84.6,0.67,-0.27,17.56
2023-11-22 22:10:02,14.35,1512.6,84.6,0.67,-0.27,17.55
2023-11-22 22:20:02,14.36,1512.6,84.6,0.67,-0.27,17.54
2023-11-22 22:30:02,14.35,1512.6,84.7,0.66,-0.27,17.53
2023-11-22 22:40:02,14.36,1512.6,84.6,0.67,-0.27,17.51
2023-11-22 22:50:02,14.36,1512.6,84.6,0.67,-0.27,17.49
2023-11-22 23:00:02,14.35,1512.6,84.6,0.67,-0.27,17.48
2023-11-22 23:10:02,14.36,1512.6,84.6,0.67,-0.27,17.45
2023-11-22 23:20:02,14.36,1512.6,84.7,0.66,-0.27,17.43
2023-11-22 23:30:02,14.36,1512.6,84.6,0.67,-0.27,17.41
2023-11-22 23:40:02,14.36,1512.6,84.6,0.67,-0.27,17.40
2023-11-22 23:50:02,14.36,1512.6,84.6,0.66,-0.27,17.39
2023-11-23 00:00:02,14.36,1512.6,84.6,0.66,-0.27,17.39
2023-11-23 00:10:02,14.35,1512.6,84.6,0.66,-0.27,17.38
2023-11-23 00:20:02,14.35,1512.6,84.6,0.66,-0.27,17.37
2023-11-23 00:30:02,14.35,1512.6,84.6,0.66,-0.27,17.35
2023-11-23 00:40:02,14.35,1512.6,84.6,0.66,-0.28,17.34
2023-11-23 00:50:02,14.36,1512.6,84.6,0.67,-0.27,17.33
2023-11-23 01:00:02,14.35,1512.6,84.6,0.66,-0.27,17.33
2023-11-23 01:10:02,14.35,1512.6,84.6,0.66,-0.27,17.33
2023-11-23 01:20:02,14.36,1512.6,84.6,0.66,-0.27,17.33
2023-11-23 01:30:02,14.36,1512.6,84.6,0.66,-0.28,17.33
2023-11-23 01:40:02,14.36,1512.6,84.6,0.66,-0.27,17.32
2023-11-23 01:50:02,14.35,1512.6,84.6,0.66,-0.27,17.32
2023-11-23 02:00:02,14.36,1512.6,84.6,0.67,-0.27,17.32
2023-11-23 02:10:02,14.36,1512.6,84.6,0.66,-0.28,17.32
2023-11-23 02:20:02,14.36,1512.6,84.6,0.66,-0.27,17.32
2023-11-23 02:30:02,14.36,1512.6,84.6,0.66,-0.28,17.32
2023-11-23 02:40:02,14.35,1512.6,84.6,0.66,-0.28,17.32
2023-11-23 02:50:02,14.36,1512.6,84.6,0.66,-0.27,17.31
2023-11-23 03:00:02,14.35,1512.6,84.6,0.66,-0.28,17.30
2023-11-23 03:10:02,14.35,1512.6,84.6,0.66,-0.27,17.30
2023-11-23 03:20:02,14.36,1512.6,84.6,0.66,-0.28,17.28
2023-11-23 03:30:02,14.35,1512.6,84.6,0.67,-0.27,17.26
2023-11-23 03:40:02,14.35,1512.6,84.6,0.66,-0.27,17.26
2023-11-23 03:50:02,14.35,1512.6,84.6,0.66,-0.28,17.27
2023-11-23 04:00:02,14.35,1512.6,84.6,0.66,-0.27,17.26
2023-11-23 04:10:02,14.35,1512.0,84.6,0.66,-0.28,17.25
2023-11-23 04:20:02,14.35,1511.1,84.6,0.66,-0.27,17.24
2023-11-23 04:30:02,14.35,1511.1,84.6,0.66,-0.27,17.19
2023-11-23 04:40:02,14.35,1511.1,84.6,0.66,-0.28,17.14
2023-11-23 04:50:02,14.35,1511.1,84.6,0.66,-0.28,17.11
2023-11-23 05:00:02,14.35,1511.1,84.6,0.66,-0.27,17.09
2023-11-23 05:10:02,14.35,1511.1,84.6,0.66,-0.28,17.08
2023-11-23 05:20:02,14.35,1511.1,84.6,0.66,-0.28,17.06
2023-11-23 05:30:02,14.34,1511.1,84.6,0.65,-0.27,17.05
2023-11-23 05:40:02,14.34,1511.1,84.6,0.66,-0.28,17.05
2023-11-23 05:50:02,14.34,1511.1,84.6,0.65,-0.28,17.05
2023-11-23 06:00:02,14.34,1511.1,84.6,0.65,-0.28,17.05
2023-11-23 06:10:02,14.34,1511.1,84.6,0.66,-0.28,17.05
2023-11-23 06:20:02,14.34,1511.1,84.6,0.66,-0.28,17.05
2023-11-23 06:30:02,14.34,1511.1,84.6,0.65,-0.28,17.06
2023-11-23 06:40:02,14.34,1511.1,84.6,0.65,-0.27,17.09
2023-11-23 06:50:02,14.34,1511.1,84.6,0.65,-0.28,17.12
2023-11-23 07:00:02,14.34,1511.1,84.6,0.66,-0.28,17.13
2023-11-23 07:10:02,14.33,1511.1,84.6,0.66,-0.28,17.13
2023-11-23 07:20:02,14.33,1511.1,84.6,0.65,-0.28,17.12
2023-11-23 07:30:02,14.33,1511.1,84.6,0.66,-0.28,17.08
2023-11-23 07:40:02,14.33,1511.1,84.6,0.66,-0.28,17.06
2023-11-23 07:50:02,14.33,1511.1,84.6,0.66,-0.28,17.05
2023-11-23 08:00:02,14.33,1511.1,84.6,0.65,-0.28,17.03
2023-11-23 08:10:02,14.33,1511.1,84.6,0.65,-0.28,17.01
2023-11-23 08:20:02,14.32,1511.1,84.6,0.65,-0.28,17.00
2023-11-23 08:30:02,14.32,1511.1,84.6,0.65,-0.28,16.98
2023-11-23 08:40:02,14.32,1511.1,84.6,0.65,-0.28,16.97
2023-11-23 08:50:02,14.32,1511.1,84.6,0.66,-0.28,16.97
2023-11-23 09:00:02,14.32,1511.1,84.6,0.65,-0.28,16.97
2023-11-23 09:10:02,14.32,1511.1,84.6,0.65,-0.28,16.95
2023-11-23 09:20:02,14.31,1511.1,84.6,0.65,-0.28,16.88
2023-11-23 09:30:02,14.31,1511.1,84.6,0.65,-0.28,16.88
2023-11-23 09:40:02,14.31,1511.1,84.6,0.65,-0.28,16.87
2023-11-23 09:50:02,14.31,1511.1,84.6,0.65,-0.28,16.83
2023-11-23 10:00:02,14.31,1511.1,84.6,0.65,-0.28,16.81
2023-11-23 10:10:02,14.31,1511.1,84.6,0.65,-0.28,16.81
2023-11-23 10:20:02,14.31,1511.1,84.6,0.65,-0.28,16.81
2023-11-23 10:30:02,14.31,1511.1,84.6,0.65,-0.28,16.83
2023-11-23 10:40:02,14.31,1511.1,84.6,0.65,-0.28,16.84
2023-11-23 10:50:02,14.31,1511.1,84.6,0.65,-0.28,16.86
2023-11-23 11:00:02,14.31,1511.1,84.6,0.65,-0.28,16.87
2023-11-23 11:10:02,14.31,1511.1,84.6,0.65,-0.28,16.88
2023-11-23 11:20:02,14.30,1511.1,84.6,0.65,-0.28,16.89
2023-11-23 11:30:02,14.31,1511.1,84.6,0.65,-0.28,16.91
2023-11-23 11:40:02,14.30,1511.1,84.6,0.65,-0.28,16.96
2023-11-23 11:50:02,14.30,1511.1,84.6,0.65,-0.28,16.98
2023-11-23 12:00:02,14.31,1511.1,84.6,0.65,-0.28,17.00
2023-11-23 12:10:02,14.30,1511.1,84.6,0.65,-0.28,17.00
2023-11-23 12:20:02,14.30,1511.1,84.6,0.66,-0.28,16.90
2023-11-23 12:30:02,14.30,1511.1,84.6,0.66,-0.28,16.80
2023-11-23 12:40:02,14.30,1511.1,84.6,0.66,-0.28,16.83
2023-11-23 12:50:02,14.30,1511.1,84.6,0.65,-0.28,16.84
2023-11-23 13:00:02,14.30,1511.1,84.6,0.65,-0.28,16.84
2023-11-23 13:10:02,14.30,1511.1,84.6,0.65,-0.28,16.89
2023-11-23 13:20:02,14.30,1511.1,84.6,0.65,-0.28,16.89
2023-11-23 13:30:02,14.30,1511.1,84.6,0.65,-0.28,16.93
2023-11-23 13:40:02,14.30,1511.1,84.6,0.66,-0.28,16.93
2023-11-23 13:50:02,14.30,1511.1,84.6,0.65,-0.28,16.93
2023-11-23 14:00:02,14.30,1511.1,84.6,0.66,-0.28,16.92
2023-11-23 14:10:02,14.30,1511.1,84.6,0.65,-0.28,16.92
2023-11-23 14:20:02,14.30,1511.1,84.6,0.65,-0.28,16.91
2023-11-23 14:30:02,14.30,1511.1,84.6,0.65,-0.28,16.88
2023-11-23 14:40:02,14.30,1510.2,84.6,0.66,-0.28,16.74
2023-11-23 14:50:02,14.30,1509.6,84.5,0.65,-0.29,16.66
2023-11-23 15:00:02,14.30,1509.6,84.5,0.65,-0.28,16.62
2023-11-23 15:10:02,14.30,1509.6,84.5,0.65,-0.28,16.63
2023-11-23 15:20:02,14.30,1509.6,84.5,0.65,-0.29,16.67
2023-11-23 15:30:02,14.30,1509.6,84.5,0.65,-0.29,16.64
2023-11-23 15:40:02,14.30,1509.6,84.5,0.65,-0.28,16.64
2023-11-23 15:50:02,14.30,1509.6,84.5,0.65,-0.28,16.68
2023-11-23 16:00:02,14.30,1509.6,84.5,0.65,-0.28,16.68
2023-11-23 16:10:02,14.30,1509.6,84.5,0.64,-0.28,16.66
2023-11-23 16:20:02,14.30,1509.6,84.5,0.64,-0.28,16.66
2023-11-23 16:30:02,14.30,1509.6,84.5,0.65,-0.28,16.67
2023-11-23 16:40:02,14.30,1509.6,84.5,0.65,-0.29,16.68
2023-11-23 16:50:02,14.30,1509.6,84.5,0.65,-0.28,16.70
2023-11-23 17:00:02,14.30,1509.6,84.5,0.65,-0.28,16.72
2023-11-23 17:10:02,14.30,1509.6,84.5,0.65,-0.28,16.73
2023-11-23 17:20:02,14.30,1510.7,84.5,0.65,-0.28,16.75
2023-11-23 17:30:02,14.30,1511.1,84.5,0.65,-0.28,16.78
2023-11-23 17:40:02,14.30,1511.1,84.5,0.65,-0.28,16.81
2023-11-23 17:50:02,14.30,1511.1,84.5,0.64,-0.29,16.84
2023-11-23 18:00:02,14.30,1511.1,84.5,0.65,-0.28,16.87
2023-11-23 18:10:02,14.30,1511.1,84.5,0.65,-0.28,16.90
2023-11-23 18:20:02,14.30,1511.1,84.5,0.65,-0.28,16.93
2023-11-23 18:30:02,14.30,1511.1,84.5,0.65,-0.28,16.95
2023-11-23 18:40:02,14.30,1511.1,84.5,0.65,-0.28,16.97
2023-11-23 18:50:02,14.30,1511.1,84.5,0.65,-0.28,16.99
2023-11-23 19:00:02,14.30,1511.1,84.6,0.65,-0.28,17.02
2023-11-23 19:10:02,14.30,1511.1,84.6,0.65,-0.28,17.06
2023-11-23 19:20:02,14.30,1511.1,84.6,0.65,-0.28,17.11
2023-11-23 19:30:02,14.30,1511.1,84.6,0.66,-0.28,17.13
2023-11-23 19:40:02,14.30,1511.1,84.6,0.65,-0.28,17.14
2023-11-23 19:50:02,14.30,1511.1,84.6,0.66,-0.28,17.13
2023-11-23 20:00:02,14.30,1511.1,84.6,0.65,-0.28,17.14
2023-11-23 20:10:02,14.30,1511.1,84.6,0.65,-0.28,17.15
2023-11-23 20:20:02,14.30,1511.1,84.6,0.66,-0.28,17.17
2023-11-23 20:30:02,14.30,1511.1,84.6,0.65,-0.28,17.18
2023-11-23 20:40:02,14.30,1511.1,84.6,0.66,-0.28,17.19
2023-11-23 20:50:02,14.30,1511.1,84.6,0.66,-0.28,17.20
2023-11-23 21:00:02,14.30,1511.1,84.6,0.66,-0.28,17.22
2023-11-23 21:10:02,14.30,1511.1,84.6,0.66,-0.28,17.23
2023-11-23 21:20:02,14.30,1511.6,84.6,0.65,-0.28,17.24
2023-11-23 21:30:02,14.30,1512.6,84.7,0.66,-0.27,17.29
2023-11-23 21:40:02,14.30,1512.6,84.6,0.65,-0.27,17.30
2023-11-23 21:50:02,14.30,1512.6,84.7,0.66,-0.27,17.27
2023-11-23 22:00:02,14.31,1512.6,84.7,0.65,-0.27,17.27
2023-11-23 22:10:02,14.31,1512.6,84.6,0.65,-0.27,17.30
2023-11-23 22:20:02,14.31,1512.6,84.7,0.65,-0.27,17.32
2023-11-23 22:30:02,14.31,1512.6,84.7,0.65,-0.27,17.33
2023-11-23 22:40:02,14.31,1512.6,84.7,0.65,-0.26,17.35
2023-11-23 22:50:02,14.31,1512.6,84.7,0.65,-0.26,17.35
2023-11-23 23:00:02,14.31,1512.6,84.6,0.65,-0.26,17.35
2023-11-23 23:10:02,14.31,1512.6,84.6,0.65,-0.26,17.36
2023-11-23 23:20:02,14.31,1512.6,84.6,0.65,-0.26,17.37
2023-11-23 23:30:02,14.32,1512.6,84.6,0.65,-0.26,17.38
2023-11-23 23:40:02,14.32,1512.6,84.6,0.66,-0.27,17.39
2023-11-23 23:50:02,14.32,1512.6,84.6,0.65,-0.26,17.39
2023-11-24 00:00:02,14.32,1512.6,84.6,0.65,-0.26,17.39
2023-11-24 00:10:02,14.32,1512.6,84.6,0.65,-0.26,17.39
2023-11-24 00:20:02,14.32,1512.6,84.6,0.66,-0.26,17.39
2023-11-24 00:30:02,14.33,1512.6,84.6,0.66,-0.26,17.39
2023-11-24 00:40:02,14.33,1512.6,84.6,0.66,-0.26,17.40
2023-11-24 00:50:02,14.33,1512.6,84.6,0.65,-0.26,17.40
2023-11-24 01:00:02,14.33,1512.6,84.6,0.65,-0.26,17.40
2023-11-24 01:10:02,14.33,1512.6,84.6,0.66,-0.26,17.40
2023-11-24 01:20:02,14.33,1512.6,84.6,0.66,-0.26,17.39
2023-11-24 01:30:02,14.34,1512.6,84.6,0.66,-0.27,17.39
2023-11-24 01:40:02,14.34,1512.6,84.6,0.66,-0.26,17.39
2023-11-24 01:50:02,14.34,1512.6,84.6,0.65,-0.26,17.39
2023-11-24 02:00:02,14.34,1512.6,84.6,0.66,-0.26,17.39
2023-11-24 02:10:02,14.34,1512.6,84.6,0.66,-0.27,17.39
2023-11-24 02:20:02,14.34,1512.6,84.6,0.66,-0.26,17.40
2023-11-24 02:30:02,14.34,1512.6,84.6,0.65,-0.27,17.40
2023-11-24 02:40:02,14.34,1512.6,84.6,0.66,-0.27,17.40
2023-11-24 02:50:02,14.34,1512.6,84.6,0.66,-0.27,17.40
2023-11-24 03:00:02,14.34,1512.6,84.6,0.66,-0.26,17.39
2023-11-24 03:10:02,14.35,1512.6,84.6,0.66,-0.27,17.40
2023-11-24 03:20:02,14.34,1512.6,84.6,0.66,-0.26,17.39
2023-11-24 03:30:02,14.34,1512.6,84.6,0.66,-0.27,17.39
2023-11-24 03:40:02,14.35,1512.6,84.6,0.66,-0.27,17.38
2023-11-24 03:50:02,14.34,1512.6,84.6,0.66,-0.27,17.39
2023-11-24 04:00:02,14.34,1512.6,84.6,0.66,-0.27,17.41
2023-11-24 04:10:02,14.34,1512.6,84.6,0.66,-0.27,17.41
2023-11-24 04:20:02,14.35,1512.6,84.6,0.66,-0.27,17.41
2023-11-24 04:30:02,14.34,1512.6,84.6,0.66,-0.27,17.41
2023-11-24 04:40:02,14.35,1512.6,84.6,0.66,-0.27,17.41
2023-11-24 04:50:02,14.34,1512.6,84.6,0.66,-0.27,17.41
2023-11-24 05:00:02,14.34,1512.6,84.6,0.66,-0.26,17.42
2023-11-24 05:10:02,14.34,1512.6,84.6,0.66,-0.26,17.42
2023-11-24 05:20:02,14.35,1512.6,84.6,0.66,-0.27,17.42
2023-11-24 05:30:02,14.35,1512.6,84.6,0.66,-0.27,17.41
2023-11-24 05:40:02,14.34,1512.6,84.6,0.66,-0.26,17.41
2023-11-24 05:50:02,14.34,1512.6,84.6,0.66,-0.26,17.40
2023-11-24 06:00:02,14.34,1512.6,84.6,0.66,-0.26,17.39
2023-11-24 06:10:02,14.35,1512.6,84.6,0.66,-0.26,17.40
2023-11-24 06:20:02,14.34,1512.6,84.6,0.66,-0.26,17.40
2023-11-24 06:30:02,14.35,1512.6,84.6,0.66,-0.26,17.40
2023-11-24 06:40:02,14.35,1512.6,84.6,0.66,-0.27,17.40
2023-11-24 06:50:02,14.35,1512.6,84.6,0.66,-0.26,17.40
2023-11-24 07:00:02,14.35,1512.6,84.6,0.66,-0.26,17.39
2023-11-24 07:10:02,14.35,1512.6,84.6,0.66,-0.26,17.39
2023-11-24 07:20:02,14.35,1512.6,84.6,0.66,-0.27,17.38
2023-11-24 07:30:02,14.34,1512.6,84.6,0.66,-0.26,17.38
2023-11-24 07:40:02,14.34,1512.6,84.6,0.66,-0.26,17.37
2023-11-24 07:50:02,14.35,1512.6,84.6,0.66,-0.27,17.37
2023-11-24 08:00:02,14.34,1512.6,84.6,0.66,-0.27,17.36
2023-11-24 08:10:02,14.35,1512.6,84.6,0.66,-0.26,17.36
2023-11-24 08:20:02,14.34,1512.6,84.6,0.66,-0.26,17.35
2023-11-24 08:30:02,14.35,1512.6,84.6,0.66,-0.27,17.34
2023-11-24 08:40:02,14.34,1512.6,84.6,0.67,-0.27,17.33
2023-11-24 08:50:02,14.35,1512.6,84.6,0.66,-0.26,17.33
2023-11-24 09:00:02,14.35,1512.6,84.6,0.66,-0.26,17.34
2023-11-24 09:10:02,14.34,1512.6,84.6,0.66,-0.26,17.35
2023-11-24 09:20:02,14.34,1512.6,84.6,0.66,-0.27,17.35
2023-11-24 09:30:02,14.34,1512.6,84.6,0.66,-0.26,17.36
2023-11-24 09:40:02,14.34,1512.6,84.6,0.66,-0.27,17.36
2023-11-24 09:50:02,14.34,1512.6,84.6,0.67,-0.27,17.35
2023-11-24 10:00:02,14.34,1512.6,84.6,0.66,-0.27,17.35
2023-11-24 10:10:02,14.35,1512.6,84.6,0.66,-0.26,17.35
2023-11-24 10:20:02,14.35,1512.6,84.6,0.66,-0.26,17.35
2023-11-24 10:30:02,14.34,1512.6,84.6,0.66,-0.27,17.34
2023-11-24 10:40:02,14.34,1512.6,84.6,0.66,-0.26,17.33
2023-11-24 10:50:02,14.35,1512.6,84.6,0.67,-0.26,17.32
2023-11-24 11:00:02,14.34,1512.6,84.6,0.67,-0.26,17.32
2023-11-24 11:10:02,14.34,1512.6,84.6,0.66,-0.26,17.32
2023-11-24 11:20:02,14.34,1512.6,84.6,0.67,-0.26,17.32
2023-11-24 11:30:02,14.34,1512.6,84.6,0.67,-0.26,17.32
2023-11-24 11:40:02,14.35,1512.6,84.6,0.67,-0.26,17.32
2023-11-24 11:50:02,14.34,1512.6,84.6,0.67,-0.26,17.31
2023-11-24 12:00:02,14.34,1512.6,84.6,0.67,-0.26,17.31
2023-11-24 12:10:02,14.34,1512.6,84.6,0.67,-0.26,17.29
2023-11-24 12:20:02,14.34,1512.6,84.6,0.67,-0.26,17.27
2023-11-24 12:30:02,14.34,1512.6,84.6,0.66,-0.26,17.26
2023-11-24 12:40:02,14.33,1512.6,84.6,0.67,-0.26,17.26
2023-11-24 12:50:02,14.34,1512.6,84.6,0.67,-0.26,17.26
2023-11-24 13:00:02,14.34,1512.6,84.6,0.67,-0.26,17.26
2023-11-24 13:10:02,14.34,1512.6,84.6,0.67,-0.26,17.25
2023-11-24 13:20:02,14.34,1512.5,84.6,0.67,-0.27,17.25
2023-11-24 13:30:02,14.34,1512.6,84.6,0.67,-0.26,17.26
2023-11-24 13:40:02,14.34,1512.6,84.6,0.67,-0.25,17.26
2023-11-24 13:50:02,14.34,1512.6,84.6,0.67,-0.25,17.25
2023-11-24 14:00:02,14.34,1512.6,84.6,0.67,-0.25,17.25
2023-11-24 14:10:02,14.33,1512.5,84.6,0.67,-0.25,17.25
2023-11-24 14:20:02,14.33,1512.5,84.6,0.67,-0.25,17.25
2023-11-24 14:30:02,14.34,1512.4,84.6,0.67,-0.25,17.25
2023-11-24 14:40:02,14.33,1512.2,84.6,0.67,-0.25,17.25
2023-11-24 14:50:02,14.34,1511.7,84.6,0.67,-0.25,17.24
2023-11-24 15:00:02,14.33,1511.4,84.6,0.67,-0.25,17.24
2023-11-24 15:10:02,14.33,1511.1,84.6,0.67,-0.25,17.24
2023-11-24 15:20:02,14.33,1511.1,84.6,0.68,-0.25,17.24
2023-11-24 15:30:02,14.33,1511.7,84.6,0.68,-0.25,17.24
2023-11-24 15:40:02,14.33,1511.7,84.6,0.67,-0.25,17.24
2023-11-24 15:50:02,14.33,1511.4,84.6,0.67,-0.25,17.24
2023-11-24 16:00:02,14.33,1511.1,84.6,0.68,-0.25,17.24
2023-11-24 16:10:02,14.33,1512.5,84.5,0.68,-0.25,17.26
2023-11-24 16:20:02,14.32,1512.6,84.6,0.68,-0.26,17.27
2023-11-24 16:30:02,14.33,1512.6,84.5,0.68,-0.25,17.28
2023-11-24 16:40:02,14.32,1512.6,84.5,0.68,-0.25,17.28
2023-11-24 16:50:02,14.33,1512.6,84.5,0.68,-0.25,17.30
2023-11-24 17:00:02,14.33,1512.6,84.5,0.68,-0.25,17.31
2023-11-24 17:10:02,14.33,1512.6,84.5,0.68,-0.25,17.33
2023-11-24 17:20:02,14.33,1512.6,84.6,0.68,-0.25,17.33
2023-11-24 17:30:02,14.33,1512.6,84.5,0.68,-0.25,17.33
2023-11-24 17:40:02,14.33,1512.6,84.6,0.68,-0.25,17.34
2023-11-24 17:50:02,14.33,1512.6,84.6,0.68,-0.25,17.34
2023-11-24 18:00:02,14.33,1512.6,84.6,0.68,-0.25,17.35
2023-11-24 18:10:02,14.33,1512.6,84.6,0.68,-0.25,17.36
2023-11-24 18:20:02,14.33,1512.6,84.6,0.68,-0.25,17.37
2023-11-24 18:30:02,14.33,1512.6,84.6,0.68,-0.25,17.37
2023-11-24 18:40:02,14.34,1512.6,84.6,0.68,-0.25,17.37
2023-11-24 18:50:02,14.34,1512.6,84.6,0.68,-0.25,17.37
2023-11-24 19:00:02,14.33,1512.6,84.6,0.68,-0.25,17.38
2023-11-24 19:10:02,14.34,1512.6,84.6,0.68,-0.25,17.38
2023-11-24 19:20:02,14.34,1512.6,84.6,0.68,-0.25,17.39
2023-11-24 19:30:02,14.33,1512.6,84.6,0.67,-0.25,17.39
2023-11-24 19:40:02,14.34,1512.6,84.6,0.68,-0.25,17.41
2023-11-24 19:50:02,14.34,1512.6,84.6,0.67,-0.25,17.43
2023-11-24 20:00:02,14.34,1512.6,84.6,0.68,-0.25,17.45
2023-11-24 20:10:02,14.34,1512.6,84.6,0.68,-0.25,17.46
2023-11-24 20:20:02,14.34,1512.6,84.6,0.68,-0.25,17.47
2023-11-24 20:30:02,14.34,1512.6,84.6,0.68,-0.25,17.47
2023-11-24 20:40:02,14.34,1512.6,84.6,0.68,-0.25,17.48
2023-11-24 20:50:02,14.35,1512.6,84.7,0.68,-0.25,17.51
2023-11-24 21:00:02,14.34,1512.6,84.7,0.68,-0.24,17.52
2023-11-24 21:10:02,14.34,1512.6,84.7,0.67,-0.24,17.53
2023-11-24 21:20:02,14.34,1512.6,84.7,0.68,-0.25,17.53
2023-11-24 21:30:02,14.34,1512.6,84.7,0.68,-0.24,17.53
2023-11-24 21:40:02,14.35,1512.6,84.7,0.68,-0.25,17.54
2023-11-24 21:50:02,14.35,1512.6,84.7,0.68,-0.25,17.55
2023-11-24 22:00:02,14.34,1512.6,84.7,0.67,-0.24,17.56
2023-11-24 22:10:02,14.34,1512.6,84.7,0.67,-0.24,17.57
2023-11-24 22:20:02,14.35,1512.6,84.7,0.67,-0.24,17.58
2023-11-24 22:30:02,14.35,1512.6,84.7,0.68,-0.24,17.59
2023-11-24 22:40:02,14.35,1512.6,84.7,0.68,-0.24,17.59
2023-11-24 22:50:02,14.35,1512.6,84.7,0.68,-0.24,17.59
2023-11-24 23:00:02,14.35,1512.6,84.7,0.68,-0.24,17.59
2023-11-24 23:10:02,14.35,1512.6,84.7,0.68,-0.24,17.59
2023-11-24 23:20:02,14.35,1512.6,84.7,0.68,-0.25,17.59
2023-11-24 23:30:02,14.35,1512.6,84.7,0.68,-0.25,17.59
2023-11-24 23:40:02,14.36,1512.6,84.6,0.68,-0.24,17.61
2023-11-24 23:50:02,14.35,1512.6,84.7,0.68,-0.24,17.62
2023-11-25 00:00:02,14.36,1512.6,84.6,0.68,-0.24,17.61
2023-11-25 00:10:02,14.36,1512.6,84.6,0.68,-0.24,17.61
2023-11-25 00:20:02,14.35,1512.6,84.6,0.68,-0.24,17.59
2023-11-25 00:30:02,14.35,1512.6,84.6,0.68,-0.24,17.59
2023-11-25 00:40:02,14.36,1512.6,84.6,0.68,-0.24,17.59
2023-11-25 00:50:02,14.36,1512.6,84.6,0.68,-0.24,17.59
2023-11-25 01:00:02,14.36,1512.6,84.6,0.68,-0.24,17.59
2023-11-25 01:10:02,14.36,1512.6,84.6,0.68,-0.24,17.59
2023-11-25 01:20:02,14.36,1512.6,84.6,0.67,-0.24,17.60
2023-11-25 01:30:02,14.36,1512.6,84.6,0.68,-0.24,17.60
2023-11-25 01:40:02,14.36,1512.6,84.6,0.67,-0.25,17.60
2023-11-25 01:50:02,14.36,1512.6,84.6,0.67,-0.24,17.59
2023-11-25 02:00:02,14.35,1512.6,84.6,0.67,-0.24,17.59
2023-11-25 02:10:02,14.36,1512.6,84.6,0.68,-0.24,17.59
2023-11-25 02:20:02,14.36,1512.6,84.6,0.68,-0.24,17.57
2023-11-25 02:30:02,14.36,1512.6,84.6,0.68,-0.24,17.57
2023-11-25 02:40:02,14.36,1512.6,84.6,0.68,-0.25,17.56
2023-11-25 02:50:02,14.36,1512.6,84.6,0.68,-0.24,17.56
2023-11-25 03:00:02,14.36,1512.6,84.6,0.68,-0.24,17.56
2023-11-25 03:10:02,14.36,1512.6,84.6,0.68,-0.24,17.56
2023-11-25 03:20:02,14.36,1512.6,84.6,0.67,-0.24,17.56
2023-11-25 03:30:02,14.36,1512.6,84.5,0.68,-0.24,17.56
2023-11-25 03:40:02,14.36,1512.6,84.6,0.68,-0.24,17.55
2023-11-25 03:50:02,14.35,1512.6,84.6,0.67,-0.23,17.54
2023-11-25 04:00:02,14.36,1512.6,84.6,0.68,-0.24,17.53
2023-11-25 04:10:02,14.36,1512.6,84.6,0.68,-0.24,17.52
2023-11-25 04:20:02,14.35,1512.6,84.6,0.68,-0.23,17.52
2023-11-25 04:30:02,14.36,1512.6,84.6,0.68,-0.23,17.52
2023-11-25 04:40:02,14.36,1512.6,84.6,0.67,-0.24,17.52
2023-11-25 04:50:02,14.36,1512.6,84.6,0.68,-0.24,17.50
2023-11-25 05:00:02,14.36,1512.6,84.6,0.68,-0.24,17.50
2023-11-25 05:10:02,14.35,1512.6,84.6,0.67,-0.24,17.50
2023-11-25 05:20:02,14.35,1512.6,84.6,0.67,-0.24,17.49
2023-11-25 05:30:02,14.36,1512.6,84.6,0.68,-0.25,17.48
2023-11-25 05:40:02,14.36,1512.6,84.6,0.68,-0.24,17.48
2023-11-25 05:50:02,14.35,1512.6,84.6,0.68,-0.24,17.48
2023-11-25 06:00:02,14.36,1512.6,84.6,0.68,-0.25,17.48
2023-11-25 06:10:02,14.36,1512.6,84.6,0.68,-0.24,17.47
2023-11-25 06:20:02,14.35,1512.6,84.5,0.68,-0.24,17.46
2023-11-25 06:30:02,14.36,1512.6,84.5,0.67,-0.24,17.45
2023-11-25 06:40:02,14.36,1512.6,84.5,0.68,-0.25,17.46
2023-11-25 06:50:02,14.35,1512.6,84.5,0.67,-0.24,17.46
2023-11-25 07:00:02,14.35,1512.6,84.5,0.67,-0.24,17.45
2023-11-25 07:10:02,14.35,1512.6,84.5,0.68,-0.25,17.43
2023-11-25 07:20:02,14.35,1512.6,84.5,0.68,-0.24,17.39
2023-11-25 07:30:02,14.35,1512.6,84.5,0.68,-0.24,17.37
2023-11-25 07:40:02,14.35,1512.6,84.5,0.67,-0.24,17.35
2023-11-25 07:50:02,14.35,1512.6,84.5,0.67,-0.25,17.34
2023-11-25 08:00:02,14.35,1512.6,84.5,0.68,-0.25,17.33
2023-11-25 08:10:02,14.35,1512.6,84.5,0.67,-0.25,17.31
2023-11-25 08:20:02,14.35,1512.6,84.5,0.67,-0.25,17.31
2023-11-25 08:30:02,14.35,1512.6,84.6,0.67,-0.24,17.32
2023-11-25 08:40:02,14.35,1512.6,84.6,0.67,-0.24,17.32
2023-11-25 08:50:02,14.35,1512.6,84.6,0.67,-0.24,17.32
2023-11-25 09:00:02,14.35,1512.6,84.6,0.67,-0.24,17.30
2023-11-25 09:10:02,14.35,1512.6,84.6,0.67,-0.24,17.29
2023-11-25 09:20:02,14.35,1512.6,84.6,0.67,-0.24,17.28
2023-11-25 09:30:02,14.34,1512.6,84.6,0.67,-0.24,17.27
2023-11-25 09:40:02,14.34,1512.6,84.6,0.66,-0.24,17.27
2023-11-25 09:50:02,14.34,1512.6,84.6,0.66,-0.24,17.27
2023-11-25 10:00:02,14.34,1512.6,84.5,0.66,-0.25,17.26
2023-11-25 10:10:02,14.34,1512.5,84.5,0.67,-0.25,17.25
2023-11-25 10:20:02,14.34,1511.3,84.5,0.66,-0.24,17.24
2023-11-25 10:30:02,14.34,1511.1,84.5,0.67,-0.25,17.23
2023-11-25 10:40:02,14.34,1511.1,84.5,0.67,-0.24,17.22
2023-11-25 10:50:02,14.34,1511.1,84.6,0.66,-0.24,17.23
2023-11-25 11:00:02,14.34,1511.1,84.6,0.66,-0.24,17.24
2023-11-25 11:10:02,14.34,1511.1,84.6,0.66,-0.24,17.24
2023-11-25 11:20:02,14.34,1511.1,84.6,0.66,-0.24,17.23
2023-11-25 11:30:02,14.33,1511.1,84.6,0.66,-0.24,17.22
2023-11-25 11:40:02,14.34,1511.1,84.6,0.67,-0.25,17.23
2023-11-25 11:50:02,14.33,1511.1,84.6,0.67,-0.24,17.20
2023-11-25 12:00:02,14.33,1511.1,84.6,0.67,-0.25,17.17
2023-11-25 12:10:02,14.33,1511.1,84.5,0.67,-0.25,17.11
2023-11-25 12:20:02,14.33,1511.1,84.5,0.67,-0.25,17.07
2023-11-25 12:30:02,14.32,1511.1,84.5,0.66,-0.25,17.07
2023-11-25 12:40:02,14.33,1511.1,84.5,0.66,-0.25,17.07
2023-11-25 12:50:02,14.33,1511.1,84.5,0.66,-0.25,17.11
2023-11-25 13:00:02,14.33,1511.1,84.6,0.66,-0.24,17.12
2023-11-25 13:10:02,14.32,1511.1,84.5,0.66,-0.25,17.12
2023-11-25 13:20:02,14.32,1511.1,84.5,0.66,-0.25,17.15
2023-11-25 13:30:02,14.32,1511.1,84.6,0.66,-0.25,17.16
2023-11-25 13:40:02,14.32,1511.1,84.6,0.67,-0.25,17.16
2023-11-25 13:50:02,14.32,1511.1,84.6,0.67,-0.25,17.16
2023-11-25 14:00:02,14.32,1511.1,84.6,0.66,-0.24,17.17
2023-11-25 14:10:02,14.32,1511.1,84.6,0.66,-0.25,17.19
2023-11-25 14:20:02,14.31,1511.1,84.6,0.67,-0.25,17.17
2023-11-25 14:30:02,14.32,1511.1,84.6,0.66,-0.25,17.17
2023-11-25 14:40:02,14.31,1511.8,84.6,0.66,-0.24,17.24
2023-11-25 14:50:02,14.32,1512.5,84.6,0.66,-0.25,17.29
2023-11-25 15:00:02,14.31,1511.1,84.6,0.67,-0.25,17.06
2023-11-25 15:10:02,14.31,1511.1,84.6,0.67,-0.25,16.95
2023-11-25 15:20:02,14.31,1511.1,84.6,0.66,-0.25,16.93
2023-11-25 15:30:02,14.31,1511.1,84.6,0.66,-0.25,16.93
2023-11-25 15:40:02,14.31,1511.1,84.6,0.66,-0.25,16.94
2023-11-25 15:50:02,14.31,1511.1,84.6,0.66,-0.25,16.94
2023-11-25 16:00:02,14.31,1511.1,84.5,0.66,-0.25,16.98
2023-11-25 16:10:02,14.31,1511.1,84.6,0.66,-0.25,17.07
2023-11-25 16:20:02,14.31,1511.1,84.6,0.66,-0.25,17.17
2023-11-25 16:30:02,14.31,1511.4,84.6,0.66,-0.25,17.24
2023-11-25 16:40:02,14.31,1512.5,84.6,0.66,-0.25,17.26
2023-11-25 16:50:02,14.31,1512.6,84.5,0.66,-0.25,17.28
2023-11-25 17:00:02,14.31,1512.6,84.5,0.67,-0.25,17.29
2023-11-25 17:10:02,14.31,1512.6,84.5,0.67,-0.25,17.29
2023-11-25 17:20:02,14.31,1512.6,84.5,0.67,-0.25,17.29
2023-11-25 17:30:02,14.31,1512.6,84.5,0.67,-0.25,17.28
2023-11-25 17:40:02,14.31,1512.6,84.5,0.67,-0.24,17.27
2023-11-25 17:50:02,14.31,1512.6,84.5,0.67,-0.25,17.26
2023-11-25 18:00:02,14.31,1512.6,84.5,0.66,-0.25,17.26
2023-11-25 18:10:02,14.31,1512.6,84.5,0.67,-0.25,17.28
2023-11-25 18:20:02,14.31,1512.6,84.5,0.67,-0.25,17.31
2023-11-25 18:30:02,14.31,1512.6,84.5,0.67,-0.25,17.33
2023-11-25 18:40:02,14.31,1512.6,84.5,0.67,-0.25,17.36
2023-11-25 18:50:02,14.31,1512.6,84.5,0.67,-0.25,17.38
2023-11-25 19:00:02,14.31,1512.6,84.5,0.67,-0.24,17.40
2023-11-25 19:10:02,14.31,1512.6,84.5,0.67,-0.25,17.42
2023-11-25 19:20:02,14.32,1512.6,84.5,0.67,-0.25,17.45
2023-11-25 19:30:02,14.32,1512.6,84.6,0.66,-0.24,17.50
2023-11-25 19:40:02,14.32,1512.6,84.6,0.67,-0.24,17.56
2023-11-25 19:50:02,14.32,1512.6,84.6,0.66,-0.24,17.63
2023-11-25 20:00:02,14.32,1512.6,84.6,0.66,-0.24,17.67
2023-11-25 20:10:02,14.33,1512.6,84.6,0.66,-0.24,17.71
2023-11-25 20:20:02,14.33,1512.6,84.6,0.66,-0.24,17.73
2023-11-25 20:30:02,14.33,1512.7,84.6,0.67,-0.24,17.74
2023-11-25 20:40:02,14.34,1513.2,84.6,0.65,-0.25,17.74
2023-11-25 20:50:02,14.34,1514.0,84.6,0.64,-0.25,17.75
2023-11-25 21:00:02,14.34,1514.1,84.6,0.63,-0.25,17.77
2023-11-25 21:10:02,14.34,1514.1,84.6,0.63,-0.24,17.77
2023-11-25 21:20:02,14.34,1514.1,84.6,0.63,-0.24,17.79
2023-11-25 21:30:02,14.35,1514.1,84.6,0.63,-0.24,17.79
2023-11-25 21:40:02,14.35,1514.1,84.7,0.61,-0.25,17.80
2023-11-25 21:50:02,14.35,1514.1,84.7,0.62,-0.25,17.81
2023-11-25 22:00:02,14.35,1514.1,84.7,0.62,-0.24,17.82
2023-11-25 22:10:02,14.35,1514.1,84.7,0.62,-0.24,17.83
2023-11-25 22:20:02,14.35,1514.1,84.7,0.63,-0.24,17.84
2023-11-25 22:30:02,14.35,1514.1,84.6,0.60,-0.24,17.84
2023-11-25 22:40:02,14.35,1514.1,84.6,0.60,-0.24,17.84
2023-11-25 22:50:02,14.35,1514.1,84.6,0.60,-0.23,17.85
2023-11-25 23:00:02,14.36,1514.1,84.7,0.60,-0.24,17.87
2023-11-25 23:10:02,14.36,1514.1,84.6,0.60,-0.23,17.88
2023-11-25 23:20:02,14.36,1514.1,84.6,0.60,-0.23,17.89
2023-11-25 23:30:02,14.36,1514.1,84.6,0.61,-0.23,17.88
2023-11-25 23:40:02,14.36,1514.1,84.6,0.61,-0.24,17.88
2023-11-25 23:50:02,14.36,1514.1,84.6,0.61,-0.23,17.88
2023-11-26 00:00:02,14.36,1514.1,84.6,0.61,-0.23,17.87
2023-11-26 00:10:02,14.36,1514.1,84.6,0.59,-0.23,17.86
2023-11-26 00:20:02,14.36,1514.1,84.6,0.59,-0.23,17.84
2023-11-26 00:30:02,14.36,1514.1,84.6,0.59,-0.23,17.83
2023-11-26 00:40:02,14.36,1514.1,84.6,0.60,-0.23,17.82
2023-11-26 00:50:02,14.37,1514.1,84.5,0.58,-0.22,17.81
2023-11-26 01:00:02,14.36,1514.1,84.5,0.55,-0.23,17.79
2023-11-26 01:10:02,14.37,1514.1,84.5,0.56,-0.23,17.79
2023-11-26 01:20:02,14.36,1514.1,84.5,0.57,-0.22,17.78
2023-11-26 01:30:02,14.36,1514.1,84.5,0.56,-0.23,17.78
2023-11-26 01:40:02,14.37,1514.1,84.5,0.55,-0.23,17.77
2023-11-26 01:50:02,14.36,1514.1,84.6,0.56,-0.23,17.77
2023-11-26 02:00:02,14.36,1514.1,84.5,0.53,-0.22,17.77
2023-11-26 02:10:02,14.37,1514.1,84.5,0.54,-0.23,17.77
2023-11-26 02:20:02,14.37,1514.1,84.5,0.55,-0.23,17.77
2023-11-26 02:30:02,14.37,1514.1,84.5,0.53,-0.22,17.76
2023-11-26 02:40:02,14.37,1513.6,84.5,0.55,-0.20,17.75
2023-11-26 02:50:02,14.37,1512.8,84.5,0.55,-0.20,17.74
2023-11-26 03:00:02,14.37,1512.6,84.5,0.56,-0.20,17.71
2023-11-26 03:10:02,14.37,1512.6,84.5,0.56,-0.21,17.70
2023-11-26 03:20:02,14.36,1512.6,84.5,0.56,-0.22,17.67
2023-11-26 03:30:02,14.37,1512.6,84.5,0.56,-0.22,17.66
2023-11-26 03:40:02,14.37,1512.6,84.5,0.57,-0.21,17.65
2023-11-26 03:50:02,14.37,1512.6,84.5,0.56,-0.22,17.63
2023-11-26 04:00:02,14.37,1512.6,84.5,0.55,-0.23,17.63
2023-11-26 04:10:02,14.36,1512.6,84.5,0.55,-0.23,17.61
2023-11-26 04:20:02,14.36,1512.6,84.5,0.55,-0.23,17.61
2023-11-26 04:30:02,14.37,1512.6,84.5,0.55,-0.23,17.61
2023-11-26 04:40:02,14.36,1512.6,84.5,0.55,-0.23,17.61
2023-11-26 04:50:02,14.36,1512.6,84.5,0.56,-0.24,17.61
2023-11-26 05:00:02,14.36,1512.6,84.6,0.67,-0.21,17.61
2023-11-26 05:10:02,14.36,1512.6,84.6,0.65,-0.21,17.62
2023-11-26 05:20:02,14.36,1512.6,84.6,0.63,-0.21,17.63
2023-11-26 05:30:02,14.36,1512.6,84.6,0.63,-0.22,17.64
2023-11-26 05:40:02,14.36,1512.6,84.6,0.61,-0.22,17.65
2023-11-26 05:50:02,14.36,1512.6,84.6,0.60,-0.22,17.65
2023-11-26 06:00:02,14.36,1512.6,84.6,0.61,-0.22,17.63
2023-11-26 06:10:02,14.36,1512.6,84.6,0.60,-0.21,17.60
2023-11-26 06:20:02,14.36,1512.6,84.6,0.61,-0.22,17.57
2023-11-26 06:30:02,14.36,1512.6,84.6,0.61,-0.22,17.57
2023-11-26 06:40:02,14.36,1512.6,84.6,0.60,-0.22,17.56
2023-11-26 06:50:02,14.36,1512.6,84.6,0.60,-0.22,17.53
2023-11-26 07:00:02,14.36,1512.6,84.6,0.60,-0.22,17.52
2023-11-26 07:10:02,14.36,1512.6,84.6,0.60,-0.22,17.50
2023-11-26 07:20:02,14.35,1512.6,84.6,0.60,-0.22,17.42
2023-11-26 07:30:02,14.36,1512.6,84.6,0.60,-0.22,17.39
2023-11-26 07:40:02,14.36,1512.6,84.6,0.60,-0.22,17.37
2023-11-26 07:50:02,14.36,1512.6,84.6,0.60,-0.22,17.37
2023-11-26 08:00:02,14.35,1512.6,84.6,0.59,-0.22,17.36
2023-11-26 08:10:02,14.35,1512.6,84.6,0.59,-0.22,17.36
2023-11-26 08:20:02,14.36,1512.6,84.6,0.59,-0.22,17.36
2023-11-26 08:30:02,14.35,1512.6,84.6,0.59,-0.22,17.35
2023-11-26 08:40:02,14.35,1512.6,84.6,0.58,-0.22,17.35
2023-11-26 08:50:02,14.35,1512.6,84.6,0.58,-0.22,17.34
2023-11-26 09:00:02,14.35,1512.6,84.6,0.58,-0.22,17.32
2023-11-26 09:10:02,14.35,1512.6,84.6,0.57,-0.22,17.30
2023-11-26 09:20:02,14.35,1512.6,84.6,0.58,-0.22,17.30
2023-11-26 09:30:02,14.35,1512.6,84.6,0.57,-0.22,17.29
2023-11-26 09:40:02,14.35,1512.6,84.6,0.58,-0.21,17.29
2023-11-26 09:50:02,14.35,1512.6,84.6,0.58,-0.21,17.28
2023-11-26 10:00:02,14.35,1512.6,84.6,0.57,-0.21,17.26
2023-11-26 10:10:02,14.35,1512.6,84.6,0.56,-0.21,17.26
2023-11-26 10:20:02,14.35,1512.6,84.6,0.57,-0.21,17.26
2023-11-26 10:30:02,14.34,1512.5,84.6,0.57,-0.21,17.25
2023-11-26 10:40:02,14.34,1512.1,84.6,0.55,-0.21,17.25
2023-11-26 10:50:02,14.34,1512.5,84.6,0.56,-0.21,17.25
2023-11-26 11:00:02,14.34,1512.6,84.6,0.56,-0.21,17.26
2023-11-26 11:10:02,14.34,1512.4,84.6,0.56,-0.21,17.25
2023-11-26 11:20:02,14.34,1512.5,84.6,0.56,-0.20,17.25
2023-11-26 11:30:02,14.33,1511.4,84.6,0.56,-0.21,17.22
2023-11-26 11:40:02,14.33,1511.1,84.6,0.56,-0.21,17.19
2023-11-26 11:50:02,14.33,1511.1,84.6,0.53,-0.21,17.16
2023-11-26 12:00:02,14.33,1511.1,84.6,0.53,-0.21,17.19
2023-11-26 12:10:02,14.33,1511.1,84.6,0.53,-0.21,17.22
2023-11-26 12:20:02,14.33,1511.1,84.6,0.53,-0.21,17.22
2023-11-26 12:30:02,14.32,1511.1,84.6,0.55,-0.22,17.19
2023-11-26 12:40:02,14.32,1511.1,84.6,0.55,-0.21,17.13
2023-11-26 12:50:02,14.32,1511.1,84.6,0.53,-0.21,17.13
2023-11-26 13:00:02,14.32,1511.1,84.6,0.54,-0.21,17.15
2023-11-26 13:10:02,14.32,1511.1,84.5,0.53,-0.20,17.17
2023-11-26 13:20:02,14.32,1511.1,84.5,0.54,-0.20,17.17
2023-11-26 13:30:02,14.32,1511.1,84.5,0.53,-0.21,17.15
2023-11-26 13:40:02,14.32,1511.1,84.5,0.54,-0.21,17.13
2023-11-26 13:50:02,14.32,1511.1,84.5,0.53,-0.21,17.13
2023-11-26 14:00:02,14.32,1511.1,84.5,0.53,-0.21,17.16
2023-11-26 14:10:02,14.31,1511.1,84.5,0.53,-0.21,17.15
2023-11-26 14:20:02,14.31,1511.1,84.5,0.54,-0.21,17.16
2023-11-26 14:30:02,14.32,1511.1,84.5,0.53,-0.21,17.06
2023-11-26 14:40:02,14.31,1511.1,84.5,0.53,-0.21,16.97
2023-11-26 14:50:02,14.31,1511.1,84.5,0.53,-0.21,16.94
2023-11-26 15:00:02,14.31,1511.1,84.5,0.53,-0.22,16.95
2023-11-26 15:10:02,14.31,1511.1,84.5,0.53,-0.22,16.94
2023-11-26 15:20:02,14.31,1511.1,84.5,0.53,-0.21,16.93
2023-11-26 15:30:02,14.31,1511.1,84.5,0.53,-0.21,16.91
2023-11-26 15:40:02,14.30,1511.1,84.5,0.53,-0.22,16.91
2023-11-26 15:50:02,14.30,1511.1,84.5,0.53,-0.21,16.91
2023-11-26 16:00:02,14.31,1511.1,84.5,0.53,-0.22,16.90
2023-11-26 16:10:02,14.30,1511.1,84.5,0.54,-0.22,16.88
2023-11-26 16:20:02,14.30,1511.1,84.5,0.54,-0.21,16.88
2023-11-26 16:30:02,14.30,1511.1,84.5,0.53,-0.22,16.89
2023-11-26 16:40:02,14.30,1511.1,84.5,0.52,-0.22,16.88
2023-11-26 16:50:02,14.30,1511.1,84.5,0.52,-0.22,16.88
2023-11-26 17:00:02,14.30,1511.1,84.5,0.52,-0.22,16.89
2023-11-26 17:10:02,14.30,1511.1,84.5,0.52,-0.22,16.89
2023-11-26 17:20:02,14.30,1511.1,84.5,0.51,-0.22,16.90
2023-11-26 17:30:02,14.30,1511.1,84.5,0.52,-0.22,16.91
2023-11-26 17:40:02,14.30,1511.1,84.5,0.52,-0.22,16.93
2023-11-26 17:50:02,14.30,1511.1,84.5,0.52,-0.21,16.94
2023-11-26 18:00:02,14.30,1511.1,84.5,0.52,-0.22,16.96
2023-11-26 18:10:02,14.30,1511.1,84.5,0.52,-0.22,16.97
2023-11-26 18:20:02,14.30,1511.1,84.5,0.52,-0.22,16.98
2023-11-26 18:30:02,14.30,1511.1,84.5,0.51,-0.21,16.99
2023-11-26 18:40:02,14.30,1511.1,84.5,0.52,-0.22,17.04
2023-11-26 18:50:02,14.30,1511.1,84.5,0.53,-0.23,17.10
2023-11-26 19:00:02,14.30,1511.1,84.5,0.53,-0.23,17.11
2023-11-26 19:10:02,14.30,1511.1,84.5,0.52,-0.22,17.15
2023-11-26 19:20:02,14.30,1511.1,84.5,0.53,-0.23,17.19
2023-11-26 19:30:02,14.30,1511.1,84.5,0.52,-0.21,17.22
2023-11-26 19:40:02,14.30,1511.9,84.5,0.52,-0.22,17.25
2023-11-26 19:50:02,14.30,1512.6,84.5,0.52,-0.21,17.29
2023-11-26 20:00:02,14.30,1512.6,84.5,0.51,-0.22,17.30
2023-11-26 20:10:02,14.30,1512.6,84.5,0.50,-0.21,17.34
2023-11-26 20:20:02,14.30,1512.6,84.5,0.49,-0.22,17.36
2023-11-26 20:30:02,14.30,1512.6,84.6,0.49,-0.21,17.38
2023-11-26 20:40:02,14.30,1512.6,84.6,0.47,-0.21,17.39
2023-11-26 20:50:02,14.30,1512.6,84.6,0.48,-0.21,17.37
2023-11-26 21:00:02,14.30,1512.6,84.6,0.48,-0.21,17.35
2023-11-26 21:10:02,14.30,1512.6,84.6,0.47,-0.20,17.39
2023-11-26 21:20:02,14.30,1512.6,84.6,0.47,-0.21,17.43
2023-11-26 21:30:02,14.31,1512.6,84.5,0.45,-0.19,17.45
2023-11-26 21:40:02,14.31,1512.6,84.6,0.44,-0.21,17.47
2023-11-26 21:50:02,14.31,1512.6,84.6,0.45,-0.20,17.47
2023-11-26 22:00:02,14.31,1512.6,84.6,0.43,-0.21,17.46
2023-11-26 22:10:02,14.31,1512.6,84.6,0.43,-0.20,17.47
2023-11-26 22:20:02,14.31,1512.6,84.6,0.43,-0.20,17.48
2023-11-26 22:30:02,14.31,1512.6,84.6,0.43,-0.19,17.49
2023-11-26 22:40:02,14.32,1512.6,84.6,0.41,-0.20,17.49
2023-11-26 22:50:02,14.32,1512.6,84.6,0.42,-0.20,17.48
2023-11-26 23:00:02,14.32,1512.6,84.5,0.42,-0.20,17.47
2023-11-26 23:10:02,14.32,1512.6,84.6,0.41,-0.21,17.46
2023-11-26 23:20:02,14.32,1512.6,84.6,0.39,-0.20,17.46
2023-11-26 23:30:02,14.33,1512.6,84.6,0.37,-0.19,17.46
2023-11-26 23:40:02,14.32,1512.6,84.6,0.39,-0.20,17.46
2023-11-26 23:50:02,14.33,1512.6,84.6,0.39,-0.21,17.46
2023-11-27 00:00:02,14.33,1512.6,84.6,0.40,-0.22,17.44
2023-11-27 00:10:02,14.33,1512.6,84.6,0.39,-0.21,17.43
2023-11-27 00:20:02,14.33,1512.6,84.6,0.39,-0.20,17.43
2023-11-27 00:30:02,14.33,1512.6,84.5,0.39,-0.21,17.42
2023-11-27 00:40:02,14.33,1512.6,84.5,0.43,-0.21,17.40
2023-11-27 00:50:02,14.33,1512.6,84.5,0.42,-0.20,17.38
2023-11-27 01:00:02,14.33,1512.6,84.5,0.40,-0.19,17.38
2023-11-27 01:10:02,14.33,1512.6,84.5,0.39,-0.20,17.37
2023-11-27 01:20:02,14.33,1512.6,84.5,0.38,-0.19,17.36
2023-11-27 01:30:02,14.33,1512.6,84.5,0.38,-0.18,17.34
2023-11-27 01:40:02,14.33,1512.6,84.4,0.37,-0.16,17.35
2023-11-27 01:50:02,14.33,1512.6,84.4,0.38,-0.18,17.31
2023-11-27 02:00:02,14.33,1512.3,84.4,0.41,-0.16,17.26
2023-11-27 02:10:02,14.33,1512.1,84.4,0.41,-0.18,17.25
2023-11-27 02:20:02,14.33,1511.4,84.4,0.40,-0.18,17.24
2023-11-27 02:30:02,14.33,1511.1,84.4,0.38,-0.18,17.23
2023-11-27 02:40:02,14.33,1511.1,84.4,0.38,-0.19,17.24
2023-11-27 02:50:02,14.33,1511.1,84.4,0.39,-0.18,17.24
2023-11-27 03:00:02,14.33,1511.1,84.4,0.38,-0.18,17.23
2023-11-27 03:10:02,14.33,1511.1,84.4,0.38,-0.19,17.23
2023-11-27 03:20:02,14.32,1511.3,84.4,0.37,-0.18,17.24
2023-11-27 03:30:02,14.33,1512.6,84.4,0.38,-0.18,17.25
2023-11-27 03:40:02,14.32,1512.5,84.4,0.38,-0.18,17.25
2023-11-27 03:50:02,14.33,1512.6,84.4,0.38,-0.18,17.25
2023-11-27 04:00:02,14.32,1512.5,84.4,0.38,-0.19,17.25
2023-11-27 04:10:02,14.32,1511.8,84.4,0.38,-0.19,17.24
2023-11-27 04:20:02,14.32,1511.1,84.4,0.38,-0.20,17.17
2023-11-27 04:30:02,14.32,1511.1,84.4,0.38,-0.19,17.20
2023-11-27 04:40:02,14.32,1511.2,84.4,0.38,-0.19,17.23
2023-11-27 04:50:02,14.32,1512.5,84.4,0.38,-0.19,17.25
2023-11-27 05:00:02,14.32,1512.6,84.4,0.38,-0.19,17.26
2023-11-27 05:10:02,14.32,1512.6,84.4,0.38,-0.19,17.27
2023-11-27 05:20:02,14.32,1512.5,84.4,0.38,-0.19,17.26
2023-11-27 05:30:02,14.32,1512.3,84.4,0.38,-0.19,17.25
2023-11-27 05:40:02,14.32,1512.6,84.4,0.38,-0.19,17.27
2023-11-27 05:50:02,14.31,1512.6,84.4,0.38,-0.19,17.26
2023-11-27 06:00:02,14.31,1512.1,84.4,0.38,-0.19,17.25
2023-11-27 06:10:02,14.32,1511.1,84.4,0.39,-0.19,17.19
2023-11-27 06:20:02,14.31,1511.1,84.4,0.40,-0.19,17.12
2023-11-27 06:30:02,14.31,1511.1,84.4,0.38,-0.19,17.11
2023-11-27 06:40:02,14.31,1511.1,84.4,0.39,-0.19,17.13
2023-11-27 06:50:02,14.31,1511.1,84.4,0.38,-0.19,17.14
2023-11-27 07:00:02,14.31,1511.1,84.4,0.38,-0.19,17.15
2023-11-27 07:10:02,14.31,1511.1,84.4,0.38,-0.19,17.12
2023-11-27 07:20:02,14.31,1511.1,84.4,0.38,-0.20,17.08
2023-11-27 07:30:02,14.31,1511.1,84.4,0.38,-0.19,17.06
2023-11-27 07:40:02,14.31,1511.1,84.4,0.38,-0.19,17.04
2023-11-27 07:50:02,14.31,1511.1,84.4,0.38,-0.19,17.02
2023-11-27 08:00:02,14.31,1511.1,84.4,0.38,-0.19,16.98
2023-11-27 08:10:02,14.31,1511.1,84.4,0.38,-0.19,16.96
2023-11-27 08:20:02,14.30,1511.1,84.4,0.38,-0.18,16.95
2023-11-27 08:30:02,14.31,1511.1,84.4,0.37,-0.19,16.98
2023-11-27 08:40:02,14.31,1511.1,84.4,0.37,-0.19,17.01
2023-11-27 08:50:02,14.30,1511.1,84.4,0.37,-0.18,17.03
2023-11-27 09:00:02,14.30,1511.1,84.4,0.38,-0.19,17.03
2023-11-27 09:10:02,14.31,1511.1,84.4,0.38,-0.18,17.03
2023-11-27 09:20:02,14.31,1511.1,84.4,0.37,-0.18,16.99
2023-11-27 09:30:02,14.30,1511.1,84.4,0.37,-0.19,16.90
2023-11-27 09:40:02,14.30,1511.1,84.4,0.37,-0.19,16.89
2023-11-27 09:50:02,14.30,1511.1,84.4,0.37,-0.20,16.94
2023-11-27 10:00:02,14.30,1511.1,84.4,0.37,-0.19,16.92
2023-11-27 10:10:02,14.30,1511.1,84.4,0.38,-0.19,16.89
2023-11-27 10:20:02,14.30,1511.1,84.4,0.37,-0.18,16.81
2023-11-27 10:30:02,14.30,1511.1,84.4,0.37,-0.19,16.81
2023-11-27 10:40:02,14.30,1511.1,84.4,0.35,-0.17,16.80
2023-11-27 10:50:02,14.30,1511.0,84.4,0.36,-0.19,16.76
2023-11-27 11:00:02,14.30,1509.6,84.4,0.34,-0.17,16.74
2023-11-27 11:10:02,14.30,1509.6,84.3,0.34,-0.18,16.73
2023-11-27 11:20:02,14.30,1509.6,84.3,0.33,-0.18,16.72
2023-11-27 11:30:02,14.30,1510.8,84.3,0.34,-0.18,16.76
2023-11-27 11:40:02,14.30,1511.1,84.3,0.33,-0.18,16.80
2023-11-27 11:50:02,14.30,1511.1,84.3,0.34,-0.18,16.85
2023-11-27 12:00:02,14.30,1511.1,84.3,0.34,-0.19,16.91
2023-11-27 12:10:02,14.30,1511.1,84.3,0.34,-0.18,16.92
2023-11-27 12:20:02,14.30,1511.1,84.3,0.35,-0.18,16.90
2023-11-27 12:30:02,14.30,1511.1,84.3,0.33,-0.18,16.90
2023-11-27 12:40:02,14.30,1511.1,84.3,0.32,-0.19,16.92
2023-11-27 12:50:02,14.30,1511.1,84.3,0.34,-0.18,16.89
2023-11-27 13:00:02,14.30,1511.0,84.3,0.33,-0.18,16.77
2023-11-27 13:10:02,14.30,1509.6,84.3,0.33,-0.18,16.74
2023-11-27 13:20:02,14.30,1509.6,84.3,0.32,-0.18,16.72
2023-11-27 13:30:02,14.30,1509.6,84.3,0.33,-0.18,16.69
2023-11-27 13:40:02,14.30,1509.6,84.3,0.33,-0.18,16.64
2023-11-27 13:50:02,14.30,1509.6,84.3,0.33,-0.18,16.61
2023-11-27 14:00:02,14.30,1509.6,84.3,0.33,-0.18,16.60
2023-11-27 14:10:02,14.30,1509.6,84.3,0.33,-0.18,16.59
2023-11-27 14:20:02,14.30,1509.6,84.3,0.33,-0.19,16.57
2023-11-27 14:30:02,14.30,1509.6,84.3,0.33,-0.19,16.57
2023-11-27 14:40:02,14.30,1509.6,84.3,0.34,-0.19,16.55
2023-11-27 14:50:02,14.30,1509.6,84.3,0.33,-0.18,16.54
2023-11-27 15:00:02,14.30,1509.6,84.3,0.33,-0.19,16.53
2023-11-27 15:10:02,14.30,1509.6,84.3,0.34,-0.20,16.53
2023-11-27 15:20:02,14.30,1509.6,84.3,0.35,-0.19,16.53
2023-11-27 15:30:02,14.30,1509.6,84.3,0.35,-0.19,16.54
2023-11-27 15:40:02,14.30,1509.6,84.2,0.34,-0.19,16.54
2023-11-27 15:50:02,14.30,1509.6,84.2,0.34,-0.19,16.55
2023-11-27 16:00:02,14.30,1509.6,84.2,0.34,-0.18,16.57
2023-11-27 16:10:02,14.30,1509.6,84.2,0.34,-0.18,16.58
2023-11-27 16:20:02,14.30,1509.6,84.2,0.34,-0.19,16.56
2023-11-27 16:30:02,14.30,1509.6,84.2,0.33,-0.17,16.54
2023-11-27 16:40:02,14.30,1509.6,84.2,0.33,-0.17,16.54
2023-11-27 16:50:02,14.30,1509.6,84.2,0.33,-0.18,16.54
2023-11-27 17:00:02,14.30,1509.6,84.2,0.34,-0.18,16.53
2023-11-27 17:10:02,14.30,1509.6,84.2,0.34,-0.19,16.53
2023-11-27 17:20:02,14.30,1509.6,84.2,0.34,-0.19,16.55
2023-11-27 17:30:02,14.30,1509.6,84.2,0.34,-0.19,16.56
2023-11-27 17:40:02,14.30,1509.6,84.2,0.34,-0.18,16.56
2023-11-27 17:50:02,14.30,1509.6,84.2,0.34,-0.19,16.57
2023-11-27 18:00:02,14.30,1509.6,84.2,0.34,-0.19,16.58
2023-11-27 18:10:02,14.30,1509.6,84.2,0.34,-0.19,16.58
2023-11-27 18:20:02,14.30,1509.6,84.2,0.34,-0.19,16.59
2023-11-27 18:30:02,14.30,1509.6,84.2,0.33,-0.19,16.60
2023-11-27 18:40:02,14.30,1509.6,84.2,0.33,-0.19,16.62
2023-11-27 18:50:02,14.30,1509.6,84.2,0.34,-0.20,16.68
2023-11-27 19:00:02,14.30,1509.6,84.2,0.34,-0.20,16.68
2023-11-27 19:10:02,14.30,1509.6,84.3,0.34,-0.19,16.72
2023-11-27 19:20:02,14.30,1510.8,84.3,0.34,-0.19,16.75
2023-11-27 19:30:02,14.30,1511.1,84.3,0.34,-0.19,16.77
2023-11-27 19:40:02,14.30,1511.1,84.3,0.34,-0.20,16.80
2023-11-27 19:50:02,14.30,1511.1,84.3,0.34,-0.19,16.86
2023-11-27 20:00:02,14.30,1511.1,84.3,0.34,-0.19,16.97
2023-11-27 20:10:02,14.30,1511.1,84.3,0.35,-0.19,17.02
2023-11-27 20:20:02,14.30,1511.1,84.3,0.35,-0.20,17.06
2023-11-27 20:30:02,14.30,1511.1,84.3,0.33,-0.19,17.07
2023-11-27 20:40:02,14.30,1511.1,84.3,0.34,-0.19,17.12
2023-11-27 20:50:02,14.30,1511.1,84.3,0.34,-0.19,17.16
2023-11-27 21:00:02,14.30,1511.1,84.3,0.34,-0.18,17.19
2023-11-27 21:10:02,14.30,1511.1,84.3,0.33,-0.18,17.22
2023-11-27 21:20:02,14.30,1511.1,84.3,0.34,-0.18,17.23
2023-11-27 21:30:02,14.30,1512.2,84.3,0.33,-0.18,17.26
2023-11-27 21:40:02,14.30,1512.6,84.3,0.33,-0.17,17.34
2023-11-27 21:50:02,14.30,1512.6,84.3,0.33,-0.18,17.38
2023-11-27 22:00:02,14.30,1512.6,84.3,0.33,-0.18,17.39
2023-11-27 22:10:02,14.30,1512.6,84.3,0.32,-0.17,17.35
2023-11-27 22:20:02,14.30,1512.6,84.3,0.31,-0.17,17.38
2023-11-27 22:30:02,14.30,1512.6,84.3,0.31,-0.18,17.36
2023-11-27 22:40:02,14.30,1512.6,84.3,0.29,-0.17,17.40
2023-11-27 22:50:02,14.30,1512.6,84.3,0.30,-0.16,17.43
2023-11-27 23:00:02,14.30,1512.6,84.3,0.30,-0.17,17.45
2023-11-27 23:10:02,14.30,1512.6,84.3,0.30,-0.17,17.44
2023-11-27 23:20:02,14.30,1512.6,84.3,0.30,-0.16,17.44
2023-11-27 23:30:02,14.31,1512.6,84.3,0.28,-0.15,17.43
2023-11-27 23:40:02,14.30,1512.6,84.3,0.29,-0.16,17.42
2023-11-27 23:50:02,14.31,1512.6,84.3,0.29,-0.17,17.41
2023-11-28 00:00:02,14.31,1512.6,84.3,0.29,-0.17,17.41
2023-11-28 00:10:02,14.31,1512.6,84.3,0.30,-0.18,17.40
2023-11-28 00:20:02,14.31,1512.6,84.3,0.31,-0.18,17.40
2023-11-28 00:30:02,14.31,1512.6,84.3,0.31,-0.18,17.39
2023-11-28 00:40:02,14.31,1512.6,84.2,0.32,-0.16,17.38
2023-11-28 00:50:02,14.31,1512.6,84.2,0.31,-0.16,17.37
2023-11-28 01:00:02,14.31,1512.6,84.2,0.29,-0.15,17.38
2023-11-28 01:10:02,14.32,1512.6,84.2,0.29,-0.15,17.37
2023-11-28 01:20:02,14.32,1512.6,84.2,0.30,-0.16,17.37
2023-11-28 01:30:02,14.32,1512.6,84.2,0.30,-0.15,17.36
2023-11-28 01:40:02,14.32,1512.6,84.2,0.30,-0.16,17.36
2023-11-28 01:50:02,14.32,1512.6,84.2,0.29,-0.16,17.35
2023-11-28 02:00:02,14.32,1512.6,84.2,0.30,-0.16,17.34
2023-11-28 02:10:02,14.32,1512.6,84.2,0.29,-0.16,17.32
2023-11-28 02:20:02,14.32,1512.6,84.2,0.29,-0.15,17.31
2023-11-28 02:30:02,14.33,1512.6,84.2,0.29,-0.16,17.29
2023-11-28 02:40:02,14.32,1512.6,84.2,0.29,-0.16,17.27
2023-11-28 02:50:02,14.32,1512.6,84.2,0.29,-0.15,17.26
2023-11-28 03:00:02,14.32,1511.3,84.2,0.29,-0.15,17.24
2023-11-28 03:10:02,14.32,1511.1,84.2,0.29,-0.16,17.23
2023-11-28 03:20:02,14.32,1511.2,84.2,0.29,-0.15,17.23
2023-11-28 03:30:02,14.32,1511.5,84.2,0.29,-0.15,17.24
2023-11-28 03:40:02,14.32,1511.1,84.1,0.30,-0.15,17.23
2023-11-28 03:50:02,14.32,1511.1,84.2,0.30,-0.15,17.21
2023-11-28 04:00:02,14.32,1511.1,84.2,0.29,-0.15,17.21
2023-11-28 04:10:02,14.32,1511.1,84.1,0.29,-0.15,17.21
2023-11-28 04:20:02,14.32,1511.1,84.2,0.30,-0.16,17.21
2023-11-28 04:30:02,14.32,1511.1,84.2,0.30,-0.15,17.20
2023-11-28 04:40:02,14.32,1511.1,84.1,0.29,-0.16,17.17
2023-11-28 04:50:02,14.32,1511.1,84.1,0.29,-0.17,17.15
2023-11-28 05:00:02,14.32,1511.1,84.2,0.29,-0.16,17.15
2023-11-28 05:10:02,14.32,1511.1,84.1,0.29,-0.16,17.15
2023-11-28 05:20:02,14.32,1511.1,84.2,0.29,-0.16,17.16
2023-11-28 05:30:02,14.32,1511.1,84.1,0.30,-0.17,17.18
2023-11-28 05:40:02,14.31,1511.1,84.1,0.29,-0.17,17.20
2023-11-28 05:50:02,14.32,1511.1,84.1,0.29,-0.16,17.20
2023-11-28 06:00:02,14.31,1511.1,84.1,0.29,-0.17,17.20
2023-11-28 06:10:02,14.31,1511.1,84.2,0.29,-0.17,17.21
2023-11-28 06:20:02,14.32,1511.1,84.2,0.29,-0.16,17.20
2023-11-28 06:30:02,14.31,1511.1,84.2,0.29,-0.16,17.19
2023-11-28 06:40:02,14.31,1511.1,84.2,0.29,-0.17,17.19
2023-11-28 06:50:02,14.31,1511.1,84.2,0.29,-0.16,17.18
2023-11-28 07:00:02,14.31,1511.1,84.2,0.29,-0.16,17.16
2023-11-28 07:10:02,14.31,1511.1,84.2,0.29,-0.16,17.16
2023-11-28 07:20:02,14.31,1511.1,84.2,0.29,-0.16,17.15
2023-11-28 07:30:02,14.31,1511.1,84.2,0.29,-0.16,17.15
2023-11-28 07:40:02,14.31,1511.1,84.2,0.29,-0.16,17.15
2023-11-28 07:50:02,14.31,1511.1,84.2,0.29,-0.16,17.16
2023-11-28 08:00:02,14.31,1511.1,84.2,0.29,-0.16,17.16
2023-11-28 08:10:02,14.31,1511.1,84.2,0.29,-0.17,17.17
2023-11-28 08:20:02,14.31,1511.1,84.2,0.29,-0.17,17.16
2023-11-28 08:30:02,14.31,1511.1,84.2,0.29,-0.17,17.15
2023-11-28 08:40:02,14.31,1511.1,84.2,0.29,-0.17,17.13
2023-11-28 08:50:02,14.31,1511.1,84.2,0.30,-0.17,17.12
2023-11-28 09:00:02,14.31,1511.1,84.2,0.29,-0.18,17.11
2023-11-28 09:10:02,14.31,1511.1,84.2,0.29,-0.16,17.08
2023-11-28 09:20:02,14.31,1511.1,84.2,0.29,-0.17,17.05
2023-11-28 09:30:02,14.31,1511.1,84.2,0.29,-0.17,17.04
2023-11-28 09:40:02,14.31,1511.1,84.2,0.29,-0.17,17.04
2023-11-28 09:50:02,14.31,1511.1,84.2,0.28,-0.17,17.04
2023-11-28 10:00:02,14.31,1511.1,84.2,0.28,-0.16,17.03
2023-11-28 10:10:02,14.31,1511.1,84.2,0.28,-0.16,17.02
2023-11-28 10:20:02,14.31,1511.1,84.2,0.28,-0.16,17.02
2023-11-28 10:30:02,14.31,1511.1,84.2,0.29,-0.16,17.02
2023-11-28 10:40:02,14.31,1511.1,84.2,0.28,-0.17,16.99
2023-11-28 10:50:02,14.31,1511.1,84.2,0.29,-0.17,16.97
2023-11-28 11:00:02,14.31,1511.1,84.2,0.28,-0.16,16.95
2023-11-28 11:10:02,14.31,1511.1,84.2,0.29,-0.17,16.95
2023-11-28 11:20:02,14.31,1511.1,84.2,0.29,-0.17,16.95
2023-11-28 11:30:02,14.31,1511.1,84.2,0.29,-0.17,16.92
2023-11-28 11:40:02,14.31,1511.1,84.2,0.27,-0.16,16.92
2023-11-28 11:50:02,14.31,1511.1,84.2,0.27,-0.17,16.91
2023-11-28 12:00:02,14.31,1511.1,84.2,0.28,-0.18,16.91
2023-11-28 12:10:02,14.31,1511.1,84.2,0.27,-0.18,16.91
2023-11-28 12:20:02,14.31,1511.1,84.2,0.27,-0.17,16.91
2023-11-28 12:30:02,14.30,1511.1,84.2,0.26,-0.17,16.90
2023-11-28 12:40:02,14.30,1511.1,84.2,0.26,-0.16,16.90
2023-11-28 12:50:02,14.30,1511.1,84.2,0.28,-0.17,16.93
2023-11-28 13:00:02,14.30,1511.1,84.2,0.27,-0.16,16.96
2023-11-28 13:10:02,14.30,1511.1,84.1,0.28,-0.17,16.96
2023-11-28 13:20:02,14.30,1511.1,84.1,0.27,-0.16,16.94
2023-11-28 13:30:02,14.30,1511.1,84.1,0.28,-0.16,16.88
2023-11-28 13:40:02,14.30,1511.1,84.1,0.28,-0.17,16.84
2023-11-28 13:50:02,14.30,1511.1,84.1,0.28,-0.17,16.80
2023-11-28 14:00:02,14.30,1511.1,84.1,0.27,-0.17,16.80
2023-11-28 14:10:02,14.30,1511.1,84.1,0.28,-0.17,16.80
2023-11-28 14:20:02,14.30,1511.1,84.1,0.28,-0.17,16.81
2023-11-28 14:30:02,14.30,1511.1,84.1,0.28,-0.16,16.81
2023-11-28 14:40:02,14.30,1511.1,84.1,0.27,-0.16,16.82
2023-11-28 14:50:02,14.30,1511.1,84.1,0.28,-0.16,16.85
2023-11-28 15:00:02,14.30,1511.1,84.1,0.28,-0.16,16.83
2023-11-28 15:10:02,14.30,1511.0,84.1,0.28,-0.16,16.77
2023-11-28 15:20:02,14.30,1510.0,84.1,0.28,-0.16,16.73
2023-11-28 15:30:02,14.30,1509.6,84.1,0.27,-0.17,16.65
2023-11-28 15:40:02,14.30,1509.6,84.1,0.28,-0.17,16.62
2023-11-28 15:50:02,14.30,1509.6,84.1,0.27,-0.16,16.61
2023-11-28 16:00:02,14.30,1509.6,84.1,0.28,-0.17,16.61
2023-11-28 16:10:02,14.30,1509.6,84.0,0.27,-0.17,16.57
2023-11-28 16:20:02,14.30,1509.6,84.0,0.27,-0.16,16.60
2023-11-28 16:30:02,14.30,1509.6,84.1,0.27,-0.16,16.62
2023-11-28 16:40:02,14.30,1509.6,84.1,0.27,-0.17,16.61
2023-11-28 16:50:02,14.30,1509.6,84.1,0.27,-0.16,16.62
2023-11-28 17:00:02,14.30,1509.6,84.1,0.28,-0.16,16.62
2023-11-28 17:10:02,14.30,1509.6,84.1,0.28,-0.17,16.63
2023-11-28 17:20:02,14.30,1509.6,84.1,0.28,-0.17,16.64
2023-11-28 17:30:02,14.30,1509.6,84.1,0.28,-0.17,16.65
2023-11-28 17:40:02,14.30,1509.6,84.1,0.28,-0.16,16.66
2023-11-28 17:50:02,14.30,1509.6,84.1,0.28,-0.16,16.68
2023-11-28 18:00:02,14.30,1509.6,84.1,0.28,-0.16,16.67
2023-11-28 18:10:02,14.30,1509.6,84.1,0.27,-0.16,16.68
2023-11-28 18:20:02,14.30,1509.6,84.1,0.28,-0.17,16.68
2023-11-28 18:30:02,14.30,1509.6,84.1,0.27,-0.17,16.70
2023-11-28 18:40:02,14.30,1509.6,84.1,0.28,-0.17,16.72
2023-11-28 18:50:02,14.30,1509.6,84.1,0.28,-0.17,16.72
2023-11-28 19:00:02,14.30,1509.6,84.1,0.28,-0.17,16.72
2023-11-28 19:10:02,14.30,1510.9,84.1,0.28,-0.17,16.78
2023-11-28 19:20:02,14.30,1511.1,84.1,0.27,-0.16,16.85
2023-11-28 19:30:02,14.30,1511.1,84.1,0.28,-0.16,16.92
2023-11-28 19:40:02,14.30,1511.1,84.2,0.28,-0.16,16.89
2023-11-28 19:50:02,14.30,1511.1,84.2,0.28,-0.16,16.96
2023-11-28 20:00:02,14.30,1511.1,84.2,0.28,-0.17,17.02
2023-11-28 20:10:02,14.30,1511.1,84.2,0.28,-0.16,17.05
2023-11-28 20:20:02,14.30,1511.1,84.2,0.28,-0.16,17.10
2023-11-28 20:30:02,14.30,1511.1,84.2,0.29,-0.16,17.13
2023-11-28 20:40:02,14.30,1511.1,84.2,0.29,-0.17,17.15
2023-11-28 20:50:02,14.30,1511.1,84.2,0.29,-0.16,17.20
2023-11-28 21:00:02,14.30,1511.4,84.2,0.28,-0.16,17.24
2023-11-28 21:10:02,14.30,1511.1,84.2,0.28,-0.16,17.23
2023-11-28 21:20:02,14.30,1511.1,84.2,0.29,-0.16,17.23
2023-11-28 21:30:02,14.30,1511.1,84.2,0.28,-0.16,17.22
2023-11-28 21:40:02,14.30,1512.2,84.2,0.29,-0.16,17.26
2023-11-28 21:50:02,14.30,1512.2,84.2,0.29,-0.16,17.25
2023-11-28 22:00:02,14.30,1512.6,84.2,0.28,-0.15,17.27
2023-11-28 22:10:02,14.30,1512.6,84.2,0.28,-0.15,17.29
2023-11-28 22:20:02,14.30,1512.6,84.2,0.28,-0.16,17.30
2023-11-28 22:30:02,14.30,1512.6,84.2,0.28,-0.15,17.30
2023-11-28 22:40:02,14.30,1512.6,84.2,0.28,-0.16,17.30
2023-11-28 22:50:02,14.31,1512.6,84.2,0.28,-0.15,17.32
2023-11-28 23:00:02,14.30,1512.6,84.2,0.27,-0.15,17.31
2023-11-28 23:10:02,14.31,1512.6,84.2,0.28,-0.16,17.32
2023-11-28 23:20:02,14.31,1512.6,84.1,0.27,-0.15,17.32
2023-11-28 23:30:02,14.31,1512.6,84.1,0.28,-0.15,17.38
2023-11-28 23:40:02,14.31,1512.6,84.1,0.26,-0.14,17.41
2023-11-28 23:50:02,14.31,1512.6,84.1,0.28,-0.14,17.44
2023-11-29 00:00:02,14.31,1512.6,84.1,0.27,-0.14,17.40
2023-11-29 00:10:02,14.32,1512.6,84.1,0.27,-0.14,17.36
2023-11-29 00:20:02,14.32,1512.6,84.1,0.27,-0.15,17.32
2023-11-29 00:30:02,14.32,1512.6,84.1,0.27,-0.14,17.28
2023-11-29 00:40:02,14.32,1512.2,84.1,0.27,-0.14,17.25
2023-11-29 00:50:02,14.32,1511.1,84.1,0.28,-0.15,17.24
2023-11-29 01:00:02,14.32,1512.3,84.1,0.28,-0.15,17.25
2023-11-29 01:10:02,14.32,1512.6,84.1,0.27,-0.15,17.28
2023-11-29 01:20:02,14.32,1512.6,84.1,0.27,-0.14,17.33
2023-11-29 01:30:02,14.32,1512.6,84.1,0.27,-0.14,17.35
2023-11-29 01:40:02,14.32,1512.6,84.1,0.27,-0.14,17.36
2023-11-29 01:50:02,14.33,1512.6,84.1,0.27,-0.14,17.37
2023-11-29 02:00:02,14.33,1512.6,84.1,0.28,-0.15,17.37
2023-11-29 02:10:02,14.33,1512.6,84.1,0.27,-0.14,17.36
2023-11-29 02:20:02,14.33,1512.6,84.1,0.27,-0.14,17.36
2023-11-29 02:30:02,14.33,1512.6,84.1,0.27,-0.14,17.33
2023-11-29 02:40:02,14.33,1512.6,84.1,0.27,-0.14,17.32
2023-11-29 02:50:02,14.33,1512.6,84.1,0.27,-0.14,17.33
2023-11-29 03:00:02,14.33,1512.6,84.1,0.28,-0.14,17.31
2023-11-29 03:10:02,14.33,1512.6,84.1,0.27,-0.14,17.30
2023-11-29 03:20:02,14.33,1512.6,84.1,0.27,-0.14,17.26
2023-11-29 03:30:02,14.34,1512.6,84.1,0.27,-0.14,17.26
2023-11-29 03:40:02,14.34,1512.6,84.1,0.28,-0.14,17.26
2023-11-29 03:50:02,14.33,1512.2,84.1,0.27,-0.14,17.25
2023-11-29 04:00:02,14.33,1511.1,84.1,0.27,-0.14,17.24
2023-11-29 04:10:02,14.34,1511.1,84.1,0.28,-0.14,17.22
2023-11-29 04:20:02,14.33,1511.1,84.1,0.28,-0.15,17.19
2023-11-29 04:30:02,14.33,1511.1,84.1,0.28,-0.14,17.17
2023-11-29 04:40:02,14.33,1511.1,84.1,0.27,-0.14,17.17
2023-11-29 04:50:02,14.34,1511.1,84.1,0.28,-0.14,17.12
2023-11-29 05:00:02,14.33,1511.1,84.1,0.28,-0.14,17.12
2023-11-29 05:10:02,14.33,1511.1,84.1,0.27,-0.14,17.13
2023-11-29 05:20:02,14.33,1511.1,84.1,0.28,-0.14,17.10
2023-11-29 05:30:02,14.33,1511.1,84.1,0.28,-0.15,17.05
2023-11-29 05:40:02,14.32,1511.1,84.1,0.28,-0.15,17.02
2023-11-29 05:50:02,14.32,1511.1,84.1,0.27,-0.15,17.02
2023-11-29 06:00:02,14.32,1511.1,84.1,0.27,-0.15,17.05
2023-11-29 06:10:02,14.32,1511.1,84.1,0.27,-0.15,17.08
2023-11-29 06:20:02,14.32,1511.1,84.1,0.28,-0.15,17.09
2023-11-29 06:30:02,14.32,1511.1,84.1,0.28,-0.16,17.08
2023-11-29 06:40:02,14.32,1511.1,84.1,0.28,-0.15,17.07
2023-11-29 06:50:02,14.32,1511.1,84.1,0.27,-0.15,17.07
2023-11-29 07:00:02,14.32,1511.1,84.1,0.27,-0.15,17.07
2023-11-29 07:10:02,14.31,1511.1,84.1,0.27,-0.15,17.06
2023-11-29 07:20:02,14.31,1511.1,84.1,0.28,-0.15,17.07
2023-11-29 07:30:02,14.31,1511.1,84.1,0.28,-0.15,17.07
2023-11-29 07:40:02,14.31,1511.1,84.1,0.28,-0.15,17.08
2023-11-29 07:50:02,14.31,1511.1,84.1,0.28,-0.15,17.09
2023-11-29 08:00:02,14.31,1511.1,84.1,0.28,-0.15,17.09
2023-11-29 08:10:02,14.31,1511.1,84.1,0.28,-0.15,17.09
2023-11-29 08:20:02,14.31,1511.1,84.1,0.28,-0.16,17.07
2023-11-29 08:30:02,14.31,1511.1,84.1,0.28,-0.16,17.05
2023-11-29 08:40:02,14.31,1511.1,84.1,0.28,-0.16,17.03
2023-11-29 08:50:02,14.31,1511.1,84.1,0.28,-0.15,17.03
2023-11-29 09:00:02,14.31,1511.1,84.1,0.28,-0.16,17.05
2023-11-29 09:10:02,14.31,1511.1,84.1,0.28,-0.15,17.03
2023-11-29 09:20:02,14.31,1511.1,84.1,0.28,-0.15,16.99
2023-11-29 09:30:02,14.31,1511.1,84.1,0.28,-0.15,16.98
2023-11-29 09:40:02,14.31,1511.1,84.1,0.27,-0.16,16.96
2023-11-29 09:50:02,14.31,1511.1,84.1,0.28,-0.16,16.97
2023-11-29 10:00:02,14.31,1511.1,84.1,0.27,-0.15,16.98
2023-11-29 10:10:02,14.31,1511.1,84.1,0.28,-0.15,16.96
2023-11-29 10:20:02,14.31,1511.1,84.1,0.28,-0.15,16.95
2023-11-29 10:30:02,14.31,1511.1,84.1,0.28,-0.15,16.96
2023-11-29 10:40:02,14.31,1511.1,84.1,0.28,-0.15,16.98
2023-11-29 10:50:02,14.31,1511.1,84.1,0.28,-0.15,16.99
2023-11-29 11:00:02,14.31,1511.1,84.1,0.28,-0.15,16.97
2023-11-29 11:10:02,14.31,1511.1,84.1,0.28,-0.15,16.97
2023-11-29 11:20:02,14.31,1511.1,84.1,0.28,-0.16,16.97
2023-11-29 11:30:02,14.31,1511.1,84.1,0.28,-0.16,16.90
2023-11-29 11:40:02,14.30,1511.1,84.1,0.28,-0.15,16.81
2023-11-29 11:50:02,14.30,1511.1,84.1,0.28,-0.15,16.81
2023-11-29 12:00:02,14.30,1510.5,84.1,0.28,-0.15,16.77
2023-11-29 12:10:02,14.30,1510.1,84.1,0.28,-0.15,16.74
2023-11-29 12:20:02,14.30,1510.8,84.1,0.27,-0.15,16.77
2023-11-29 12:30:02,14.30,1509.9,84.1,0.28,-0.16,16.72
2023-11-29 12:40:02,14.30,1509.8,84.1,0.28,-0.16,16.72
2023-11-29 12:50:02,14.30,1511.1,84.1,0.28,-0.16,16.81
2023-11-29 13:00:02,14.30,1511.1,84.1,0.27,-0.16,16.83
2023-11-29 13:10:02,14.30,1511.1,84.1,0.27,-0.16,16.86
2023-11-29 13:20:02,14.30,1511.1,84.1,0.28,-0.16,16.87
2023-11-29 13:30:02,14.30,1511.1,84.1,0.27,-0.16,16.87
2023-11-29 13:40:02,14.30,1511.1,84.1,0.28,-0.15,16.82
2023-11-29 13:50:02,14.30,1509.6,84.1,0.28,-0.16,16.66
2023-11-29 14:00:02,14.30,1509.6,84.1,0.28,-0.16,16.58
2023-11-29 14:10:02,14.30,1509.6,84.1,0.27,-0.16,16.61
2023-11-29 14:20:02,14.30,1509.6,84.1,0.28,-0.16,16.67
2023-11-29 14:30:02,14.30,1509.6,84.1,0.28,-0.16,16.65
2023-11-29 14:40:02,14.30,1509.6,84.1,0.27,-0.16,16.66
2023-11-29 14:50:02,14.30,1509.6,84.1,0.27,-0.16,16.69
2023-11-29 15:00:02,14.30,1509.6,84.1,0.27,-0.16,16.67
2023-11-29 15:10:02,14.30,1509.6,84.0,0.27,-0.16,16.62
2023-11-29 15:20:02,14.30,1509.6,84.0,0.28,-0.16,16.58
2023-11-29 15:30:02,14.30,1509.6,84.0,0.27,-0.15,16.54
2023-11-29 15:40:02,14.30,1509.6,84.0,0.27,-0.16,16.52
2023-11-29 15:50:02,14.30,1509.6,84.0,0.27,-0.16,16.53
2023-11-29 16:00:02,14.30,1509.6,84.0,0.27,-0.15,16.53
2023-11-29 16:10:02,14.30,1509.6,84.0,0.28,-0.16,16.52
2023-11-29 16:20:02,14.30,1509.6,84.0,0.27,-0.15,16.56
2023-11-29 16:30:02,14.30,1509.6,84.0,0.27,-0.16,16.60
2023-11-29 16:40:02,14.30,1509.6,84.0,0.27,-0.16,16.62
2023-11-29 16:50:02,14.30,1509.6,84.0,0.27,-0.16,16.63
2023-11-29 17:00:02,14.30,1509.6,84.0,0.28,-0.15,16.68
2023-11-29 17:10:02,14.30,1509.6,84.0,0.27,-0.16,16.70
2023-11-29 17:20:02,14.30,1509.6,84.0,0.27,-0.16,16.72
2023-11-29 17:30:02,14.30,1509.6,84.0,0.28,-0.16,16.73
2023-11-29 17:40:02,14.30,1509.6,84.0,0.28,-0.16,16.71
2023-11-29 17:50:02,14.30,1509.6,84.0,0.27,-0.16,16.70
2023-11-29 18:00:02,14.30,1509.6,84.0,0.28,-0.16,16.70
2023-11-29 18:10:02,14.30,1509.6,84.0,0.27,-0.16,16.71
2023-11-29 18:20:02,14.30,1509.6,84.0,0.28,-0.16,16.70
2023-11-29 18:30:02,14.30,1509.6,84.0,0.27,-0.16,16.70
2023-11-29 18:40:02,14.30,1509.6,84.0,0.27,-0.16,16.72
2023-11-29 18:50:02,14.30,1509.6,84.0,0.28,-0.16,16.74
2023-11-29 19:00:02,14.30,1511.1,84.0,0.27,-0.16,16.76
2023-11-29 19:10:02,14.30,1511.1,84.1,0.28,-0.16,16.81
2023-11-29 19:20:02,14.30,1511.1,84.1,0.27,-0.16,16.83
2023-11-29 19:30:02,14.30,1511.1,84.1,0.28,-0.16,16.86
2023-11-29 19:40:02,14.30,1511.1,84.1,0.27,-0.15,16.92
2023-11-29 19:50:02,14.30,1511.1,84.1,0.27,-0.16,16.94
2023-11-29 20:00:02,14.30,1511.1,84.1,0.28,-0.16,16.96
2023-11-29 20:10:02,14.30,1511.1,84.1,0.28,-0.16,16.94
2023-11-29 20:20:02,14.30,1511.1,84.1,0.28,-0.16,16.98
2023-11-29 20:30:02,14.30,1511.1,84.1,0.28,-0.15,16.98
2023-11-29 20:40:02,14.30,1511.1,84.1,0.28,-0.15,16.95
2023-11-29 20:50:02,14.30,1511.1,84.1,0.28,-0.14,16.96
2023-11-29 21:00:02,14.30,1511.1,84.1,0.30,-0.12,16.97
2023-11-29 21:10:02,14.30,1511.1,84.1,0.29,-0.13,16.99
2023-11-29 21:20:02,14.30,1511.1,84.1,0.28,-0.14,17.01
2023-11-29 21:30:02,14.30,1511.1,84.1,0.28,-0.13,17.02
2023-11-29 21:40:02,14.30,1511.1,84.1,0.28,-0.13,17.03
2023-11-29 21:50:02,14.30,1511.1,84.1,0.28,-0.14,17.05
2023-11-29 22:00:02,14.30,1511.1,84.1,0.28,-0.14,17.05
2023-11-29 22:10:02,14.30,1511.1,84.1,0.28,-0.14,17.06
2023-11-29 22:20:02,14.30,1511.1,84.1,0.28,-0.13,17.10
2023-11-29 22:30:02,14.30,1511.1,84.1,0.28,-0.14,17.12
2023-11-29 22:40:02,14.30,1511.1,84.1,0.27,-0.13,17.12
2023-11-29 22:50:02,14.30,1511.1,84.1,0.28,-0.14,17.13
2023-11-29 23:00:02,14.30,1511.1,84.1,0.28,-0.13,17.13
2023-11-29 23:10:02,14.31,1511.1,84.1,0.28,-0.14,17.14
2023-11-29 23:20:02,14.31,1511.1,84.1,0.27,-0.14,17.15
2023-11-29 23:30:02,14.31,1511.1,84.1,0.27,-0.13,17.16
2023-11-29 23:40:02,14.31,1511.1,84.0,0.27,-0.13,17.17
2023-11-29 23:50:02,14.31,1511.1,84.0,0.27,-0.14,17.17
2023-11-30 00:00:02,14.31,1511.1,84.0,0.27,-0.13,17.17
2023-11-30 00:10:02,14.31,1511.1,84.0,0.27,-0.12,17.17
2023-11-30 00:20:02,14.31,1511.1,84.0,0.27,-0.13,17.15
2023-11-30 00:30:02,14.31,1511.1,84.0,0.27,-0.13,17.14
2023-11-30 00:40:02,14.31,1511.1,84.0,0.26,-0.13,17.13
2023-11-30 00:50:02,14.31,1511.1,84.0,0.26,-0.12,17.14
2023-11-30 01:00:02,14.31,1511.1,84.0,0.27,-0.11,17.14
2023-11-30 01:10:02,14.31,1511.1,84.0,0.25,-0.11,17.14
2023-11-30 01:20:02,14.31,1511.1,83.9,0.24,-0.12,17.16
2023-11-30 01:30:02,14.31,1511.1,83.9,0.25,-0.12,17.17
2023-11-30 01:40:02,14.31,1511.1,83.9,0.25,-0.12,17.17
2023-11-30 01:50:02,14.32,1511.1,83.9,0.26,-0.12,17.17
2023-11-30 02:00:02,14.32,1511.1,83.9,0.26,-0.12,17.16
2023-11-30 02:10:02,14.32,1511.1,83.9,0.25,-0.13,17.17
2023-11-30 02:20:02,14.32,1511.1,83.9,0.25,-0.12,17.16
2023-11-30 02:30:02,14.32,1511.1,83.9,0.25,-0.12,17.15
2023-11-30 02:40:02,14.32,1511.1,83.9,0.25,-0.12,17.14
2023-11-30 02:50:02,14.32,1511.1,83.9,0.25,-0.12,17.14
2023-11-30 03:00:02,14.32,1511.1,83.9,0.25,-0.12,17.14
2023-11-30 03:10:02,14.32,1511.1,83.9,0.26,-0.12,17.14
2023-11-30 03:20:02,14.32,1511.1,83.9,0.25,-0.12,17.14
2023-11-30 03:30:02,14.32,1511.1,83.9,0.26,-0.11,17.12
2023-11-30 03:40:02,14.32,1511.1,83.9,0.25,-0.12,17.12
2023-11-30 03:50:02,14.32,1511.1,83.9,0.26,-0.11,17.12
2023-11-30 04:00:02,14.32,1511.1,83.9,0.25,-0.12,17.13
2023-11-30 04:10:02,14.32,1511.1,83.9,0.25,-0.12,17.12
2023-11-30 04:20:02,14.32,1511.1,83.9,0.25,-0.12,17.12
2023-11-30 04:30:02,14.32,1511.1,83.9,0.26,-0.12,17.12
2023-11-30 04:40:02,14.32,1511.1,83.9,0.25,-0.12,17.11
2023-11-30 04:50:02,14.32,1511.1,83.9,0.26,-0.12,17.12
2023-11-30 05:00:02,14.32,1511.1,83.9,0.25,-0.11,17.11
2023-11-30 05:10:02,14.32,1511.1,83.9,0.27,-0.11,17.10
2023-11-30 05:20:02,14.32,1511.1,83.9,0.26,-0.11,17.08
2023-11-30 05:30:02,14.32,1511.1,83.9,0.25,-0.11,17.10
2023-11-30 05:40:02,14.32,1511.1,83.9,0.26,-0.11,17.12
2023-11-30 05:50:02,14.32,1511.1,83.9,0.26,-0.12,17.12
2023-11-30 06:00:02,14.32,1511.1,83.9,0.26,-0.12,17.10
2023-11-30 06:10:02,14.32,1511.1,83.9,0.27,-0.12,17.09
2023-11-30 06:20:02,14.32,1511.1,83.9,0.27,-0.12,17.08
2023-11-30 06:30:02,14.32,1511.1,83.9,0.26,-0.12,17.07
2023-11-30 06:40:02,14.33,1511.1,83.9,0.26,-0.13,17.07
2023-11-30 06:50:02,14.32,1511.1,83.9,0.25,-0.12,17.07
2023-11-30 07:00:02,14.32,1511.1,83.9,0.26,-0.13,17.07
2023-11-30 07:10:02,14.32,1511.1,83.9,0.26,-0.13,17.07
2023-11-30 07:20:02,14.32,1511.1,83.9,0.27,-0.13,17.07
2023-11-30 07:30:02,14.32,1511.1,83.9,0.26,-0.13,17.07
2023-11-30 07:40:02,14.32,1511.1,83.9,0.27,-0.13,17.07
2023-11-30 07:50:02,14.32,1511.1,83.9,0.27,-0.14,17.05
2023-11-30 08:00:02,14.32,1511.1,83.9,0.27,-0.14,17.05
2023-11-30 08:10:02,14.32,1511.1,83.9,0.26,-0.13,17.06
2023-11-30 08:20:02,14.32,1511.1,83.9,0.27,-0.13,17.06
2023-11-30 08:30:02,14.32,1511.1,83.9,0.26,-0.13,17.05
2023-11-30 08:40:02,14.32,1511.1,83.9,0.26,-0.13,17.04
2023-11-30 08:50:02,14.32,1511.1,83.9,0.26,-0.14,17.04
2023-11-30 09:00:02,14.32,1511.1,83.9,0.26,-0.13,17.04
2023-11-30 09:10:02,14.31,1511.1,83.9,0.26,-0.13,17.03
2023-11-30 09:20:02,14.32,1511.1,83.9,0.27,-0.13,17.03
2023-11-30 09:30:02,14.32,1511.1,83.9,0.26,-0.14,17.00
2023-11-30 09:40:02,14.32,1511.1,83.9,0.25,-0.13,17.00
2023-11-30 09:50:02,14.31,1511.1,83.9,0.27,-0.13,16.99
2023-11-30 10:00:02,14.32,1511.1,83.9,0.27,-0.13,16.97
2023-11-30 10:10:02,14.31,1511.1,83.9,0.26,-0.13,16.96
2023-11-30 10:20:02,14.31,1511.1,83.9,0.26,-0.13,16.99
2023-11-30 10:30:02,14.31,1511.1,83.9,0.26,-0.13,16.99
2023-11-30 10:40:02,14.31,1511.1,83.9,0.26,-0.13,17.00
2023-11-30 10:50:02,14.31,1511.1,83.9,0.26,-0.13,17.03
2023-11-30 11:00:02,14.31,1511.1,83.9,0.26,-0.12,17.04
2023-11-30 11:14:56,14.31,1511.1,83.9,0.26,-0.12,16.96
2023-11-30 11:24:56,14.31,1511.1,83.9,0.26,-0.13,16.96
2023-11-30 11:34:56,14.31,1511.1,83.9,0.26,-0.13,16.96
2023-11-30 11:44:56,14.31,1511.1,83.9,0.27,-0.12,16.95
2023-11-30 11:54:56,14.31,1511.1,83.9,0.27,-0.13,16.94
2023-11-30 12:04:56,14.31,1511.1,83.9,0.27,-0.13,16.92
2023-11-30 12:14:56,14.31,1511.1,83.9,0.26,-0.13,16.91
2023-11-30 12:24:56,14.31,1511.1,83.9,0.26,-0.12,16.92
2023-11-30 12:34:56,14.31,1511.1,83.9,0.27,-0.13,16.94
2023-11-30 12:44:56,14.31,1511.1,83.9,0.26,-0.13,16.95
2023-11-30 12:54:56,14.31,1511.1,83.9,0.26,-0.13,16.97
2023-11-30 13:04:56,14.31,1511.1,83.9,0.26,-0.13,16.98
2023-11-30 13:14:56,14.31,1511.1,83.9,0.26,-0.13,17.00
2023-11-30 13:24:56,14.31,1511.1,83.9,0.27,-0.13,16.97
2023-11-30 13:34:56,14.31,1511.1,83.9,0.26,-0.13,16.96
2023-11-30 13:44:56,14.31,1511.1,83.9,0.26,-0.13,16.99
2023-11-30 13:54:56,14.31,1511.1,83.9,0.27,-0.13,16.96
2023-11-30 14:04:56,14.31,1511.1,83.9,0.27,-0.12,16.94
2023-11-30 14:14:56,14.31,1511.1,83.9,0.27,-0.13,16.96
2023-11-30 14:24:56,14.31,1511.1,83.9,0.27,-0.13,16.97
2023-11-30 14:34:56,14.31,1511.1,83.9,0.27,-0.13,16.99
2023-11-30 14:44:56,14.31,1511.1,83.9,0.26,-0.13,17.00
2023-11-30 14:54:56,14.31,1511.1,83.9,0.27,-0.13,17.01
2023-11-30 15:04:56,14.31,1511.1,83.9,0.27,-0.13,17.03
2023-11-30 15:14:56,14.31,1511.1,83.8,0.27,-0.13,17.02
2023-11-30 15:24:56,14.31,1511.1,83.8,0.27,-0.13,16.99
2023-11-30 15:34:56,14.31,1511.1,83.8,0.27,-0.13,16.93
2023-11-30 15:44:56,14.31,1511.1,83.8,0.27,-0.13,16.87
2023-11-30 15:54:56,14.31,1511.1,83.8,0.27,-0.13,16.90
2023-11-30 16:04:56,14.31,1511.1,83.8,0.27,-0.13,16.91
2023-11-30 16:14:56,14.31,1511.1,83.8,0.27,-0.13,16.96
2023-11-30 16:24:56,14.31,1511.1,83.8,0.27,-0.13,16.96
2023-11-30 16:34:56,14.31,1511.1,83.8,0.27,-0.13,16.95
2023-11-30 16:44:56,14.31,1511.1,83.8,0.27,-0.13,16.95
2023-11-30 16:54:56,14.31,1511.1,83.8,0.27,-0.13,16.92
2023-11-30 17:04:56,14.31,1511.1,83.8,0.27,-0.13,16.91
2023-11-30 17:14:56,14.31,1511.1,83.8,0.27,-0.13,16.89
2023-11-30 17:24:56,14.31,1511.1,83.8,0.27,-0.13,16.91
2023-11-30 17:34:56,14.31,1511.1,83.8,0.27,-0.13,16.96
2023-11-30 17:44:56,14.31,1511.1,83.8,0.27,-0.13,16.98
2023-11-30 17:54:56,14.31,1511.1,83.8,0.27,-0.13,16.98
2023-11-30 18:04:56,14.31,1511.1,83.8,0.28,-0.13,16.96
2023-11-30 18:14:56,14.31,1511.1,83.8,0.28,-0.13,16.94
2023-11-30 18:24:56,14.31,1511.1,83.8,0.27,-0.13,16.96
2023-11-30 18:34:56,14.31,1511.1,83.8,0.28,-0.13,16.97
2023-11-30 18:44:56,14.31,1511.1,83.8,0.27,-0.13,16.97
2023-11-30 18:54:56,14.31,1511.1,83.8,0.27,-0.13,16.97
2023-11-30 19:04:56,14.31,1511.1,83.8,0.27,-0.13,16.97
2023-11-30 19:14:56,14.31,1511.1,83.9,0.27,-0.13,16.96
2023-11-30 19:24:56,14.31,1511.1,83.9,0.27,-0.13,16.97
2023-11-30 19:34:56,14.31,1511.1,83.9,0.27,-0.13,16.98
2023-11-30 19:44:56,14.31,1511.1,83.9,0.27,-0.13,17.00
2023-11-30 19:54:56,14.31,1511.1,83.9,0.28,-0.13,17.05
2023-11-30 20:04:56,14.31,1511.1,83.9,0.27,-0.13,17.07
2023-11-30 20:14:56,14.31,1511.1,83.9,0.28,-0.13,17.08
2023-11-30 20:24:56,14.31,1511.1,83.9,0.28,-0.13,17.09
2023-11-30 20:34:56,14.31,1511.1,83.9,0.27,-0.12,17.10
2023-11-30 20:44:56,14.31,1511.1,84.0,0.28,-0.12,17.10
2023-11-30 20:54:56,14.31,1511.1,84.0,0.28,-0.12,17.10
2023-11-30 21:04:56,14.31,1511.1,84.0,0.27,-0.12,17.13
2023-11-30 21:14:56,14.32,1511.1,84.0,0.27,-0.13,17.14
2023-11-30 21:24:56,14.31,1511.1,84.0,0.28,-0.12,17.14
2023-11-30 21:34:56,14.32,1511.1,84.0,0.28,-0.12,17.16
2023-11-30 21:44:56,14.32,1511.1,84.0,0.28,-0.12,17.17
2023-11-30 21:54:56,14.32,1511.1,84.0,0.28,-0.12,17.16
2023-11-30 22:04:56,14.32,1511.1,84.0,0.28,-0.12,17.17
2023-11-30 22:14:56,14.32,1511.1,84.0,0.27,-0.12,17.19
2023-11-30 22:24:56,14.33,1511.1,84.0,0.27,-0.12,17.18
2023-11-30 22:34:56,14.32,1511.1,84.0,0.28,-0.12,17.18
2023-11-30 22:44:56,14.33,1511.1,84.0,0.27,-0.12,17.20
2023-11-30 22:54:56,14.33,1511.1,83.9,0.27,-0.12,17.22
2023-11-30 23:04:56,14.33,1511.1,83.9,0.28,-0.12,17.21
2023-11-30 23:14:56,14.33,1511.1,83.9,0.28,-0.12,17.22
2023-11-30 23:24:56,14.33,1511.2,83.9,0.27,-0.12,17.23
2023-11-30 23:34:56,14.33,1511.3,83.9,0.30,-0.10,17.24
2023-11-30 23:44:56,14.33,1511.3,83.9,0.27,-0.10,17.24
2023-11-30 23:54:56,14.34,1511.1,83.9,0.28,-0.11,17.21
2023-12-01 00:04:56,14.33,1511.1,83.9,0.28,-0.11,17.22
2023-12-01 00:14:56,14.34,1511.1,83.9,0.28,-0.10,17.21
2023-12-01 00:24:56,14.34,1511.1,83.9,0.27,-0.11,17.21
2023-12-01 00:34:56,14.34,1511.1,83.9,0.28,-0.11,17.19
2023-12-01 00:44:56,14.34,1511.1,83.9,0.28,-0.11,17.18
2023-12-01 00:54:56,14.34,1511.1,83.9,0.28,-0.10,17.18
2023-12-01 01:04:56,14.34,1511.1,83.9,0.28,-0.11,17.18
2023-12-01 01:14:56,14.34,1511.1,83.9,0.28,-0.11,17.17
2023-12-01 01:24:56,14.34,1511.1,83.8,0.28,-0.11,17.16
2023-12-01 01:34:56,14.34,1511.1,83.9,0.28,-0.11,17.16
2023-12-01 01:44:56,14.34,1511.1,83.9,0.27,-0.11,17.15
2023-12-01 01:54:56,14.34,1511.1,83.8,0.28,-0.11,17.15
2023-12-01 02:04:56,14.34,1511.1,83.8,0.28,-0.11,17.16
2023-12-01 02:14:56,14.34,1511.1,83.8,0.28,-0.11,17.16
2023-12-01 02:24:56,14.34,1511.1,83.8,0.28,-0.11,17.16
2023-12-01 02:34:56,14.34,1511.1,83.8,0.28,-0.11,17.16
2023-12-01 02:44:56,14.34,1511.1,83.8,0.28,-0.11,17.16
2023-12-01 02:54:56,14.34,1511.1,83.8,0.28,-0.11,17.16
2023-12-01 03:04:56,14.34,1511.1,83.9,0.28,-0.11,17.15
2023-12-01 03:14:56,14.34,1511.1,83.9,0.28,-0.12,17.14
2023-12-01 03:24:56,14.34,1511.1,83.8,0.28,-0.12,17.14
2023-12-01 03:34:56,14.34,1511.1,83.8,0.28,-0.11,17.13
2023-12-01 03:44:56,14.34,1511.1,83.8,0.28,-0.11,17.12
2023-12-01 03:54:56,14.34,1511.1,83.8,0.27,-0.11,17.11
2023-12-01 04:04:56,14.34,1511.1,83.8,0.28,-0.11,17.09
2023-12-01 04:14:56,14.34,1511.1,83.8,0.28,-0.10,17.06
2023-12-01 04:24:56,14.34,1511.1,83.8,0.28,-0.09,17.08
2023-12-01 04:34:56,14.34,1511.1,83.8,0.28,-0.07,17.08
2023-12-01 04:44:56,14.34,1511.1,83.8,0.28,-0.06,17.04
2023-12-01 04:54:56,14.34,1511.1,83.8,0.26,-0.08,17.03
2023-12-01 05:04:56,14.33,1511.1,83.9,0.26,-0.09,17.01
2023-12-01 05:14:56,14.34,1511.1,83.8,0.27,-0.10,17.00
2023-12-01 05:24:56,14.34,1511.1,83.8,0.27,-0.10,16.99
2023-12-01 05:34:56,14.34,1511.1,83.9,0.26,-0.10,17.03
2023-12-01 05:44:56,14.34,1511.1,83.8,0.27,-0.11,17.03
2023-12-01 05:54:56,14.34,1511.1,83.8,0.27,-0.09,17.02
2023-12-01 06:04:56,14.34,1511.1,83.8,0.26,-0.08,17.04
2023-12-01 06:14:56,14.33,1511.1,83.8,0.27,-0.08,17.02
2023-12-01 06:24:56,14.34,1511.1,83.8,0.27,-0.09,17.00
2023-12-01 06:34:56,14.33,1511.1,83.8,0.28,-0.10,17.00
2023-12-01 06:44:56,14.34,1511.1,83.8,0.26,-0.11,17.00
2023-12-01 06:54:56,14.33,1511.1,83.8,0.26,-0.12,16.99
2023-12-01 07:04:56,14.33,1511.1,83.8,0.26,-0.14,17.00
2023-12-01 07:14:56,14.33,1511.1,83.8,0.26,-0.14,17.01
2023-12-01 07:24:56,14.33,1511.1,83.8,0.26,-0.13,16.97
2023-12-01 07:34:56,14.33,1511.1,83.8,0.28,-0.12,16.94
2023-12-01 07:44:56,14.33,1511.1,83.9,0.27,-0.12,16.93
2023-12-01 07:54:56,14.33,1511.1,83.9,0.27,-0.11,16.93
2023-12-01 08:04:56,14.32,1511.1,83.9,0.27,-0.17,16.94
2023-12-01 08:14:56,14.32,1511.1,83.9,0.28,-0.17,16.96
2023-12-01 08:24:56,14.33,1511.1,83.9,0.27,-0.16,16.94
2023-12-01 08:34:56,14.32,1511.1,83.9,0.25,-0.15,16.92
2023-12-01 08:44:56,14.32,1511.1,83.9,0.24,-0.11,16.90
2023-12-01 08:54:56,14.32,1511.1,83.9,0.26,-0.14,16.87
2023-12-01 09:04:56,14.32,1511.1,83.9,0.28,-0.13,16.88
2023-12-01 09:14:56,14.32,1511.1,83.8,0.27,-0.11,16.88
2023-12-01 09:24:56,14.32,1511.1,83.8,0.26,-0.09,16.88
2023-12-01 09:34:56,14.31,1511.1,83.8,0.26,-0.13,16.86
2023-12-01 09:44:56,14.32,1511.1,83.9,0.26,-0.14,16.87
2023-12-01 09:54:56,14.32,1511.1,83.9,0.24,-0.14,16.86
2023-12-01 10:04:56,14.31,1511.1,83.9,0.24,-0.14,16.87
2023-12-01 10:14:56,14.31,1511.1,83.9,0.23,-0.12,16.88
2023-12-01 10:24:56,14.32,1511.1,83.8,0.23,-0.13,16.89
2023-12-01 10:34:56,14.31,1511.1,83.8,0.24,-0.12,16.89
2023-12-01 10:44:56,14.31,1511.1,83.8,0.23,-0.13,16.89
2023-12-01 10:54:56,14.31,1511.1,83.8,0.22,-0.13,16.88
2023-12-01 11:04:56,14.31,1511.1,83.8,0.21,-0.11,16.88
2023-12-01 11:14:56,14.31,1511.1,83.8,0.22,-0.12,16.88
2023-12-01 11:24:56,14.31,1511.1,83.7,0.21,-0.11,16.88
2023-12-01 11:34:56,14.31,1511.1,83.7,0.21,-0.13,16.86
2023-12-01 11:44:56,14.31,1511.1,83.8,0.21,-0.14,16.83
2023-12-01 11:54:56,14.31,1511.1,83.8,0.21,-0.11,16.82
2023-12-01 12:04:56,14.31,1511.1,83.8,0.20,-0.13,16.82
2023-12-01 12:14:56,14.31,1511.1,83.8,0.18,-0.13,16.84
2023-12-01 12:24:56,14.31,1511.1,83.8,0.20,-0.12,16.84
2023-12-01 12:34:56,14.31,1511.1,83.7,0.19,-0.12,16.87
2023-12-01 12:44:56,14.31,1511.1,83.7,0.19,-0.12,16.88
2023-12-01 12:54:56,14.31,1511.1,83.7,0.20,-0.12,16.89
2023-12-01 13:04:56,14.31,1511.1,83.7,0.19,-0.12,16.90
2023-12-01 13:14:56,14.31,1511.1,83.7,0.20,-0.13,16.90
2023-12-01 13:24:56,14.31,1511.1,83.7,0.20,-0.13,16.83
2023-12-01 13:34:56,14.31,1511.1,83.7,0.19,-0.13,16.81
2023-12-01 13:44:56,14.31,1511.1,83.7,0.19,-0.13,16.86
2023-12-01 13:54:56,14.31,1511.1,83.7,0.19,-0.13,16.87
2023-12-01 14:04:56,14.31,1511.1,83.7,0.18,-0.12,16.89
2023-12-01 14:14:56,14.31,1511.1,83.7,0.19,-0.12,16.89
2023-12-01 14:24:56,14.31,1511.1,83.7,0.18,-0.12,16.89
2023-12-01 14:34:56,14.31,1511.1,83.7,0.17,-0.11,16.92
2023-12-01 14:44:56,14.31,1511.1,83.7,0.18,-0.11,16.92
2023-12-01 14:54:56,14.31,1511.1,83.6,0.17,-0.12,16.92
2023-12-01 15:04:56,14.31,1511.1,83.6,0.17,-0.09,16.87
2023-12-01 15:14:56,14.31,1511.1,83.6,0.16,-0.11,16.87
2023-12-01 15:24:56,14.31,1511.1,83.6,0.17,-0.10,16.80
2023-12-01 15:34:56,14.31,1511.1,83.6,0.17,-0.11,16.77
2023-12-01 15:44:56,14.31,1511.1,83.6,0.16,-0.10,16.80
2023-12-01 15:54:56,14.31,1511.1,83.5,0.17,-0.10,16.84
2023-12-01 16:04:56,14.31,1511.1,83.5,0.16,-0.10,16.81
2023-12-01 16:14:56,14.31,1511.1,83.5,0.15,-0.09,16.85
2023-12-01 16:24:56,14.31,1511.1,83.5,0.16,-0.10,16.84
2023-12-01 16:34:56,14.31,1511.1,83.5,0.16,-0.11,16.79
2023-12-01 16:44:56,14.31,1511.1,83.5,0.15,-0.10,16.83
2023-12-01 16:54:56,14.31,1511.1,83.5,0.15,-0.10,16.88
2023-12-01 17:04:56,14.31,1511.1,83.5,0.15,-0.10,16.91
2023-12-01 17:14:56,14.31,1511.1,83.5,0.15,-0.10,16.94
2023-12-01 17:24:56,14.31,1511.1,83.5,0.14,-0.09,16.95
2023-12-01 17:34:56,14.31,1511.1,83.5,0.15,-0.10,16.91
2023-12-01 17:44:56,14.31,1511.1,83.4,0.16,-0.11,16.90
2023-12-01 17:54:56,14.31,1511.1,83.5,0.15,-0.10,16.87
2023-12-01 18:04:56,14.31,1511.1,83.5,0.16,-0.10,16.85
2023-12-01 18:14:56,14.31,1511.1,83.5,0.15,-0.10,16.85
2023-12-01 18:24:56,14.31,1511.1,83.5,0.14,-0.11,16.91
2023-12-01 18:34:56,14.31,1511.1,83.5,0.14,-0.11,16.95
2023-12-01 18:44:56,14.31,1511.1,83.5,0.14,-0.11,16.97
2023-12-01 18:54:56,14.31,1511.1,83.5,0.15,-0.09,16.97
2023-12-01 19:04:56,14.31,1511.1,83.5,0.15,-0.12,16.94
2023-12-01 19:14:56,14.31,1511.1,83.5,0.15,-0.12,16.95
2023-12-01 19:24:56,14.31,1511.1,83.5,0.15,-0.12,16.96
2023-12-01 19:34:56,14.32,1511.1,83.5,0.16,-0.12,16.98
2023-12-01 19:44:56,14.31,1511.1,83.5,0.15,-0.12,16.98
2023-12-01 19:54:56,14.31,1511.1,83.5,0.15,-0.11,16.99
2023-12-01 20:04:56,14.31,1511.1,83.5,0.16,-0.11,17.00
2023-12-01 20:14:56,14.32,1511.1,83.5,0.15,-0.11,17.01
2023-12-01 20:24:56,14.31,1511.1,83.5,0.16,-0.11,17.02
2023-12-01 20:34:56,14.32,1511.1,83.5,0.16,-0.11,17.03
2023-12-01 20:44:56,14.32,1511.1,83.5,0.15,-0.12,17.04
2023-12-01 20:54:56,14.32,1511.1,83.5,0.15,-0.10,17.05
2023-12-01 21:04:56,14.32,1511.1,83.5,0.16,-0.10,17.06
2023-12-01 21:14:56,14.32,1511.1,83.5,0.14,-0.11,17.08
2023-12-01 21:24:56,14.32,1511.1,83.5,0.16,-0.10,17.09
2023-12-01 21:34:56,14.32,1511.1,83.5,0.13,-0.09,17.11
2023-12-01 21:44:56,14.32,1511.1,83.5,0.14,-0.08,17.09
2023-12-01 21:54:56,14.32,1511.1,83.5,0.14,-0.09,17.10
2023-12-01 22:04:56,14.32,1511.1,83.5,0.15,-0.08,17.12
2023-12-01 22:14:56,14.33,1511.1,83.5,0.14,-0.08,17.14
2023-12-01 22:24:56,14.33,1511.1,83.5,0.14,-0.08,17.15
2023-12-01 22:34:56,14.33,1511.1,83.5,0.13,-0.07,17.19
2023-12-01 22:44:56,14.33,1511.1,83.5,0.13,-0.04,17.18
2023-12-01 22:54:56,14.33,1511.1,83.4,0.12,-0.04,17.16
2023-12-01 23:04:56,14.33,1511.1,83.4,0.13,-0.05,17.20
2023-12-01 23:14:56,14.34,1511.1,83.4,0.11,-0.05,17.22
2023-12-01 23:24:56,14.34,1511.1,83.4,0.12,-0.06,17.23
2023-12-01 23:34:56,14.34,1511.1,83.4,0.12,-0.07,17.22
2023-12-01 23:44:56,14.34,1511.1,83.4,0.13,-0.05,17.23
2023-12-01 23:54:56,14.34,1511.1,83.3,0.12,-0.04,17.22
2023-12-02 00:04:56,14.34,1511.1,83.3,0.12,-0.04,17.23
2023-12-02 00:14:56,14.34,1511.1,83.3,0.12,-0.05,17.22
2023-12-02 00:24:56,14.34,1511.1,83.3,0.12,-0.05,17.22
2023-12-02 00:34:56,14.34,1511.5,83.3,0.12,-0.06,17.24
2023-12-02 00:44:56,14.35,1511.1,83.4,0.12,-0.06,17.21
2023-12-02 00:54:56,14.35,1511.1,83.3,0.12,-0.07,17.21
2023-12-02 01:04:56,14.34,1511.1,83.3,0.12,-0.06,17.21
2023-12-02 01:14:56,14.35,1511.1,83.3,0.12,-0.07,17.20
2023-12-02 01:24:56,14.35,1511.1,83.3,0.13,-0.08,17.20
2023-12-02 01:34:56,14.35,1511.1,83.3,0.10,-0.08,17.20
2023-12-02 01:44:56,14.35,1511.1,83.3,0.11,-0.08,17.20
2023-12-02 01:54:56,14.35,1511.1,83.3,0.11,-0.08,17.20
2023-12-02 02:04:56,14.35,1511.1,83.3,0.11,-0.08,17.19
2023-12-02 02:14:56,14.35,1511.1,83.3,0.11,-0.08,17.19
2023-12-02 02:24:56,14.35,1511.1,83.3,0.12,-0.08,17.18
2023-12-02 02:34:56,14.35,1511.1,83.3,0.12,-0.08,17.15
2023-12-02 02:44:56,14.35,1511.1,83.3,0.10,-0.07,17.15
2023-12-02 02:54:56,14.35,1511.1,83.3,0.11,-0.08,17.19
2023-12-02 03:04:56,14.35,1511.1,83.3,0.11,-0.08,17.19
2023-12-02 03:14:56,14.35,1511.1,83.3,0.12,-0.09,17.19
2023-12-02 03:24:56,14.35,1511.1,83.3,0.11,-0.09,17.19
2023-12-02 03:34:56,14.35,1511.1,83.3,0.11,-0.09,17.19
2023-12-02 03:44:56,14.35,1511.1,83.3,0.10,-0.09,17.19
2023-12-02 03:54:56,14.35,1511.1,83.2,0.11,-0.09,17.20
2023-12-02 04:04:56,14.35,1511.1,83.2,0.11,-0.08,17.20
2023-12-02 04:14:56,14.35,1511.1,83.2,0.11,-0.09,17.20
2023-12-02 04:24:56,14.35,1511.1,83.2,0.11,-0.10,17.20
2023-12-02 04:34:56,14.35,1511.1,83.2,0.10,-0.09,17.20
2023-12-02 04:44:56,14.35,1511.1,83.3,0.09,-0.09,17.17
2023-12-02 04:54:56,14.35,1511.1,83.2,0.09,-0.09,17.14
2023-12-02 05:04:56,14.35,1511.1,83.2,0.10,-0.09,17.11
2023-12-02 05:14:56,14.35,1511.1,83.3,0.09,-0.09,17.09
2023-12-02 05:24:56,14.35,1511.1,83.2,0.08,-0.08,17.08
2023-12-02 05:34:56,14.35,1511.1,83.2,0.09,-0.09,17.08
2023-12-02 05:44:56,14.35,1511.1,83.2,0.09,-0.10,17.07
2023-12-02 05:54:56,14.35,1511.1,83.2,0.09,-0.10,17.07
2023-12-02 06:04:56,14.35,1511.1,83.2,0.09,-0.11,17.04
2023-12-02 06:14:56,14.35,1511.1,83.2,0.08,-0.11,17.05
2023-12-02 06:24:56,14.35,1511.1,83.2,0.08,-0.09,17.04
2023-12-02 06:34:56,14.35,1511.1,83.2,0.08,-0.10,17.05
2023-12-02 06:44:56,14.35,1511.1,83.2,0.09,-0.10,17.00
2023-12-02 06:54:56,14.35,1511.1,83.2,0.09,-0.11,16.99
2023-12-02 07:04:56,14.35,1511.1,83.2,0.08,-0.10,17.00
2023-12-02 07:14:56,14.35,1511.1,83.2,0.09,-0.12,17.01
2023-12-02 07:24:56,14.35,1511.1,83.2,0.08,-0.11,17.00
2023-12-02 07:34:56,14.35,1511.1,83.2,0.08,-0.11,16.98
2023-12-02 07:44:56,14.35,1511.1,83.2,0.09,-0.11,16.98
2023-12-02 07:54:56,14.35,1511.1,83.2,0.09,-0.12,16.97
2023-12-02 08:04:56,14.34,1511.1,83.2,0.11,-0.16,16.88
2023-12-02 08:14:56,14.34,1510.7,83.2,0.08,-0.11,16.77
2023-12-02 08:24:56,14.34,1511.1,83.2,0.08,-0.11,16.86
2023-12-02 08:34:56,14.34,1511.1,83.2,0.10,-0.14,16.86
2023-12-02 08:44:56,14.34,1511.1,83.2,0.08,-0.13,16.82
2023-12-02 08:54:56,14.34,1509.7,83.2,0.09,-0.12,16.72
2023-12-02 09:04:56,14.34,1509.6,83.2,0.10,-0.14,16.72
2023-12-02 09:14:56,14.34,1511.1,83.2,0.08,-0.13,16.80
2023-12-02 09:24:56,14.33,1511.1,83.2,0.09,-0.13,16.84
2023-12-02 09:34:56,14.33,1511.1,83.2,0.09,-0.12,16.89
2023-12-02 09:44:56,14.33,1511.1,83.2,0.09,-0.13,16.88
2023-12-02 09:54:56,14.33,1511.1,83.2,0.09,-0.11,16.88
2023-12-02 10:04:56,14.33,1511.1,83.2,0.10,-0.10,16.86
2023-12-02 10:14:56,14.33,1510.1,83.1,0.15,-0.08,16.76
2023-12-02 10:24:56,14.33,1509.6,83.1,0.07,-0.01,16.70
2023-12-02 10:34:56,14.32,1509.6,83.1,0.07,-0.04,16.71
2023-12-02 10:44:56,14.33,1510.7,83.1,0.08,-0.09,16.75
2023-12-02 10:54:56,14.32,1511.1,83.1,0.08,-0.08,16.78
2023-12-02 11:04:56,14.32,1511.1,83.1,0.09,-0.10,16.79
2023-12-02 11:14:56,14.32,1511.1,83.1,0.08,-0.10,16.79
2023-12-02 11:24:56,14.32,1511.1,83.1,0.08,-0.09,16.80
2023-12-02 11:34:56,14.32,1511.1,83.1,0.09,-0.10,16.79
2023-12-02 11:44:56,14.32,1509.8,83.1,0.08,-0.10,16.70
2023-12-02 11:54:56,14.32,1509.6,83.1,0.09,-0.09,16.71
2023-12-02 12:04:56,14.32,1509.6,83.1,0.08,-0.10,16.72
2023-12-02 12:14:56,14.31,1509.6,83.1,0.09,-0.10,16.73
2023-12-02 12:24:56,14.31,1510.7,83.1,0.08,-0.08,16.75
2023-12-02 12:34:56,14.32,1510.1,83.1,0.09,-0.11,16.72
2023-12-02 12:44:56,14.31,1509.6,83.1,0.08,-0.10,16.62
2023-12-02 12:54:56,14.31,1509.6,83.1,0.08,-0.09,16.58
2023-12-02 13:04:56,14.31,1509.6,83.1,0.08,-0.10,16.58
2023-12-02 13:14:56,14.31,1509.6,83.1,0.08,-0.10,16.62
2023-12-02 13:24:56,14.31,1509.6,83.1,0.08,-0.08,16.62
2023-12-02 13:34:56,14.31,1509.6,83.1,0.08,-0.10,16.64
2023-12-02 13:44:56,14.31,1509.6,83.1,0.08,-0.10,16.64
2023-12-02 13:54:56,14.31,1509.6,83.1,0.07,-0.08,16.67
2023-12-02 14:04:56,14.31,1509.6,83.1,0.08,-0.09,16.67
2023-12-02 14:14:56,14.31,1509.6,83.1,0.07,-0.08,16.65
2023-12-02 14:24:56,14.31,1509.6,83.1,0.08,-0.10,16.62
2023-12-02 14:34:56,14.31,1509.6,83.1,0.08,-0.09,16.52
2023-12-02 14:44:56,14.31,1509.6,83.1,0.08,-0.09,16.48
2023-12-02 14:54:56,14.31,1509.6,83.0,0.08,-0.09,16.50
2023-12-02 15:04:56,14.31,1509.6,83.0,0.08,-0.09,16.50
2023-12-02 15:14:56,14.31,1509.6,83.0,0.08,-0.09,16.50
2023-12-02 15:24:56,14.31,1509.6,83.0,0.07,-0.08,16.51
2023-12-02 15:34:56,14.30,1509.6,83.0,0.08,-0.08,16.56
2023-12-02 15:44:56,14.30,1509.6,83.0,0.08,-0.08,16.53
2023-12-02 15:54:56,14.30,1509.6,83.0,0.07,-0.09,16.52
2023-12-02 16:04:56,14.30,1509.6,83.0,0.07,-0.08,16.56
2023-12-02 16:14:56,14.30,1509.6,83.0,0.08,-0.08,16.53
2023-12-02 16:24:56,14.30,1509.6,83.0,0.08,-0.08,16.51
2023-12-02 16:34:56,14.30,1509.6,83.0,0.08,-0.08,16.54
2023-12-02 16:44:56,14.30,1509.6,83.0,0.09,-0.08,16.58
2023-12-02 16:54:56,14.30,1509.6,83.0,0.09,-0.08,16.51
2023-12-02 17:04:56,14.30,1509.6,83.0,0.08,-0.08,16.51
2023-12-02 17:14:56,14.30,1509.6,83.0,0.09,-0.07,16.52
2023-12-02 17:24:56,14.30,1509.6,83.0,0.08,-0.08,16.52
2023-12-02 17:34:56,14.30,1509.6,83.0,0.09,-0.08,16.56
2023-12-02 17:44:56,14.30,1509.6,83.0,0.09,-0.08,16.53
2023-12-02 17:54:56,14.30,1509.6,83.0,0.08,-0.08,16.62
2023-12-02 18:04:56,14.30,1509.6,83.0,0.08,-0.08,16.65
2023-12-02 18:14:56,14.30,1509.6,83.0,0.09,-0.08,16.66
2023-12-02 18:24:56,14.30,1509.6,83.0,0.09,-0.08,16.65
2023-12-02 18:34:56,14.30,1509.6,83.0,0.09,-0.08,16.65
2023-12-02 18:44:56,14.30,1509.6,83.0,0.09,-0.09,16.68
2023-12-02 18:54:56,14.30,1509.6,83.0,0.09,-0.08,16.70
2023-12-02 19:04:56,14.30,1509.6,83.0,0.09,-0.08,16.73
2023-12-02 19:14:56,14.30,1509.7,83.1,0.09,-0.09,16.74
2023-12-02 19:24:56,14.30,1511.1,83.1,0.08,-0.09,16.76
2023-12-02 19:34:56,14.30,1511.0,83.1,0.09,-0.09,16.75
2023-12-02 19:44:56,14.30,1510.8,83.1,0.09,-0.09,16.75
2023-12-02 19:54:56,14.31,1511.1,83.1,0.09,-0.10,16.82
2023-12-02 20:04:56,14.31,1511.1,83.1,0.09,-0.10,16.91
2023-12-02 20:14:56,14.30,1511.1,83.1,0.10,-0.09,16.92
2023-12-02 20:24:56,14.31,1511.1,83.1,0.08,-0.09,16.92
2023-12-02 20:34:56,14.31,1511.1,83.1,0.09,-0.09,16.92
2023-12-02 20:44:56,14.31,1511.1,83.1,0.09,-0.09,16.93
2023-12-02 20:54:56,14.31,1511.1,83.1,0.09,-0.10,16.96
2023-12-02 21:04:56,14.31,1511.1,83.1,0.09,-0.09,16.98
2023-12-02 21:14:56,14.31,1511.1,83.1,0.09,-0.09,17.01
2023-12-02 21:24:56,14.31,1511.1,83.1,0.09,-0.09,17.03
2023-12-02 21:34:56,14.31,1511.1,83.1,0.09,-0.09,17.01
2023-12-02 21:44:56,14.32,1511.1,83.1,0.10,-0.09,17.06
2023-12-02 21:54:56,14.32,1511.1,83.1,0.10,-0.09,17.19
2023-12-02 22:04:56,14.32,1511.1,83.1,0.10,-0.10,17.23
2023-12-02 22:14:56,14.33,1511.8,83.1,0.10,-0.10,17.24
2023-12-02 22:24:56,14.33,1511.2,83.1,0.10,-0.10,17.24
2023-12-02 22:34:56,14.34,1511.2,83.1,0.10,-0.09,17.24
2023-12-02 22:44:56,14.33,1512.6,83.1,0.09,-0.08,17.27
2023-12-02 22:54:56,14.34,1511.4,83.1,0.10,-0.08,17.24
2023-12-02 23:04:56,14.34,1512.2,83.1,0.09,-0.08,17.25
2023-12-02 23:14:56,14.34,1512.6,83.1,0.09,-0.08,17.26
2023-12-02 23:24:56,14.35,1512.6,83.1,0.09,-0.07,17.26
2023-12-02 23:34:56,14.35,1512.6,83.1,0.10,-0.07,17.30
2023-12-02 23:44:56,14.35,1512.6,83.1,0.09,-0.08,17.32
2023-12-02 23:54:56,14.35,1512.6,83.1,0.10,-0.08,17.33
2023-12-03 00:04:56,14.35,1512.6,83.1,0.09,-0.08,17.32
2023-12-03 00:14:56,14.35,1512.6,83.1,0.09,-0.08,17.31
2023-12-03 00:24:56,14.35,1512.6,83.1,0.09,-0.07,17.29
2023-12-03 00:34:56,14.35,1512.6,83.1,0.09,-0.06,17.28
2023-12-03 00:44:56,14.35,1512.6,83.1,0.08,-0.06,17.29
2023-12-03 00:54:56,14.35,1512.6,83.1,0.08,-0.07,17.30
2023-12-03 01:04:56,14.35,1512.6,83.1,0.08,-0.07,17.30
2023-12-03 01:14:56,14.36,1512.6,83.1,0.08,-0.08,17.30
2023-12-03 01:24:56,14.36,1512.6,83.1,0.08,-0.08,17.29
2023-12-03 01:34:56,14.36,1512.6,83.1,0.08,-0.08,17.27
2023-12-03 01:44:56,14.36,1512.6,83.1,0.06,-0.08,17.27
2023-12-03 01:54:56,14.36,1512.6,83.1,0.07,-0.08,17.27
2023-12-03 02:04:56,14.36,1512.6,83.1,0.08,-0.08,17.27
2023-12-03 02:14:56,14.36,1512.6,83.1,0.07,-0.08,17.27
2023-12-03 02:24:56,14.36,1512.6,83.1,0.08,-0.08,17.26
2023-12-03 02:34:56,14.36,1512.6,83.1,0.07,-0.08,17.26
2023-12-03 02:44:56,14.36,1512.5,83.1,0.07,-0.07,17.25
2023-12-03 02:54:56,14.36,1512.2,83.1,0.07,-0.07,17.25
2023-12-03 03:04:56,14.36,1511.1,83.1,0.07,-0.07,17.24
2023-12-03 03:14:56,14.36,1511.1,83.1,0.07,-0.08,17.23
2023-12-03 03:24:56,14.36,1511.1,83.1,0.07,-0.08,17.22
2023-12-03 03:34:56,14.36,1511.1,83.1,0.07,-0.07,17.21
2023-12-03 03:44:56,14.36,1511.1,83.1,0.07,-0.08,17.21
2023-12-03 03:54:56,14.36,1511.1,83.1,0.06,-0.07,17.21
2023-12-03 04:04:56,14.36,1511.1,83.1,0.06,-0.08,17.21
2023-12-03 04:14:56,14.36,1511.1,83.1,0.06,-0.08,17.21
2023-12-03 04:24:56,14.36,1511.1,83.1,0.06,-0.08,17.20
2023-12-03 04:34:56,14.36,1511.1,83.1,0.06,-0.07,17.20
2023-12-03 04:44:56,14.36,1511.1,83.1,0.06,-0.08,17.20
2023-12-03 04:54:56,14.36,1511.1,83.1,0.06,-0.08,17.20
2023-12-03 05:04:56,14.36,1511.1,83.1,0.06,-0.08,17.19
2023-12-03 05:14:56,14.36,1511.1,83.1,0.06,-0.08,17.18
2023-12-03 05:24:56,14.36,1511.1,83.1,0.05,-0.08,17.18
2023-12-03 05:34:56,14.36,1511.1,83.1,0.06,-0.08,17.17
2023-12-03 05:44:56,14.36,1511.1,83.1,0.05,-0.08,17.16
2023-12-03 05:54:56,14.36,1511.1,83.1,0.06,-0.07,17.14
2023-12-03 06:04:56,14.36,1511.1,83.1,0.07,-0.08,17.12
2023-12-03 06:14:56,14.36,1511.1,83.1,0.06,-0.06,16.91
2023-12-03 06:24:56,14.36,1511.1,83.1,0.04,-0.07,16.93
2023-12-03 06:34:56,14.36,1511.1,83.1,0.05,-0.07,17.04
2023-12-03 06:44:56,14.36,1511.1,83.1,0.05,-0.08,17.06
2023-12-03 06:54:56,14.36,1511.1,83.1,0.05,-0.08,17.06
2023-12-03 07:04:56,14.36,1511.1,83.1,0.06,-0.08,17.07
2023-12-03 07:14:56,14.36,1511.1,83.0,0.08,-0.07,16.95
2023-12-03 07:24:56,14.36,1511.1,83.0,0.07,-0.05,16.91
2023-12-03 07:34:56,14.36,1511.1,83.1,0.05,-0.05,16.95
2023-12-03 07:44:56,14.36,1511.1,83.1,0.05,-0.07,16.92
2023-12-03 07:54:56,14.36,1511.1,83.0,0.06,-0.08,16.93
2023-12-03 08:04:56,14.35,1511.1,83.0,0.06,-0.08,16.95
2023-12-03 08:14:56,14.36,1511.1,83.1,0.06,-0.08,16.95
2023-12-03 08:24:56,14.35,1511.1,83.1,0.06,-0.09,16.95
2023-12-03 08:34:56,14.35,1511.1,83.1,0.05,-0.09,16.93
2023-12-03 08:44:56,14.35,1511.1,83.1,0.06,-0.10,16.91
2023-12-03 08:54:56,14.35,1511.1,83.1,0.06,-0.10,16.91
2023-12-03 09:04:56,14.35,1511.1,83.1,0.06,-0.10,16.91
2023-12-03 09:14:56,14.35,1511.1,83.1,0.05,-0.10,16.90
2023-12-03 09:24:56,14.36,1511.1,83.1,0.06,-0.10,16.93
2023-12-03 09:34:56,14.35,1511.1,83.1,0.06,-0.10,16.93
2023-12-03 09:44:56,14.35,1511.1,83.1,0.07,-0.10,16.94
2023-12-03 09:54:56,14.35,1511.1,83.1,0.07,-0.10,16.94
2023-12-03 10:04:56,14.34,1511.1,83.1,0.06,-0.10,16.95
2023-12-03 10:14:56,14.35,1511.1,83.1,0.06,-0.10,16.93
2023-12-03 10:24:56,14.35,1511.1,83.1,0.06,-0.10,16.88
2023-12-03 10:34:56,14.34,1511.1,83.1,0.06,-0.10,16.84
2023-12-03 10:44:56,14.35,1511.1,83.1,0.06,-0.10,16.82
2023-12-03 10:54:56,14.35,1511.1,83.1,0.06,-0.10,16.80
2023-12-03 11:04:56,14.34,1511.1,83.1,0.06,-0.10,16.78
2023-12-03 11:14:56,14.34,1511.1,83.1,0.06,-0.09,16.77
2023-12-03 11:24:56,14.34,1511.1,83.1,0.06,-0.10,16.76
2023-12-03 11:34:56,14.34,1510.4,83.1,0.06,-0.10,16.73
2023-12-03 11:44:56,14.34,1509.6,83.1,0.06,-0.10,16.63
2023-12-03 11:54:56,14.34,1509.6,83.1,0.06,-0.09,16.65
2023-12-03 12:04:56,14.33,1509.6,83.1,0.06,-0.10,16.68
2023-12-03 12:14:56,14.34,1509.6,83.1,0.06,-0.09,16.70
2023-12-03 12:24:56,14.34,1509.6,83.1,0.06,-0.09,16.71
2023-12-03 12:34:56,14.33,1509.6,83.1,0.06,-0.09,16.71
2023-12-03 12:44:56,14.34,1509.6,83.1,0.06,-0.09,16.71
2023-12-03 12:54:56,14.33,1509.6,83.1,0.06,-0.09,16.71
2023-12-03 13:04:56,14.33,1509.6,83.1,0.06,-0.09,16.70
2023-12-03 13:14:56,14.33,1509.6,83.1,0.06,-0.09,16.65
2023-12-03 13:24:56,14.33,1509.6,83.1,0.06,-0.09,16.54
2023-12-03 13:34:56,14.33,1509.6,83.1,0.06,-0.10,16.49
2023-12-03 13:44:56,14.33,1509.6,83.1,0.06,-0.09,16.47
2023-12-03 13:54:56,14.32,1509.6,83.1,0.05,-0.09,16.48
2023-12-03 14:04:56,14.32,1509.6,83.1,0.05,-0.09,16.53
2023-12-03 14:14:56,14.32,1509.6,83.1,0.05,-0.09,16.60
2023-12-03 14:24:56,14.32,1509.6,83.1,0.05,-0.09,16.60
2023-12-03 14:34:56,14.32,1509.6,83.1,0.05,-0.09,16.64
2023-12-03 14:44:56,14.32,1509.6,83.1,0.06,-0.08,16.58
2023-12-03 14:54:56,14.32,1509.6,83.1,0.06,-0.09,16.47
2023-12-03 15:04:56,14.31,1509.6,83.1,0.06,-0.08,16.38
2023-12-03 15:14:56,14.31,1509.6,83.1,0.06,-0.09,16.32
2023-12-03 15:24:56,14.31,1509.6,83.0,0.05,-0.09,16.30
2023-12-03 15:34:56,14.31,1509.6,83.0,0.04,-0.09,16.31
2023-12-03 15:44:56,14.31,1509.6,83.0,0.04,-0.09,16.31
2023-12-03 15:54:56,14.31,1509.6,83.0,0.05,-0.09,16.31
2023-12-03 16:04:56,14.31,1509.6,83.0,0.05,-0.08,16.29
2023-12-03 16:14:56,14.30,1509.6,83.0,0.04,-0.08,16.35
2023-12-03 16:24:56,14.30,1509.6,83.0,0.04,-0.08,16.38
2023-12-03 16:34:56,14.31,1509.6,83.0,0.05,-0.09,16.39
2023-12-03 16:44:56,14.30,1509.6,83.0,0.05,-0.08,16.44
2023-12-03 16:54:56,14.30,1509.6,83.0,0.05,-0.09,16.46
2023-12-03 17:04:56,14.30,1509.6,83.0,0.05,-0.08,16.47
2023-12-03 17:14:56,14.30,1509.6,83.0,0.05,-0.09,16.45
2023-12-03 17:24:56,14.30,1509.6,83.0,0.05,-0.08,16.45
2023-12-03 17:34:56,14.30,1509.6,83.0,0.05,-0.08,16.49
2023-12-03 17:44:56,14.30,1509.6,83.0,0.05,-0.08,16.54
2023-12-03 17:54:56,14.30,1509.6,83.0,0.06,-0.08,16.55
2023-12-03 18:04:56,14.31,1509.6,83.0,0.06,-0.08,16.54
2023-12-03 18:14:56,14.30,1509.6,83.0,0.06,-0.08,16.56
2023-12-03 18:24:56,14.30,1509.6,83.0,0.06,-0.08,16.54
2023-12-03 18:34:56,14.31,1509.6,83.0,0.06,-0.08,16.54
2023-12-03 18:44:56,14.30,1509.6,83.0,0.05,-0.09,16.59
2023-12-03 18:54:56,14.30,1509.6,83.0,0.06,-0.07,16.62
2023-12-03 19:04:56,14.30,1509.6,83.0,0.06,-0.08,16.63
2023-12-03 19:14:56,14.31,1509.6,83.1,0.05,-0.08,16.65
2023-12-03 19:24:56,14.30,1509.6,83.1,0.05,-0.08,16.64
2023-12-03 19:34:56,14.31,1509.6,83.1,0.06,-0.07,16.69
2023-12-03 19:44:56,14.31,1509.6,83.1,0.06,-0.07,16.72
2023-12-03 19:54:56,14.31,1509.6,83.1,0.06,-0.07,16.73
2023-12-03 20:04:56,14.31,1511.1,83.1,0.06,-0.08,16.77
2023-12-03 20:14:56,14.31,1511.1,83.1,0.06,-0.08,16.82
2023-12-03 20:24:56,14.31,1511.1,83.1,0.06,-0.08,16.85
2023-12-03 20:34:56,14.31,1511.1,83.1,0.06,-0.08,16.86
2023-12-03 20:44:56,14.31,1511.1,83.1,0.07,-0.08,16.85
2023-12-03 20:54:56,14.31,1511.1,83.1,0.06,-0.08,16.88
2023-12-03 21:04:56,14.31,1511.1,83.1,0.06,-0.08,16.95
2023-12-03 21:14:56,14.32,1511.1,83.1,0.06,-0.08,16.98
2023-12-03 21:24:56,14.32,1511.1,83.2,0.06,-0.07,17.01
2023-12-03 21:34:56,14.33,1511.1,83.2,0.06,-0.08,17.02
2023-12-03 21:44:56,14.32,1511.1,83.2,0.07,-0.08,17.04
2023-12-03 21:54:56,14.33,1511.1,83.1,0.07,-0.08,17.08
2023-12-03 22:04:56,14.33,1511.1,83.1,0.06,-0.07,17.10
2023-12-03 22:14:56,14.33,1511.1,83.1,0.06,-0.07,17.13
2023-12-03 22:24:56,14.34,1511.1,83.1,0.06,-0.08,17.15
2023-12-03 22:34:56,14.34,1511.1,83.1,0.06,-0.07,17.14
2023-12-03 22:44:56,14.34,1511.1,83.1,0.07,-0.08,17.13
2023-12-03 22:54:56,14.34,1511.1,83.1,0.06,-0.08,17.13
2023-12-03 23:04:56,14.35,1511.1,83.1,0.06,-0.08,17.13
2023-12-03 23:14:56,14.34,1511.1,83.1,0.06,-0.07,17.13
2023-12-03 23:24:56,14.35,1511.1,83.1,0.07,-0.08,17.13
2023-12-03 23:34:56,14.35,1511.1,83.1,0.07,-0.08,17.13
2023-12-03 23:44:56,14.35,1511.1,83.1,0.06,-0.08,17.13
2023-12-03 23:54:56,14.35,1511.1,83.1,0.06,-0.08,17.13
2023-12-04 00:04:56,14.35,1511.1,83.1,0.06,-0.08,17.13
2023-12-04 00:14:56,14.35,1511.1,83.1,0.06,-0.08,17.13
2023-12-04 00:24:56,14.35,1511.1,83.1,0.06,-0.08,17.13
2023-12-04 00:34:56,14.36,1511.1,83.1,0.06,-0.08,17.14
2023-12-04 00:44:56,14.35,1511.1,83.1,0.06,-0.08,17.13
2023-12-04 00:54:56,14.36,1511.1,83.1,0.06,-0.07,17.13
2023-12-04 01:04:56,14.35,1511.1,83.1,0.06,-0.07,17.13
2023-12-04 01:14:56,14.36,1511.1,83.1,0.05,-0.07,17.13
2023-12-04 01:24:56,14.36,1511.1,83.1,0.06,-0.07,17.13
2023-12-04 01:34:56,14.35,1511.1,83.1,0.06,-0.07,17.12
2023-12-04 01:44:56,14.36,1511.1,83.1,0.06,-0.08,17.12
2023-12-04 01:54:56,14.35,1511.1,83.1,0.05,-0.07,17.12
2023-12-04 02:04:56,14.36,1511.1,83.1,0.05,-0.08,17.12
2023-12-04 02:14:56,14.35,1511.1,83.1,0.06,-0.07,17.11
2023-12-04 02:24:56,14.36,1511.1,83.1,0.06,-0.08,17.11
2023-12-04 02:34:56,14.36,1511.1,83.1,0.05,-0.08,17.11
2023-12-04 02:44:56,14.36,1511.1,83.1,0.05,-0.07,17.11
2023-12-04 02:54:56,14.36,1511.1,83.1,0.05,-0.07,17.10
2023-12-04 03:04:56,14.36,1511.1,83.0,0.05,-0.07,17.08
2023-12-04 03:14:56,14.36,1511.1,83.0,0.05,-0.07,17.08
2023-12-04 03:24:56,14.36,1511.1,83.1,0.05,-0.07,17.09
2023-12-04 03:34:56,14.36,1511.1,83.1,0.05,-0.07,17.10
2023-12-04 03:44:56,14.36,1511.1,83.1,0.04,-0.07,17.10
2023-12-04 03:54:56,14.36,1511.1,83.1,0.04,-0.07,17.10
2023-12-04 04:04:56,14.36,1511.1,83.0,0.05,-0.07,17.10
2023-12-04 04:14:56,14.36,1511.1,83.0,0.04,-0.07,17.10
2023-12-04 04:24:56,14.36,1511.1,83.0,0.04,-0.07,17.10
2023-12-04 04:34:56,14.36,1511.1,83.0,0.05,-0.07,17.08
2023-12-04 04:44:56,14.36,1511.1,83.0,0.04,-0.07,17.06
2023-12-04 04:54:56,14.36,1511.1,83.0,0.04,-0.07,17.07
2023-12-04 05:04:56,14.36,1511.1,83.0,0.05,-0.07,17.05
2023-12-04 05:14:56,14.36,1511.1,83.0,0.05,-0.07,17.04
2023-12-04 05:24:56,14.36,1511.1,83.0,0.05,-0.07,17.02
2023-12-04 05:34:56,14.36,1511.1,83.0,0.05,-0.07,17.01
2023-12-04 05:44:56,14.36,1511.1,83.0,0.05,-0.07,17.00
2023-12-04 05:54:56,14.36,1511.1,83.0,0.05,-0.07,16.99
2023-12-04 06:04:56,14.36,1511.1,83.0,0.05,-0.08,16.97
2023-12-04 06:14:56,14.36,1511.1,83.0,0.05,-0.06,16.96
2023-12-04 06:24:56,14.36,1511.1,83.0,0.05,-0.07,16.94
2023-12-04 06:34:56,14.35,1511.0,83.0,0.05,-0.07,16.81
2023-12-04 06:44:56,14.35,1511.1,83.0,0.04,-0.06,16.82
2023-12-04 06:54:56,14.36,1511.1,83.0,0.04,-0.08,16.85
2023-12-04 07:04:56,14.35,1511.1,83.1,0.04,-0.07,16.85
2023-12-04 07:14:56,14.35,1511.1,83.0,0.04,-0.07,16.85
2023-12-04 07:24:56,14.36,1511.1,83.0,0.05,-0.07,16.85
2023-12-04 07:34:56,14.35,1511.1,83.0,0.05,-0.08,16.84
2023-12-04 07:44:56,14.35,1511.1,83.0,0.04,-0.08,16.83
2023-12-04 07:54:56,14.35,1511.1,83.0,0.05,-0.08,16.82
2023-12-04 08:04:56,14.36,1511.1,83.1,0.05,-0.07,16.82
2023-12-04 08:14:56,14.35,1511.1,83.1,0.05,-0.08,16.83
2023-12-04 08:24:56,14.35,1511.1,83.1,0.05,-0.08,16.83
2023-12-04 08:34:56,14.35,1511.1,83.1,0.05,-0.08,16.82
2023-12-04 08:44:56,14.35,1511.1,83.1,0.05,-0.08,16.81
2023-12-04 08:54:56,14.35,1511.1,83.1,0.05,-0.08,16.80
2023-12-04 09:04:56,14.35,1511.1,83.1,0.05,-0.10,16.77
2023-12-04 09:14:56,14.35,1511.1,83.1,0.05,-0.09,16.77
2023-12-04 09:24:56,14.35,1511.1,83.1,0.05,-0.09,16.76
2023-12-04 09:34:56,14.35,1511.0,83.1,0.05,-0.09,16.75
2023-12-04 09:44:56,14.35,1510.5,83.1,0.05,-0.09,16.75
2023-12-04 09:54:56,14.34,1509.6,83.1,0.05,-0.09,16.73
2023-12-04 10:04:56,14.34,1509.6,83.1,0.05,-0.09,16.72
2023-12-04 10:14:56,14.35,1509.6,83.1,0.05,-0.10,16.70
2023-12-04 10:24:56,14.35,1509.6,83.1,0.04,-0.09,16.70
2023-12-04 10:34:56,14.34,1509.6,83.1,0.05,-0.10,16.67
2023-12-04 10:44:56,14.34,1509.6,83.1,0.05,-0.10,16.63
2023-12-04 10:54:56,14.34,1509.6,83.1,0.05,-0.10,16.63
2023-12-04 11:04:56,14.34,1509.6,83.1,0.06,-0.11,16.62
2023-12-04 11:14:56,14.34,1509.6,83.1,0.06,-0.11,16.51
2023-12-04 11:24:56,14.34,1509.6,83.1,0.05,-0.12,16.45
2023-12-04 11:34:56,14.34,1509.6,83.1,0.05,-0.11,16.54
2023-12-04 11:44:56,14.34,1509.6,83.1,0.05,-0.10,16.56
2023-12-04 11:54:56,14.34,1509.6,83.1,0.04,-0.10,16.59
2023-12-04 12:04:56,14.34,1509.6,83.1,0.05,-0.09,16.60
2023-12-04 12:14:56,14.33,1509.6,83.1,0.05,-0.10,16.59
2023-12-04 12:24:56,14.33,1509.6,83.1,0.06,-0.10,16.58
2023-12-04 12:34:56,14.33,1509.6,83.1,0.05,-0.10,16.56
2023-12-04 12:44:56,14.33,1509.6,83.1,0.05,-0.10,16.54
2023-12-04 12:54:56,14.33,1509.6,83.1,0.05,-0.10,16.53
2023-12-04 13:04:56,14.33,1509.6,83.1,0.05,-0.10,16.52
2023-12-04 13:14:56,14.33,1509.6,83.1,0.05,-0.10,16.54
2023-12-04 13:24:56,14.33,1509.6,83.1,0.05,-0.09,16.56
2023-12-04 13:34:56,14.33,1509.6,83.1,0.05,-0.09,16.56
2023-12-04 13:44:56,14.33,1509.6,83.1,0.05,-0.09,16.56
2023-12-04 13:54:56,14.33,1509.6,83.1,0.05,-0.10,16.53
2023-12-04 14:04:56,14.32,1509.6,83.1,0.05,-0.11,16.46
2023-12-04 14:14:56,14.32,1509.6,83.1,0.04,-0.10,16.46
2023-12-04 14:24:56,14.32,1509.6,83.1,0.04,-0.09,16.49
2023-12-04 14:34:56,14.32,1509.6,83.1,0.04,-0.08,16.49
2023-12-04 14:44:56,14.32,1509.6,83.0,0.04,-0.09,16.47
2023-12-04 14:54:56,14.32,1509.6,83.1,0.04,-0.10,16.58
2023-12-04 15:04:56,14.32,1509.6,83.0,0.04,-0.10,16.62
2023-12-04 15:14:56,14.32,1509.6,83.0,0.04,-0.09,16.64
2023-12-04 15:24:56,14.32,1509.6,83.0,0.05,-0.10,16.62
2023-12-04 15:34:56,14.32,1509.6,83.0,0.05,-0.10,16.57
2023-12-04 15:44:56,14.32,1509.6,83.0,0.04,-0.10,16.51
2023-12-04 15:54:56,14.32,1509.6,83.0,0.04,-0.09,16.48
2023-12-04 16:04:56,14.32,1509.6,83.0,0.05,-0.08,16.48
2023-12-04 16:14:56,14.32,1509.6,83.0,0.07,-0.07,16.45
2023-12-04 16:24:56,14.31,1509.6,82.9,0.10,-0.03,16.29
2023-12-04 16:34:56,14.31,1509.6,82.9,0.03,-0.01,16.40
2023-12-04 16:44:56,14.32,1509.6,82.9,0.00,-0.04,16.59
2023-12-04 16:54:56,14.31,1509.6,82.9,0.03,-0.09,16.48
2023-12-04 17:04:56,14.31,1509.6,82.9,0.05,-0.06,16.42
2023-12-04 17:14:56,14.31,1509.6,82.9,0.05,0.01,16.39
2023-12-04 17:24:56,14.31,1509.6,82.8,0.02,0.00,16.50
2023-12-04 17:34:56,14.31,1509.6,82.8,0.01,0.00,16.44
2023-12-04 17:44:56,14.31,1509.6,82.8,0.01,0.03,16.44
2023-12-04 17:54:56,14.31,1509.6,82.8,0.02,-0.02,16.45
2023-12-04 18:04:56,14.31,1509.6,82.8,0.01,-0.02,16.48
2023-12-04 18:14:56,14.31,1509.6,82.8,0.02,0.01,16.52
2023-12-04 18:24:56,14.31,1509.6,82.7,0.04,0.02,16.54
2023-12-04 18:34:56,14.31,1509.6,82.8,0.04,-0.01,16.58
2023-12-04 18:44:56,14.31,1509.6,82.8,0.04,-0.05,16.59
2023-12-04 18:54:56,14.31,1509.6,82.8,0.04,-0.05,16.66
2023-12-04 19:04:56,14.31,1509.6,82.8,0.03,-0.04,16.69
2023-12-04 19:14:56,14.31,1509.6,82.8,0.03,-0.04,16.70
2023-12-04 19:24:56,14.32,1510.9,82.8,0.03,-0.04,16.78
2023-12-04 19:34:56,14.32,1511.1,82.8,0.03,0.00,16.81
2023-12-04 19:44:56,14.32,1511.0,82.8,0.04,0.01,16.76
2023-12-04 19:54:56,14.32,1511.0,82.8,0.02,-0.01,16.79
2023-12-04 20:04:56,14.32,1511.1,82.8,0.01,-0.03,16.90
2023-12-04 20:14:56,14.33,1511.1,82.9,0.01,-0.05,16.92
2023-12-04 20:24:56,14.33,1511.1,82.9,0.04,-0.06,16.95
2023-12-04 20:34:56,14.33,1511.1,82.9,0.03,-0.03,16.95
2023-12-04 20:44:56,14.34,1511.1,82.9,0.02,-0.01,16.91
2023-12-04 20:54:56,14.34,1511.1,82.9,0.02,-0.02,16.94
2023-12-04 21:04:56,14.34,1511.1,82.9,0.02,-0.03,17.01
2023-12-04 21:14:56,14.34,1511.1,82.9,0.01,-0.03,17.02
2023-12-04 21:24:56,14.34,1511.1,82.9,0.01,-0.04,17.03
2023-12-04 21:34:56,14.34,1511.1,82.9,0.04,-0.06,17.07
2023-12-04 21:44:56,14.35,1511.1,82.9,0.04,-0.07,17.08
2023-12-04 21:54:56,14.35,1511.1,82.9,0.03,-0.06,17.08
2023-12-04 22:04:56,14.35,1511.1,82.9,0.02,-0.05,17.07
2023-12-04 22:14:56,14.35,1511.1,82.9,0.03,-0.05,17.09
2023-12-04 22:24:56,14.35,1511.1,82.9,0.01,-0.04,17.11
2023-12-04 22:34:56,14.35,1511.1,82.9,0.03,-0.04,17.13
2023-12-04 22:44:56,14.36,1511.1,82.9,0.04,-0.03,17.12
2023-12-04 22:54:56,14.35,1511.1,82.9,0.03,-0.05,17.09
2023-12-04 23:04:56,14.36,1511.1,82.8,0.02,-0.04,17.11
2023-12-04 23:14:56,14.36,1511.1,82.9,0.02,-0.05,17.12
2023-12-04 23:24:56,14.36,1511.1,82.8,0.02,-0.05,17.13
2023-12-04 23:34:56,14.36,1511.1,82.8,0.01,-0.05,17.13
2023-12-04 23:44:56,14.36,1511.1,82.9,0.01,-0.05,17.15
2023-12-04 23:54:56,14.36,1511.1,82.8,0.02,-0.05,17.13
2023-12-05 00:04:56,14.36,1511.1,82.8,0.01,-0.04,17.13
2023-12-05 00:14:56,14.36,1511.1,82.9,0.01,-0.06,17.14
2023-12-05 00:24:56,14.36,1511.1,82.9,0.02,-0.05,17.14
2023-12-05 00:34:56,14.36,1511.1,82.8,0.04,-0.04,17.13
2023-12-05 00:44:56,14.36,1511.1,82.8,0.01,0.01,17.12
2023-12-05 00:54:56,14.36,1511.1,82.8,0.02,-0.01,17.09
2023-12-05 01:04:56,14.36,1511.1,82.8,0.04,-0.02,17.09
2023-12-05 01:14:56,14.36,1511.1,82.8,0.02,-0.05,17.07
2023-12-05 01:24:56,14.36,1511.1,82.8,0.04,-0.03,17.06
2023-12-05 01:34:56,14.36,1511.1,82.8,0.04,-0.04,17.05
2023-12-05 01:44:56,14.36,1511.1,82.8,0.03,-0.03,17.03
2023-12-05 01:54:56,14.36,1511.1,82.7,0.08,-0.04,17.05
2023-12-05 02:04:56,14.36,1511.1,82.7,0.05,-0.05,17.05
2023-12-05 02:14:56,14.36,1511.1,82.8,0.02,-0.03,17.03
2023-12-05 02:24:56,14.36,1511.1,82.8,0.02,-0.06,17.02
2023-12-05 02:34:56,14.37,1511.1,82.7,0.00,0.02,17.02
2023-12-05 02:44:56,14.36,1511.1,82.7,-0.04,0.00,17.01
2023-12-05 02:54:56,14.37,1511.1,82.7,-0.04,-0.01,17.00
2023-12-05 03:04:56,14.36,1511.1,82.7,-0.03,-0.02,16.99
2023-12-05 03:14:56,14.36,1511.1,82.7,-0.01,0.01,16.98
2023-12-05 03:24:56,14.36,1511.1,82.6,0.03,0.03,16.95
2023-12-05 03:34:56,14.36,1511.1,82.6,-0.03,0.01,16.95
2023-12-05 03:44:56,14.36,1511.1,82.6,-0.02,-0.00,16.95
2023-12-05 03:54:56,14.36,1511.1,82.6,-0.04,-0.01,16.94
2023-12-05 04:04:56,14.36,1511.1,82.6,-0.00,-0.02,16.90
2023-12-05 04:14:56,14.36,1511.1,82.6,-0.02,0.05,16.90
2023-12-05 04:24:56,14.36,1511.1,82.5,0.06,-0.00,16.88
2023-12-05 04:34:56,14.36,1511.1,82.4,-0.05,0.07,16.88
2023-12-05 04:44:56,14.36,1511.1,82.4,-0.04,0.02,16.89
2023-12-05 04:54:56,14.36,1511.1,82.4,-0.03,0.00,16.88
2023-12-05 05:04:56,14.36,1511.1,82.4,-0.05,-0.01,16.88
2023-12-05 05:14:56,14.36,1511.1,82.4,-0.04,-0.01,16.89
2023-12-05 05:24:56,14.36,1511.1,82.4,-0.04,-0.02,16.85
2023-12-05 05:34:56,14.36,1511.1,82.4,-0.08,-0.00,16.81
2023-12-05 05:44:56,14.36,1511.1,82.4,-0.08,-0.02,16.82
2023-12-05 05:54:56,14.36,1511.1,82.4,-0.07,-0.02,16.82
2023-12-05 06:04:56,14.36,1511.1,82.4,-0.07,-0.02,16.83
2023-12-05 06:14:56,14.36,1511.1,82.4,-0.08,-0.02,16.84
2023-12-05 06:24:56,14.36,1511.1,82.4,-0.07,-0.02,16.84
2023-12-05 06:34:56,14.36,1511.1,82.4,-0.08,-0.03,16.81
2023-12-05 06:44:56,14.36,1511.1,82.4,-0.08,-0.02,16.81
2023-12-05 06:54:56,14.36,1511.1,82.4,-0.08,-0.02,16.81
2023-12-05 07:04:56,14.36,1511.1,82.4,-0.08,-0.02,16.80
2023-12-05 07:14:56,14.36,1511.1,82.4,-0.09,-0.02,16.78
2023-12-05 07:24:56,14.36,1509.8,82.4,-0.07,-0.02,16.72
2023-12-05 07:34:56,14.35,1509.6,82.4,-0.07,-0.03,16.67
2023-12-05 07:44:56,14.35,1509.6,82.4,-0.08,-0.04,16.63
2023-12-05 07:54:56,14.36,1509.6,82.4,-0.10,-0.04,16.62
2023-12-05 08:04:56,14.36,1509.6,82.4,-0.10,-0.04,16.64
2023-12-05 08:14:56,14.35,1509.6,82.4,-0.09,-0.03,16.67
2023-12-05 08:24:56,14.36,1509.6,82.4,-0.08,-0.03,16.68
2023-12-05 08:34:56,14.35,1509.6,82.5,-0.09,-0.03,16.65
2023-12-05 08:44:56,14.35,1509.6,82.4,-0.06,-0.05,16.58
2023-12-05 08:54:56,14.35,1509.6,82.5,-0.09,-0.00,16.54
2023-12-05 09:04:56,14.35,1509.6,82.5,-0.11,-0.02,16.54
2023-12-05 09:14:56,14.35,1509.6,82.5,-0.10,-0.03,16.58
2023-12-05 09:24:56,14.35,1509.6,82.5,-0.09,-0.04,16.54
2023-12-05 09:34:56,14.35,1509.6,82.5,-0.08,-0.07,16.51
2023-12-05 09:44:56,14.35,1509.6,82.5,-0.08,-0.11,16.57
2023-12-05 09:54:56,14.35,1509.6,82.5,-0.08,-0.12,16.52
2023-12-05 10:04:56,14.35,1509.6,82.6,-0.09,-0.08,16.51
2023-12-05 10:14:56,14.34,1509.6,82.5,-0.11,-0.05,16.51
2023-12-05 10:24:56,14.34,1509.6,82.5,-0.10,-0.05,16.50
2023-12-05 10:34:56,14.34,1509.6,82.5,-0.10,-0.05,16.48
2023-12-05 10:44:56,14.34,1509.6,82.5,-0.10,-0.05,16.50
2023-12-05 10:54:56,14.34,1509.6,82.5,-0.10,-0.05,16.52
2023-12-05 11:04:56,14.34,1509.6,82.5,-0.07,-0.02,16.47
2023-12-05 11:14:56,14.34,1509.6,82.5,-0.09,0.00,16.48
2023-12-05 11:24:56,14.34,1509.6,82.5,-0.09,-0.00,16.51
2023-12-05 11:34:56,14.34,1509.6,82.4,-0.10,-0.00,16.52
2023-12-05 11:44:56,14.34,1509.6,82.5,-0.10,-0.01,16.57
2023-12-05 11:54:56,14.34,1509.6,82.5,-0.09,-0.01,16.64
2023-12-05 12:04:56,14.34,1509.6,82.5,-0.08,-0.02,16.54
2023-12-05 12:14:56,14.33,1509.6,82.5,-0.10,-0.02,16.44
2023-12-05 12:24:56,14.33,1509.6,82.4,-0.08,0.00,16.42
2023-12-05 12:34:56,14.34,1509.6,82.4,-0.08,0.01,16.39
2023-12-05 12:44:56,14.33,1509.6,82.4,-0.09,0.01,16.36
2023-12-05 12:54:56,14.33,1509.6,82.4,-0.08,0.01,16.40
2023-12-05 13:04:56,14.33,1509.6,82.4,-0.05,-0.02,16.36
2023-12-05 13:14:56,14.33,1509.6,82.3,-0.10,0.02,16.31
2023-12-05 13:24:56,14.33,1509.6,82.3,-0.10,0.01,16.38
2023-12-05 13:34:56,14.33,1509.6,82.3,-0.10,0.03,16.43
2023-12-05 13:44:56,14.33,1509.6,82.3,-0.07,0.04,16.34
2023-12-05 13:54:56,14.33,1509.6,82.3,-0.10,0.03,16.41
2023-12-05 14:04:56,14.32,1509.6,82.3,-0.08,0.03,16.37
2023-12-05 14:14:56,14.32,1509.6,82.2,-0.11,0.01,16.51
2023-12-05 14:24:56,14.32,1509.6,82.3,-0.11,0.02,16.50
2023-12-05 14:34:56,14.32,1509.6,82.2,-0.11,0.03,16.31
2023-12-05 14:44:56,14.32,1509.1,82.2,-0.11,0.02,16.27
2023-12-05 14:54:56,14.32,1508.1,82.2,-0.08,0.05,16.22
2023-12-05 15:04:56,14.32,1508.9,82.2,-0.09,0.02,16.24
2023-12-05 15:14:56,14.32,1509.6,82.2,-0.10,-0.00,16.36
2023-12-05 15:24:56,14.32,1509.4,82.2,-0.08,-0.00,16.31
2023-12-05 15:34:56,14.32,1508.1,82.2,-0.08,0.06,16.21
2023-12-05 15:44:56,14.31,1508.5,82.1,-0.08,0.01,16.23
2023-12-05 15:54:56,14.31,1509.6,82.1,-0.11,0.02,16.27
2023-12-05 16:04:56,14.31,1509.6,82.1,-0.11,0.02,16.31
2023-12-05 16:14:56,14.31,1509.6,82.1,-0.12,0.02,16.30
2023-12-05 16:24:56,14.31,1509.5,82.1,-0.14,0.03,16.27
2023-12-05 16:34:56,14.31,1509.6,82.1,-0.13,-0.01,16.28
2023-12-05 16:44:56,14.31,1509.6,82.1,-0.16,0.04,16.27
2023-12-05 16:54:56,14.31,1509.6,82.1,-0.16,0.04,16.40
2023-12-05 17:04:56,14.31,1509.6,82.1,-0.17,0.03,16.46
2023-12-05 17:14:56,14.31,1509.6,82.0,-0.14,0.03,16.38
2023-12-05 17:24:56,14.31,1509.6,82.0,-0.09,0.16,16.36
2023-12-05 17:34:56,14.31,1509.6,82.0,-0.06,0.11,16.41
2023-12-05 17:44:56,14.32,1509.6,82.0,-0.09,0.10,16.47
2023-12-05 17:54:56,14.31,1509.6,82.0,-0.10,0.14,16.45
2023-12-05 18:04:56,14.32,1509.6,82.0,-0.08,0.09,16.46
2023-12-05 18:14:56,14.32,1509.6,82.0,-0.12,0.12,16.52
2023-12-05 18:24:56,14.32,1509.6,82.0,-0.10,0.11,16.51
2023-12-05 18:34:56,14.32,1509.6,82.0,-0.11,0.11,16.56
2023-12-05 18:44:56,14.33,1509.6,82.0,-0.10,0.10,16.58
2023-12-05 18:54:56,14.33,1509.6,82.0,-0.09,0.13,16.64
2023-12-05 19:04:56,14.33,1509.6,82.0,-0.09,0.12,16.69
2023-12-05 19:14:56,14.33,1509.6,82.0,-0.11,0.11,16.70
2023-12-05 19:24:56,14.33,1509.6,82.0,-0.10,0.10,16.69
2023-12-05 19:34:56,14.33,1509.6,82.0,-0.12,0.10,16.71
2023-12-05 19:44:56,14.34,1510.4,82.0,-0.11,0.10,16.78
2023-12-05 19:54:56,14.34,1511.1,82.1,-0.10,0.07,16.92
2023-12-05 20:04:56,14.34,1511.1,82.1,-0.12,0.09,16.97
2023-12-05 20:14:56,14.35,1511.1,82.1,-0.12,0.10,16.95
2023-12-05 20:24:56,14.34,1511.1,82.1,-0.12,0.09,16.88
2023-12-05 20:34:56,14.34,1511.1,82.1,-0.13,0.08,16.86
2023-12-05 20:44:56,14.35,1511.1,82.1,-0.12,0.08,16.87
2023-12-05 20:54:56,14.35,1511.1,82.1,-0.14,0.09,16.98
2023-12-05 21:04:56,14.35,1511.1,82.1,-0.12,0.09,17.07
2023-12-05 21:14:56,14.35,1511.1,82.1,-0.12,0.09,17.14
2023-12-05 21:24:56,14.36,1511.1,82.1,-0.11,0.10,17.18
2023-12-05 21:34:56,14.35,1511.1,82.1,-0.12,0.10,17.18
2023-12-05 21:44:56,14.36,1511.1,82.1,-0.12,0.10,17.10
2023-12-05 21:54:56,14.36,1511.1,82.1,-0.13,0.11,17.03
2023-12-05 22:04:56,14.36,1511.1,82.1,-0.13,0.10,17.00
2023-12-05 22:14:56,14.36,1511.1,82.1,-0.13,0.09,17.00
2023-12-05 22:24:56,14.36,1511.1,82.1,-0.13,0.09,17.00
2023-12-05 22:34:56,14.36,1511.1,82.1,-0.12,0.09,17.01
2023-12-05 22:44:56,14.36,1511.1,82.1,-0.13,0.09,17.02
2023-12-05 22:54:56,14.36,1511.1,82.1,-0.13,0.08,17.01
2023-12-05 23:04:56,14.36,1511.1,82.1,-0.13,0.08,17.02
2023-12-05 23:14:56,14.36,1511.1,82.1,-0.13,0.08,17.00
2023-12-05 23:24:56,14.37,1511.1,82.1,-0.12,0.08,17.00
2023-12-05 23:34:56,14.36,1511.1,82.1,-0.12,0.08,17.03
2023-12-05 23:44:56,14.37,1511.1,82.1,-0.12,0.09,17.02
2023-12-05 23:54:56,14.37,1511.1,82.1,-0.13,0.08,17.02
2023-12-06 00:04:56,14.37,1511.1,82.1,-0.13,0.08,17.03
2023-12-06 00:14:56,14.37,1511.1,82.1,-0.12,0.09,17.08
2023-12-06 00:24:56,14.37,1511.1,82.1,-0.12,0.08,17.08
2023-12-06 00:34:56,14.37,1511.1,82.1,-0.11,0.09,17.14
2023-12-06 00:44:56,14.37,1511.1,82.1,-0.11,0.09,17.17
2023-12-06 00:54:56,14.37,1511.1,82.0,-0.11,0.09,17.16
2023-12-06 01:04:56,14.37,1511.1,82.0,-0.12,0.09,17.09
2023-12-06 01:14:56,14.38,1511.1,82.0,-0.12,0.09,17.07
2023-12-06 01:24:56,14.37,1511.1,82.0,-0.13,0.09,17.13
2023-12-06 01:34:56,14.37,1511.1,82.0,-0.13,0.09,17.15
2023-12-06 01:44:56,14.37,1511.1,82.0,-0.13,0.09,17.13
2023-12-06 01:54:56,14.37,1511.1,82.0,-0.12,0.09,17.10
2023-12-06 02:04:56,14.37,1511.1,82.0,-0.12,0.10,17.07
2023-12-06 02:14:56,14.37,1511.1,82.0,-0.12,0.09,17.03
2023-12-06 02:24:56,14.37,1511.1,82.0,-0.13,0.09,17.04
2023-12-06 02:34:56,14.37,1511.1,82.0,-0.12,0.08,17.04
2023-12-06 02:44:56,14.38,1511.1,82.0,-0.12,0.09,17.03
2023-12-06 02:54:56,14.37,1511.1,82.0,-0.13,0.09,17.00
2023-12-06 03:04:56,14.37,1511.1,82.0,-0.12,0.09,16.99
2023-12-06 03:14:56,14.37,1511.1,82.0,-0.13,0.09,16.99
2023-12-06 03:24:56,14.37,1511.1,82.0,-0.14,0.08,16.98
2023-12-06 03:34:56,14.37,1511.1,82.0,-0.13,0.09,16.98
2023-12-06 03:44:56,14.37,1511.1,82.0,-0.13,0.08,16.96
2023-12-06 03:54:56,14.37,1511.1,82.0,-0.13,0.09,16.97
2023-12-06 04:04:56,14.37,1511.1,82.0,-0.13,0.08,16.99
2023-12-06 04:14:56,14.37,1511.1,82.0,-0.13,0.09,16.99
2023-12-06 04:24:56,14.37,1511.1,82.0,-0.13,0.09,16.97
2023-12-06 04:34:56,14.37,1511.1,82.0,-0.12,0.08,16.93
2023-12-06 04:44:56,14.37,1511.1,82.0,-0.13,0.09,16.91
2023-12-06 04:54:56,14.37,1511.1,82.0,-0.13,0.09,16.90
2023-12-06 05:04:56,14.37,1511.1,82.0,-0.13,0.08,16.86
2023-12-06 05:14:56,14.37,1511.1,82.0,-0.14,0.09,16.88
2023-12-06 05:24:56,14.37,1511.1,82.0,-0.14,0.09,16.89
2023-12-06 05:34:56,14.37,1511.1,82.0,-0.13,0.09,16.88
2023-12-06 05:44:56,14.37,1511.1,82.0,-0.12,0.09,16.81
2023-12-06 05:54:56,14.37,1511.1,82.0,-0.13,0.09,16.79
2023-12-06 06:04:56,14.37,1510.9,82.0,-0.14,0.09,16.78
2023-12-06 06:14:56,14.36,1511.1,82.0,-0.14,0.09,16.78
2023-12-06 06:24:56,14.37,1511.1,82.0,-0.14,0.09,16.83
2023-12-06 06:34:56,14.37,1511.1,82.0,-0.14,0.09,16.85
2023-12-06 06:44:56,14.36,1511.1,82.0,-0.14,0.09,16.86
2023-12-06 06:54:56,14.36,1511.1,82.0,-0.14,0.08,16.85
2023-12-06 07:04:56,14.37,1511.1,82.0,-0.15,0.09,16.79
2023-12-06 07:14:56,14.36,1511.1,82.0,-0.15,0.08,16.79
2023-12-06 07:24:56,14.37,1511.1,82.0,-0.14,0.08,16.81
2023-12-06 07:34:56,14.36,1510.1,82.0,-0.14,0.08,16.74
2023-12-06 07:44:56,14.36,1510.3,82.0,-0.14,0.08,16.74
2023-12-06 07:54:56,14.36,1509.6,82.0,-0.14,0.08,16.72
2023-12-06 08:04:56,14.36,1509.6,82.0,-0.14,0.08,16.67
2023-12-06 08:14:56,14.36,1509.6,82.0,-0.15,0.08,16.66
2023-12-06 08:24:56,14.36,1509.6,82.0,-0.14,0.08,16.67
2023-12-06 08:34:56,14.36,1509.6,82.0,-0.14,0.07,16.71
2023-12-06 08:44:56,14.36,1509.6,82.0,-0.15,0.09,16.71
2023-12-06 08:54:56,14.36,1509.6,82.0,-0.16,0.08,16.70
2023-12-06 09:04:56,14.36,1509.6,82.0,-0.14,0.09,16.64
2023-12-06 09:14:56,14.36,1509.6,82.0,-0.14,0.09,16.62
2023-12-06 09:24:56,14.36,1509.6,82.0,-0.15,0.09,16.65
2023-12-06 09:34:56,14.36,1509.6,82.0,-0.15,0.08,16.63
2023-12-06 09:44:56,14.36,1509.6,82.0,-0.14,0.08,16.61
2023-12-06 09:54:56,14.36,1509.6,82.0,-0.14,0.08,16.55
2023-12-06 10:04:56,14.36,1509.6,82.0,-0.15,0.09,16.58
2023-12-06 10:14:56,14.36,1509.6,82.0,-0.15,0.08,16.64
2023-12-06 10:24:56,14.36,1509.6,82.0,-0.15,0.08,16.70
2023-12-06 10:34:56,14.36,1509.6,82.0,-0.15,0.08,16.69
2023-12-06 10:44:56,14.35,1509.6,82.0,-0.16,0.09,16.63
2023-12-06 10:54:56,14.36,1509.6,82.0,-0.15,0.07,16.63
2023-12-06 11:04:56,14.36,1509.6,82.0,-0.15,0.08,16.61
2023-12-06 11:14:56,14.36,1509.6,82.0,-0.14,0.07,16.53
2023-12-06 11:24:56,14.35,1509.6,82.0,-0.14,0.07,16.49
2023-12-06 11:34:56,14.36,1509.6,82.0,-0.16,0.07,16.45
2023-12-06 11:44:56,14.35,1509.6,82.0,-0.16,0.07,16.45
2023-12-06 11:54:56,14.35,1509.6,82.0,-0.16,0.08,16.45
2023-12-06 12:04:56,14.35,1509.6,82.0,-0.16,0.08,16.49
2023-12-06 12:14:56,14.35,1509.6,82.0,-0.16,0.08,16.52
2023-12-06 12:24:56,14.35,1509.6,82.0,-0.16,0.07,16.55
2023-12-06 12:34:56,14.35,1509.6,82.0,-0.15,0.07,16.57
2023-12-06 12:44:56,14.35,1509.6,82.0,-0.14,0.08,16.55
2023-12-06 12:54:56,14.35,1509.6,82.0,-0.14,0.07,16.44
2023-12-06 13:04:56,14.35,1509.6,82.0,-0.15,0.08,16.41
2023-12-06 13:14:56,14.35,1509.6,82.0,-0.15,0.07,16.37
2023-12-06 13:24:56,14.35,1509.6,82.0,-0.17,0.09,16.40
2023-12-06 13:34:56,14.35,1509.6,82.0,-0.17,0.08,16.50
2023-12-06 13:44:56,14.35,1509.6,82.0,-0.16,0.08,16.56
2023-12-06 13:54:56,14.35,1509.6,82.0,-0.16,0.08,16.61
2023-12-06 14:04:56,14.35,1509.6,82.0,-0.15,0.08,16.63
2023-12-06 14:14:56,14.35,1509.6,82.0,-0.16,0.08,16.67
2023-12-06 14:24:56,14.35,1509.6,82.0,-0.15,0.08,16.53
2023-12-06 14:34:56,14.35,1509.6,82.0,-0.16,0.08,16.46
2023-12-06 14:44:56,14.35,1509.6,81.9,-0.14,0.07,16.39
2023-12-06 14:54:56,14.35,1509.6,81.9,-0.15,0.09,16.40
2023-12-06 15:04:56,14.35,1509.6,81.9,-0.16,0.08,16.44
2023-12-06 15:14:56,14.35,1509.6,81.9,-0.16,0.08,16.44
2023-12-06 15:24:56,14.35,1509.6,81.9,-0.15,0.07,16.47
2023-12-06 15:34:56,14.34,1509.6,81.9,-0.15,0.07,16.40
2023-12-06 15:44:56,14.35,1509.6,81.9,-0.16,0.08,16.33
2023-12-06 15:54:56,14.34,1509.6,81.9,-0.17,0.07,16.31
2023-12-06 16:04:56,14.34,1509.6,81.9,-0.18,0.07,16.34
2023-12-06 16:14:56,14.34,1509.6,81.9,-0.19,0.07,16.35
2023-12-06 16:24:56,14.34,1509.6,81.9,-0.19,0.07,16.38
2023-12-06 16:34:56,14.34,1509.6,81.9,-0.20,0.07,16.38
2023-12-06 16:44:56,14.34,1509.6,81.9,-0.19,0.08,16.39
2023-12-06 16:54:56,14.34,1509.6,81.9,-0.20,0.07,16.35
2023-12-06 17:04:56,14.34,1509.6,81.9,-0.19,0.07,16.40
2023-12-06 17:14:56,14.34,1509.6,81.9,-0.20,0.07,16.38
2023-12-06 17:24:56,14.34,1509.6,81.9,-0.20,0.07,16.38
2023-12-06 17:34:56,14.34,1509.6,81.9,-0.20,0.07,16.38
2023-12-06 17:44:56,14.34,1509.6,81.9,-0.21,0.06,16.49
2023-12-06 17:54:56,14.34,1509.6,81.9,-0.20,0.07,16.65
2023-12-06 18:04:56,14.34,1509.6,81.9,-0.20,0.07,16.64
2023-12-06 18:14:56,14.35,1509.6,81.9,-0.20,0.06,16.70
2023-12-06 18:24:56,14.35,1510.4,82.0,-0.21,0.07,16.75
2023-12-06 18:34:56,14.35,1509.6,82.0,-0.21,0.07,16.73
2023-12-06 18:44:56,14.35,1509.6,82.0,-0.20,0.07,16.71
2023-12-06 18:54:56,14.35,1510.0,82.0,-0.21,0.07,16.74
2023-12-06 19:04:56,14.35,1511.1,82.0,-0.22,0.07,16.78
2023-12-06 19:14:56,14.35,1511.1,82.0,-0.21,0.08,16.84
2023-12-06 19:24:56,14.35,1511.1,82.0,-0.21,0.06,16.89
2023-12-06 19:34:56,14.35,1511.1,82.0,-0.22,0.07,16.96
2023-12-06 19:44:56,14.35,1511.1,82.0,-0.23,0.06,16.94
2023-12-06 19:54:56,14.36,1511.1,82.0,-0.23,0.07,16.93
2023-12-06 20:04:56,14.35,1511.1,82.0,-0.24,0.05,16.93
2023-12-06 20:14:56,14.35,1511.1,82.1,-0.23,0.07,16.96
2023-12-06 20:24:56,14.36,1511.1,82.1,-0.24,0.07,16.98
2023-12-06 20:34:56,14.36,1511.1,82.1,-0.23,0.06,16.98
2023-12-06 20:44:56,14.36,1511.1,82.1,-0.24,0.05,17.00
2023-12-06 20:54:56,14.36,1511.1,82.1,-0.24,0.07,17.11
2023-12-06 21:04:56,14.37,1511.1,82.1,-0.25,0.06,17.17
2023-12-06 21:14:56,14.37,1511.1,82.1,-0.25,0.06,17.11
2023-12-06 21:24:56,14.37,1511.1,82.1,-0.27,0.06,17.05
2023-12-06 21:34:56,14.36,1511.1,82.1,-0.25,0.07,17.02
2023-12-06 21:44:56,14.37,1511.1,82.1,-0.25,0.06,17.07
2023-12-06 21:54:56,14.37,1511.1,82.1,-0.28,0.06,17.14
2023-12-06 22:04:56,14.37,1511.1,82.1,-0.27,0.06,17.08
2023-12-06 22:14:56,14.37,1511.1,82.1,-0.27,0.07,17.18
2023-12-06 22:24:56,14.37,1511.4,82.1,-0.28,0.07,17.21
2023-12-06 22:34:56,14.37,1512.6,82.1,-0.29,0.08,17.27
2023-12-06 22:44:56,14.38,1511.2,82.1,-0.30,0.06,17.20
2023-12-06 22:54:56,14.38,1511.1,82.1,-0.31,0.07,17.10
2023-12-06 23:04:56,14.38,1511.1,82.1,-0.32,0.06,17.06
2023-12-06 23:14:56,14.38,1511.1,82.1,-0.30,0.05,17.07
2023-12-06 23:24:56,14.38,1511.1,82.1,-0.33,0.07,17.10
2023-12-06 23:34:56,14.37,1511.1,82.1,-0.32,0.08,17.12
2023-12-06 23:44:56,14.38,1511.1,82.1,-0.31,0.07,17.15
2023-12-06 23:54:56,14.38,1511.1,82.1,-0.31,0.03,17.18
2023-12-07 00:04:56,14.38,1511.1,82.2,-0.33,0.06,17.17
2023-12-07 00:14:56,14.38,1511.1,82.1,-0.33,0.06,17.17
2023-12-07 00:24:56,14.38,1511.1,82.1,-0.34,0.05,17.18
2023-12-07 00:34:56,14.38,1511.1,82.1,-0.35,0.06,17.19
2023-12-07 00:44:56,14.38,1511.1,82.1,-0.35,0.05,17.20
2023-12-07 00:54:56,14.38,1511.1,82.1,-0.35,0.03,17.21
2023-12-07 01:04:56,14.39,1512.5,82.1,-0.36,0.07,17.28
2023-12-07 01:14:56,14.39,1512.6,82.1,-0.35,0.07,17.31
2023-12-07 01:24:56,14.39,1512.6,82.1,-0.36,0.06,17.34
2023-12-07 01:34:56,14.39,1512.6,82.1,-0.35,0.06,17.34
2023-12-07 01:44:56,14.39,1512.6,82.1,-0.38,0.05,17.33
2023-12-07 01:54:56,14.39,1512.6,82.1,-0.38,0.04,17.32
2023-12-07 02:04:56,14.39,1512.6,82.1,-0.40,0.06,17.32
2023-12-07 02:14:56,14.39,1512.6,82.1,-0.43,0.04,17.27
2023-12-07 02:24:56,14.39,1512.6,82.1,-0.41,0.04,17.29
2023-12-07 02:34:56,14.39,1512.6,82.1,-0.42,0.05,17.32
2023-12-07 02:44:56,14.39,1512.6,82.1,-0.43,0.06,17.31
2023-12-07 02:54:56,14.39,1512.6,82.1,-0.42,0.05,17.27
2023-12-07 03:04:56,14.39,1512.6,82.1,-0.41,0.07,17.27
2023-12-07 03:14:56,14.39,1512.6,82.0,-0.45,0.08,17.28
2023-12-07 03:24:56,14.39,1512.6,82.1,-0.47,0.07,17.28
2023-12-07 03:34:56,14.39,1512.6,82.1,-0.46,0.06,17.26
2023-12-07 03:44:56,14.39,1512.6,82.1,-0.47,0.06,17.26
2023-12-07 03:54:56,14.39,1512.6,82.0,-0.47,0.06,17.26
2023-12-07 04:04:56,14.39,1512.6,82.0,-0.45,0.04,17.26
2023-12-07 04:14:56,14.39,1512.6,82.0,-0.46,0.08,17.26
2023-12-07 04:24:56,14.39,1512.5,82.0,-0.40,0.09,17.25
2023-12-07 04:34:56,14.39,1511.2,82.0,-0.47,0.09,17.24
2023-12-07 04:44:56,14.39,1511.6,82.0,-0.47,0.11,17.24
2023-12-07 04:54:56,14.39,1512.1,81.9,-0.42,0.04,17.25
2023-12-07 05:04:56,14.39,1512.0,81.9,-0.43,0.08,17.24
2023-12-07 05:14:56,14.39,1511.1,81.9,-0.48,0.05,17.21
2023-12-07 05:24:56,14.39,1511.1,81.8,-0.48,0.06,17.21
2023-12-07 05:34:56,14.39,1511.1,81.8,-0.47,0.08,17.21
2023-12-07 05:44:56,14.39,1511.1,81.8,-0.51,0.09,17.18
2023-12-07 05:54:56,14.39,1511.1,81.8,-0.53,0.07,17.17
2023-12-07 06:04:56,14.39,1511.1,81.8,-0.56,0.08,17.19
2023-12-07 06:14:56,14.39,1511.1,81.8,-0.53,0.09,17.17
2023-12-07 06:24:56,14.39,1511.1,81.8,-0.54,0.06,17.14
2023-12-07 06:34:56,14.39,1511.1,81.8,-0.52,0.05,17.13
2023-12-07 06:44:56,14.39,1511.1,81.8,-0.51,0.05,17.15
2023-12-07 06:54:56,14.39,1511.1,81.8,-0.55,0.06,17.17
2023-12-07 07:04:56,14.39,1511.1,81.8,-0.55,0.10,17.17
2023-12-07 07:14:56,14.39,1511.1,81.8,-0.56,0.07,17.16
2023-12-07 07:24:56,14.39,1511.1,81.8,-0.55,0.04,17.16
2023-12-07 07:34:56,14.39,1511.1,81.9,-0.56,0.06,17.16
2023-12-07 07:44:56,14.39,1511.1,81.8,-0.54,0.06,17.14
2023-12-07 07:54:56,14.39,1511.1,81.8,-0.54,0.07,17.14
2023-12-07 08:04:56,14.39,1511.1,81.8,-0.53,0.07,17.14
2023-12-07 08:14:56,14.39,1511.1,81.8,-0.47,0.01,17.12
2023-12-07 08:24:56,14.39,1511.1,81.9,-0.51,-0.03,17.12
2023-12-07 08:34:56,14.39,1511.1,82.0,-0.53,0.01,17.11
2023-12-07 08:44:56,14.39,1511.1,81.9,-0.54,0.02,17.11
2023-12-07 08:54:56,14.39,1511.1,82.0,-0.55,0.02,17.10
2023-12-07 09:04:56,14.39,1511.1,81.9,-0.54,0.03,17.09
2023-12-07 09:14:56,14.39,1511.1,81.9,-0.55,0.04,17.08
2023-12-07 09:24:56,14.39,1511.1,81.9,-0.51,0.01,17.07
2023-12-07 09:34:56,14.39,1511.1,82.1,-0.47,-0.09,17.07
2023-12-07 09:44:56,14.39,1511.1,82.2,-0.53,-0.07,17.06
2023-12-07 09:54:56,14.39,1511.1,82.2,-0.54,-0.03,17.05
2023-12-07 10:04:56,14.39,1511.1,82.1,-0.53,-0.02,17.04
2023-12-07 10:14:56,14.39,1511.1,82.1,-0.51,-0.00,17.03
2023-12-07 10:24:56,14.38,1511.1,82.1,-0.50,-0.02,17.03
2023-12-07 10:34:56,14.39,1511.1,82.1,-0.54,-0.05,17.03
2023-12-07 10:44:56,14.38,1511.1,82.1,-0.56,-0.01,17.02
2023-12-07 10:54:56,14.38,1511.1,82.1,-0.55,-0.01,17.00
2023-12-07 11:04:56,14.38,1511.1,82.1,-0.55,-0.01,16.99
2023-12-07 11:14:56,14.38,1511.1,82.1,-0.56,-0.00,16.99
2023-12-07 11:24:56,14.38,1511.1,82.1,-0.55,-0.01,16.99
2023-12-07 11:34:56,14.38,1511.1,82.1,-0.54,0.01,16.97
2023-12-07 11:44:56,14.38,1511.1,82.1,-0.57,0.02,16.96
2023-12-07 11:54:56,14.38,1511.1,82.1,-0.58,-0.00,16.96
2023-12-07 12:04:56,14.38,1511.1,82.1,-0.56,-0.00,16.96
2023-12-07 12:14:56,14.38,1511.1,82.1,-0.57,0.01,16.94
2023-12-07 12:24:56,14.38,1511.1,82.1,-0.56,0.02,16.94
2023-12-07 12:34:56,14.38,1511.1,82.1,-0.56,0.01,16.94
2023-12-07 12:44:56,14.38,1511.1,82.1,-0.58,0.01,16.93
2023-12-07 12:54:56,14.38,1511.1,82.0,-0.58,0.01,16.93
2023-12-07 13:04:56,14.38,1511.1,82.0,-0.57,0.01,16.92
2023-12-07 13:14:56,14.38,1511.1,82.0,-0.59,-0.00,16.92
2023-12-07 13:24:56,14.38,1511.1,82.0,-0.57,0.01,16.92
2023-12-07 13:34:56,14.38,1511.1,82.0,-0.58,0.01,16.92
2023-12-07 13:44:56,14.38,1511.1,82.0,-0.58,0.02,16.92
2023-12-07 13:54:56,14.38,1511.1,82.0,-0.58,0.01,16.92
2023-12-07 14:04:56,14.38,1511.1,82.0,-0.59,0.00,16.92
2023-12-07 14:14:56,14.38,1511.1,82.0,-0.57,0.01,16.91
2023-12-07 14:24:56,14.38,1511.1,82.0,-0.58,0.02,16.90
2023-12-07 14:34:56,14.38,1511.1,82.0,-0.57,0.02,16.90
2023-12-07 14:44:56,14.38,1511.1,82.0,-0.57,0.01,16.90
2023-12-07 14:54:56,14.37,1511.1,82.0,-0.57,0.01,16.90
2023-12-07 15:04:56,14.37,1511.1,82.0,-0.58,0.02,16.89
2023-12-07 15:14:56,14.37,1511.1,82.0,-0.56,0.02,16.88
2023-12-07 15:24:56,14.37,1511.1,82.0,-0.57,0.02,16.85
2023-12-07 15:34:56,14.38,1511.1,82.0,-0.57,0.03,16.80
2023-12-07 15:44:56,14.37,1511.1,81.9,-0.58,0.04,16.79
2023-12-07 15:54:56,14.37,1511.1,81.9,-0.60,0.03,16.80
2023-12-07 16:04:56,14.37,1511.1,81.9,-0.59,0.03,16.79
2023-12-07 16:14:56,14.38,1511.1,81.9,-0.58,0.03,16.79
2023-12-07 16:24:56,14.37,1511.1,81.9,-0.57,0.03,16.79
2023-12-07 16:34:56,14.37,1511.1,81.9,-0.58,0.04,16.79
2023-12-07 16:44:56,14.37,1511.1,81.9,-0.58,0.03,16.80
2023-12-07 16:54:56,14.37,1511.1,81.9,-0.58,0.04,16.80
2023-12-07 17:04:56,14.37,1511.1,81.9,-0.55,0.03,16.80
2023-12-07 17:14:56,14.37,1511.1,81.9,-0.58,0.03,16.81
2023-12-07 17:24:56,14.37,1511.1,81.9,-0.58,0.03,16.81
2023-12-07 17:34:56,14.37,1511.1,81.9,-0.57,0.03,16.81
2023-12-07 17:44:56,14.37,1511.1,81.9,-0.59,0.05,16.82
2023-12-07 17:54:56,14.37,1511.1,81.9,-0.61,0.06,16.84
2023-12-07 18:04:56,14.37,1511.1,81.9,-0.61,0.05,16.85
2023-12-07 18:14:56,14.37,1511.1,81.9,-0.60,0.05,16.86
2023-12-07 18:24:56,14.37,1511.1,81.9,-0.60,0.04,16.87
2023-12-07 18:34:56,14.37,1511.1,81.9,-0.60,0.05,16.89
2023-12-07 18:44:56,14.37,1511.1,81.9,-0.61,0.03,16.91
2023-12-07 18:54:56,14.37,1511.1,81.9,-0.63,0.03,16.90
2023-12-07 19:04:56,14.37,1511.1,81.9,-0.62,0.04,16.90
2023-12-07 19:14:56,14.37,1511.1,81.9,-0.62,0.04,16.91
2023-12-07 19:24:56,14.37,1511.1,81.9,-0.61,0.07,16.93
2023-12-07 19:34:56,14.37,1511.1,81.9,-0.60,0.07,16.94
2023-12-07 19:44:56,14.37,1511.1,81.9,-0.61,0.08,17.00
2023-12-07 19:54:56,14.37,1511.1,81.9,-0.61,0.05,17.02
2023-12-07 20:04:56,14.38,1511.1,81.9,-0.61,0.06,17.00
2023-12-07 20:14:56,14.37,1511.1,81.9,-0.60,0.05,16.99
2023-12-07 20:24:56,14.37,1511.1,81.9,-0.60,0.06,16.98
2023-12-07 20:34:56,14.37,1511.1,81.9,-0.63,0.07,17.02
2023-12-07 20:44:56,14.37,1511.1,81.9,-0.62,0.07,17.08
2023-12-07 20:54:56,14.38,1511.1,81.9,-0.63,0.06,17.10
2023-12-07 21:04:56,14.37,1511.1,81.9,-0.60,0.06,17.11
2023-12-07 21:14:56,14.37,1511.1,81.9,-0.60,0.07,17.14
2023-12-07 21:24:56,14.38,1511.1,81.9,-0.61,0.06,17.13
2023-12-07 21:34:56,14.38,1511.1,81.9,-0.61,0.07,17.15
2023-12-07 21:44:56,14.38,1511.1,81.9,-0.61,0.07,17.13
2023-12-07 21:54:56,14.38,1511.1,81.9,-0.62,0.06,17.13
2023-12-07 22:04:56,14.38,1511.1,81.9,-0.62,0.06,17.13
2023-12-07 22:14:56,14.38,1511.1,81.8,-0.61,0.08,17.15
2023-12-07 22:24:56,14.38,1511.1,81.8,-0.61,0.09,17.15
2023-12-07 22:34:56,14.38,1511.1,81.8,-0.61,0.08,17.15
2023-12-07 22:44:56,14.38,1511.1,81.8,-0.61,0.08,17.19
2023-12-07 22:54:56,14.38,1511.1,81.8,-0.64,0.09,17.14
2023-12-07 23:04:56,14.38,1511.1,81.8,-0.63,0.06,17.11
2023-12-07 23:14:56,14.38,1511.1,81.8,-0.63,0.07,17.10
2023-12-07 23:24:56,14.39,1511.1,81.8,-0.64,0.06,17.10
2023-12-07 23:34:56,14.38,1511.1,81.8,-0.63,0.08,17.15
2023-12-07 23:44:56,14.39,1511.1,81.8,-0.65,0.08,17.19
2023-12-07 23:54:56,14.39,1511.1,81.7,-0.64,0.11,17.20
2023-12-08 00:04:56,14.38,1511.1,81.7,-0.62,0.08,17.20
2023-12-08 00:14:56,14.39,1511.1,81.7,-0.63,0.08,17.20
2023-12-08 00:24:56,14.39,1511.1,81.7,-0.63,0.07,17.20
2023-12-08 00:34:56,14.39,1511.1,81.7,-0.62,0.07,17.20
2023-12-08 00:44:56,14.39,1511.1,81.7,-0.65,0.05,17.20
2023-12-08 00:54:56,14.39,1511.1,81.7,-0.62,0.09,17.18
2023-12-08 01:04:56,14.39,1511.1,81.7,-0.64,0.09,17.16
2023-12-08 01:14:56,14.39,1511.1,81.7,-0.63,0.08,17.15
2023-12-08 01:24:56,14.39,1511.1,81.7,-0.62,0.09,17.16
2023-12-08 01:34:56,14.39,1511.1,81.7,-0.60,0.11,17.15
2023-12-08 01:44:56,14.39,1511.1,81.7,-0.61,0.11,17.15
2023-12-08 01:54:56,14.39,1511.1,81.6,-0.64,0.11,17.14
2023-12-08 02:04:56,14.39,1511.1,81.6,-0.63,0.10,17.13
2023-12-08 02:14:56,14.39,1511.1,81.6,-0.62,0.08,17.14
2023-12-08 02:24:56,14.39,1511.1,81.6,-0.62,0.09,17.14
2023-12-08 02:34:56,14.39,1511.1,81.6,-0.62,0.11,17.14
2023-12-08 02:44:56,14.39,1511.1,81.6,-0.62,0.11,17.12
2023-12-08 02:54:56,14.39,1511.1,81.6,-0.63,0.09,17.12
2023-12-08 03:04:56,14.39,1511.1,81.6,-0.62,0.09,17.11
2023-12-08 03:14:56,14.39,1511.1,81.6,-0.62,0.08,17.12
2023-12-08 03:24:56,14.39,1511.1,81.6,-0.62,0.09,17.11
2023-12-08 03:34:56,14.39,1511.1,81.6,-0.61,0.09,17.11
2023-12-08 03:44:56,14.39,1511.1,81.6,-0.61,0.10,17.09
2023-12-08 03:54:56,14.39,1511.1,81.5,-0.62,0.13,17.09
2023-12-08 04:04:56,14.39,1511.1,81.5,-0.63,0.13,17.09
2023-12-08 04:14:56,14.39,1511.1,81.5,-0.62,0.10,17.09
2023-12-08 04:24:56,14.39,1511.1,81.5,-0.62,0.10,17.08
2023-12-08 04:34:56,14.39,1511.1,81.5,-0.62,0.11,17.08
2023-12-08 04:44:56,14.39,1511.1,81.5,-0.61,0.10,17.07
2023-12-08 04:54:56,14.39,1511.1,81.5,-0.63,0.10,17.06
2023-12-08 05:04:56,14.39,1511.1,81.5,-0.62,0.11,17.06
2023-12-08 05:14:56,14.39,1511.1,81.5,-0.63,0.12,17.05
2023-12-08 05:24:56,14.39,1511.1,81.5,-0.62,0.13,17.05
2023-12-08 05:34:56,14.39,1511.1,81.5,-0.64,0.13,17.05
2023-12-08 05:44:56,14.39,1511.1,81.4,-0.63,0.10,17.05
2023-12-08 05:54:56,14.39,1511.1,81.5,-0.63,0.11,17.05
2023-12-08 06:04:56,14.39,1511.1,81.4,-0.61,0.12,17.02
2023-12-08 06:14:56,14.39,1511.1,81.4,-0.63,0.12,17.04
2023-12-08 06:24:56,14.38,1511.1,81.4,-0.63,0.13,17.04
2023-12-08 06:34:56,14.39,1511.1,81.4,-0.63,0.13,17.00
2023-12-08 06:44:56,14.38,1511.1,81.4,-0.63,0.11,17.01
2023-12-08 06:54:56,14.39,1511.1,81.4,-0.63,0.11,17.00
2023-12-08 07:04:56,14.38,1511.1,81.4,-0.64,0.12,17.02
2023-12-08 07:14:56,14.39,1511.1,81.4,-0.63,0.11,17.03
2023-12-08 07:24:56,14.39,1511.1,81.4,-0.62,0.12,17.00
2023-12-08 07:34:56,14.38,1511.1,81.4,-0.63,0.13,16.99
2023-12-08 07:44:56,14.38,1511.1,81.4,-0.62,0.12,16.98
2023-12-08 07:54:56,14.38,1511.1,81.4,-0.63,0.12,16.97
2023-12-08 08:04:56,14.38,1511.1,81.4,-0.64,0.12,17.01
2023-12-08 08:14:56,14.39,1511.1,81.4,-0.63,0.11,16.99
2023-12-08 08:24:56,14.38,1511.1,81.4,-0.63,0.12,16.94
2023-12-08 08:34:56,14.38,1511.1,81.4,-0.64,0.12,16.96
2023-12-08 08:44:56,14.38,1511.1,81.4,-0.65,0.14,16.98
2023-12-08 08:54:56,14.38,1511.1,81.4,-0.64,0.12,16.98
2023-12-08 09:04:56,14.38,1511.1,81.4,-0.64,0.11,16.98
2023-12-08 09:14:56,14.38,1511.1,81.4,-0.65,0.11,16.97
2023-12-08 09:24:56,14.38,1511.1,81.4,-0.62,0.12,16.95
2023-12-08 09:34:56,14.38,1511.1,81.3,-0.63,0.14,16.92
2023-12-08 09:44:56,14.38,1511.1,81.3,-0.64,0.14,16.94
2023-12-08 09:54:56,14.38,1511.1,81.2,-0.63,0.18,16.89
2023-12-08 10:04:56,14.38,1511.1,81.2,-0.64,0.15,16.94
2023-12-08 10:14:56,14.38,1511.1,81.2,-0.64,0.14,16.97
2023-12-08 10:24:56,14.38,1511.1,81.2,-0.63,0.15,16.94
2023-12-08 10:34:56,14.38,1511.1,81.2,-0.66,0.16,16.91
2023-12-08 10:44:56,14.38,1511.1,81.2,-0.65,0.15,16.94
2023-12-08 10:54:56,14.38,1511.1,81.2,-0.64,0.14,16.92
2023-12-08 11:04:56,14.38,1511.1,81.2,-0.63,0.16,16.84
2023-12-08 11:14:56,14.38,1511.1,81.2,-0.65,0.18,16.85
2023-12-08 11:24:56,14.38,1511.1,81.2,-0.64,0.14,16.86
2023-12-08 11:34:56,14.38,1511.1,81.2,-0.66,0.15,16.84
2023-12-08 11:44:56,14.38,1511.1,81.2,-0.65,0.14,16.83
2023-12-08 11:54:56,14.38,1511.1,81.2,-0.63,0.14,16.85
2023-12-08 12:04:56,14.38,1511.1,81.2,-0.65,0.15,16.86
2023-12-08 12:14:56,14.38,1511.1,81.1,-0.64,0.15,16.85
2023-12-08 12:24:56,14.38,1511.1,81.1,-0.66,0.14,16.89
2023-12-08 12:34:56,14.38,1511.1,81.2,-0.65,0.14,16.89
2023-12-08 12:44:56,14.38,1511.1,81.1,-0.63,0.17,16.83
2023-12-08 12:54:56,14.37,1511.1,81.1,-0.65,0.16,16.81
2023-12-08 13:04:56,14.38,1511.1,81.1,-0.65,0.15,16.82
2023-12-08 13:14:56,14.37,1511.1,81.1,-0.64,0.14,16.80
2023-12-08 13:24:56,14.38,1511.1,81.1,-0.65,0.13,16.80
2023-12-08 13:34:56,14.37,1511.1,81.1,-0.64,0.13,16.82
2023-12-08 13:44:56,14.37,1511.1,81.1,-0.65,0.14,16.82
2023-12-08 13:54:56,14.37,1511.1,81.1,-0.64,0.14,16.81
2023-12-08 14:04:56,14.38,1511.1,81.1,-0.64,0.16,16.84
2023-12-08 14:14:56,14.38,1511.1,81.1,-0.64,0.16,16.87
2023-12-08 14:24:56,14.37,1511.1,81.1,-0.64,0.14,16.84
2023-12-08 14:34:56,14.37,1511.1,81.1,-0.63,0.15,16.82
2023-12-08 14:44:56,14.37,1511.1,81.1,-0.64,0.14,16.82
2023-12-08 14:54:56,14.37,1511.1,81.1,-0.63,0.14,16.81
2023-12-08 15:04:56,14.37,1511.1,81.1,-0.64,0.13,16.81
2023-12-08 15:14:56,14.37,1511.1,81.1,-0.63,0.13,16.82
2023-12-08 15:24:56,14.37,1511.1,81.1,-0.64,0.14,16.81
2023-12-08 15:34:56,14.37,1511.1,81.1,-0.63,0.13,16.83
2023-12-08 15:44:56,14.37,1511.1,81.1,-0.64,0.13,16.80
2023-12-08 15:54:56,14.37,1511.1,81.1,-0.64,0.13,16.79
2023-12-08 16:04:56,14.37,1511.1,81.1,-0.65,0.15,16.80
2023-12-08 16:14:56,14.37,1511.1,81.1,-0.64,0.16,16.80
2023-12-08 16:24:56,14.37,1511.1,81.1,-0.64,0.15,16.79
2023-12-08 16:34:56,14.37,1511.1,81.1,-0.63,0.15,16.77
2023-12-08 16:44:56,14.37,1511.1,81.1,-0.65,0.14,16.76
2023-12-08 16:54:56,14.37,1511.1,81.1,-0.63,0.14,16.78
2023-12-08 17:04:56,14.37,1511.1,81.1,-0.64,0.14,16.81
2023-12-08 17:14:56,14.37,1511.1,81.1,-0.63,0.14,16.83
2023-12-08 17:24:56,14.37,1511.1,81.1,-0.65,0.14,16.83
2023-12-08 17:34:56,14.37,1511.1,81.1,-0.64,0.14,16.84
2023-12-08 17:44:56,14.37,1511.1,81.1,-0.63,0.14,16.85
2023-12-08 17:54:56,14.37,1511.1,81.1,-0.63,0.16,16.86
2023-12-08 18:04:56,14.37,1511.1,81.1,-0.64,0.14,16.86
2023-12-08 18:14:56,14.37,1511.1,81.1,-0.64,0.14,16.87
2023-12-08 18:24:56,14.38,1511.1,81.1,-0.63,0.14,16.90
2023-12-08 18:34:56,14.37,1511.1,81.1,-0.62,0.15,16.92
2023-12-08 18:44:56,14.38,1511.1,81.1,-0.63,0.15,16.95
2023-12-08 18:54:56,14.37,1511.1,81.1,-0.63,0.15,16.94
2023-12-08 19:04:56,14.38,1511.1,81.1,-0.64,0.15,16.90
2023-12-08 19:14:56,14.38,1511.1,81.1,-0.63,0.14,16.93
2023-12-08 19:24:56,14.38,1511.1,81.1,-0.64,0.14,16.95
2023-12-08 19:34:56,14.37,1511.1,81.1,-0.62,0.13,16.94
2023-12-08 19:44:56,14.38,1511.1,81.1,-0.63,0.14,17.03
2023-12-08 19:54:56,14.38,1511.1,81.1,-0.63,0.13,16.99
2023-12-08 20:04:56,14.38,1511.1,81.1,-0.64,0.14,17.00
2023-12-08 20:14:56,14.38,1511.1,81.2,-0.62,0.15,16.98
2023-12-08 20:24:56,14.38,1511.1,81.2,-0.65,0.15,17.05
2023-12-08 20:34:56,14.38,1511.1,81.2,-0.64,0.17,17.08
2023-12-08 20:44:56,14.38,1511.1,81.2,-0.63,0.16,17.07
2023-12-08 20:54:56,14.38,1511.1,81.2,-0.64,0.16,17.07
2023-12-08 21:04:56,14.38,1511.1,81.2,-0.64,0.15,16.99
2023-12-08 21:14:56,14.38,1511.1,81.2,-0.64,0.15,17.08
2023-12-08 21:24:56,14.38,1511.1,81.2,-0.64,0.14,17.08
2023-12-08 21:34:56,14.38,1511.1,81.2,-0.63,0.15,17.07
2023-12-08 21:44:56,14.38,1511.1,81.2,-0.63,0.13,16.97
2023-12-08 21:54:56,14.38,1511.1,81.2,-0.64,0.15,16.95
2023-12-08 22:04:56,14.38,1511.1,81.2,-0.64,0.14,16.94
2023-12-08 22:14:56,14.38,1511.1,81.2,-0.64,0.14,17.01
2023-12-08 22:24:56,14.38,1511.1,81.2,-0.64,0.15,17.14
2023-12-08 22:34:56,14.39,1511.8,81.2,-0.63,0.16,17.23
2023-12-08 22:44:56,14.38,1512.1,81.2,-0.64,0.15,17.26
2023-12-08 22:54:56,14.38,1511.6,81.1,-0.64,0.17,17.24
2023-12-08 23:04:56,14.39,1512.6,81.1,-0.63,0.18,17.27
2023-12-08 23:14:56,14.39,1512.6,81.1,-0.63,0.17,17.28
2023-12-08 23:24:56,14.39,1512.6,81.1,-0.63,0.18,17.27
2023-12-08 23:34:56,14.39,1512.0,81.1,-0.63,0.17,17.25
2023-12-08 23:44:56,14.39,1512.6,81.1,-0.62,0.17,17.27
2023-12-08 23:54:56,14.39,1512.6,81.1,-0.64,0.17,17.29
2023-12-09 00:04:56,14.39,1512.6,81.1,-0.63,0.16,17.30
2023-12-09 00:14:56,14.39,1512.6,81.1,-0.63,0.15,17.31
2023-12-09 00:24:56,14.39,1512.6,81.1,-0.63,0.15,17.32
2023-12-09 00:34:56,14.39,1512.6,81.1,-0.62,0.16,17.31
2023-12-09 00:44:56,14.39,1512.6,81.1,-0.63,0.15,17.31
2023-12-09 00:54:56,14.40,1512.6,81.1,-0.62,0.15,17.29
2023-12-09 01:04:56,14.39,1512.6,81.1,-0.62,0.16,17.28
2023-12-09 01:14:56,14.40,1512.6,81.1,-0.62,0.16,17.28
2023-12-09 01:24:56,14.40,1512.6,81.1,-0.63,0.15,17.28
2023-12-09 01:34:56,14.39,1512.6,81.1,-0.63,0.16,17.28
2023-12-09 01:44:56,14.40,1512.6,81.1,-0.63,0.15,17.28
2023-12-09 01:54:56,14.40,1512.6,81.1,-0.62,0.14,17.27
2023-12-09 02:04:56,14.40,1512.6,81.1,-0.62,0.14,17.26
2023-12-09 02:14:56,14.40,1512.6,81.1,-0.62,0.14,17.26
2023-12-09 02:24:56,14.40,1512.5,81.1,-0.62,0.14,17.25
2023-12-09 02:34:56,14.40,1511.2,81.1,-0.62,0.15,17.24
2023-12-09 02:44:56,14.40,1511.1,81.1,-0.63,0.16,17.24
2023-12-09 02:54:56,14.40,1511.1,81.1,-0.62,0.15,17.23
2023-12-09 03:04:56,14.40,1511.1,81.1,-0.62,0.14,17.22
2023-12-09 03:14:56,14.40,1511.1,81.1,-0.62,0.14,17.20
2023-12-09 03:24:56,14.39,1511.1,81.1,-0.62,0.14,17.18
2023-12-09 03:34:56,14.40,1511.1,81.1,-0.62,0.14,17.17
2023-12-09 03:44:56,14.40,1511.1,81.1,-0.62,0.15,17.17
2023-12-09 03:54:56,14.40,1511.1,81.1,-0.62,0.14,17.16
2023-12-09 04:04:56,14.40,1511.1,81.1,-0.62,0.15,17.16
2023-12-09 04:14:56,14.39,1511.1,81.1,-0.62,0.15,17.14
2023-12-09 04:24:56,14.40,1511.1,81.0,-0.63,0.15,17.15
2023-12-09 04:34:56,14.40,1511.1,81.1,-0.63,0.15,17.17
2023-12-09 04:44:56,14.40,1511.1,81.1,-0.63,0.14,17.15
2023-12-09 04:54:56,14.39,1511.1,81.1,-0.63,0.15,17.13
2023-12-09 05:04:56,14.39,1511.1,81.1,-0.63,0.14,17.16
2023-12-09 05:14:56,14.39,1511.1,81.1,-0.62,0.15,17.14
2023-12-09 05:24:56,14.39,1511.1,81.1,-0.63,0.15,17.08
2023-12-09 05:34:56,14.39,1511.1,81.1,-0.63,0.16,17.07
2023-12-09 05:44:56,14.39,1511.1,81.1,-0.62,0.15,17.06
2023-12-09 05:54:56,14.39,1511.1,81.0,-0.62,0.15,17.05
2023-12-09 06:04:56,14.39,1511.1,81.1,-0.63,0.15,17.09
2023-12-09 06:14:56,14.39,1511.1,81.1,-0.63,0.15,17.09
2023-12-09 06:24:56,14.39,1511.1,81.0,-0.62,0.15,17.09
2023-12-09 06:34:56,14.39,1511.1,81.1,-0.62,0.14,17.06
2023-12-09 06:44:56,14.39,1511.1,81.1,-0.62,0.15,17.05
2023-12-09 06:54:56,14.39,1511.1,81.0,-0.63,0.15,17.09
2023-12-09 07:04:56,14.39,1511.1,81.1,-0.63,0.14,17.12
2023-12-09 07:14:56,14.39,1511.1,81.1,-0.63,0.15,17.12
2023-12-09 07:24:56,14.39,1511.1,81.0,-0.62,0.14,17.10
2023-12-09 07:34:56,14.39,1511.1,81.1,-0.62,0.15,17.00
2023-12-09 07:44:56,14.39,1511.1,81.0,-0.63,0.16,16.95
2023-12-09 07:54:56,14.39,1511.1,81.0,-0.63,0.16,16.98
2023-12-09 08:04:56,14.39,1511.1,81.0,-0.63,0.15,16.91
2023-12-09 08:14:56,14.39,1511.1,81.0,-0.63,0.15,16.96
2023-12-09 08:24:56,14.39,1511.1,81.0,-0.63,0.15,17.00
2023-12-09 08:34:56,14.39,1511.1,81.1,-0.63,0.14,17.03
2023-12-09 08:44:56,14.39,1511.1,81.1,-0.63,0.14,17.01
2023-12-09 08:54:56,14.39,1511.1,81.1,-0.63,0.14,17.04
2023-12-09 09:04:56,14.39,1511.1,81.1,-0.64,0.15,17.00
2023-12-09 09:14:56,14.39,1511.1,81.0,-0.63,0.14,16.98
2023-12-09 09:24:56,14.39,1511.1,81.0,-0.63,0.14,16.94
2023-12-09 09:34:56,14.39,1511.1,81.0,-0.63,0.14,16.90
2023-12-09 09:44:56,14.39,1511.1,81.0,-0.63,0.14,16.83
2023-12-09 09:54:56,14.39,1511.1,81.0,-0.63,0.14,16.77
2023-12-09 10:04:56,14.38,1511.1,81.0,-0.64,0.14,16.76
2023-12-09 10:14:56,14.38,1511.1,81.0,-0.64,0.14,16.80
2023-12-09 10:24:56,14.38,1511.1,81.0,-0.64,0.14,16.81
2023-12-09 10:34:56,14.38,1511.1,81.0,-0.63,0.14,16.78
2023-12-09 10:44:56,14.38,1511.1,81.0,-0.64,0.15,16.80
2023-12-09 10:54:56,14.38,1511.1,81.0,-0.64,0.14,16.80
2023-12-09 11:04:56,14.38,1511.1,81.0,-0.64,0.15,16.84
2023-12-09 11:14:56,14.38,1511.1,81.0,-0.63,0.14,16.83
2023-12-09 11:24:56,14.38,1511.1,81.0,-0.63,0.14,16.86
2023-12-09 11:34:56,14.38,1511.1,81.0,-0.63,0.14,16.83
2023-12-09 11:44:56,14.38,1511.1,81.0,-0.64,0.14,16.85
2023-12-09 11:54:56,14.38,1511.1,81.0,-0.64,0.14,16.92
2023-12-09 12:04:56,14.38,1511.1,81.1,-0.63,0.14,16.95
2023-12-09 12:14:56,14.38,1511.1,81.0,-0.63,0.14,16.95
2023-12-09 12:24:56,14.38,1511.1,81.0,-0.63,0.14,16.93
2023-12-09 12:34:56,14.38,1511.1,81.0,-0.63,0.14,16.88
2023-12-09 12:44:56,14.38,1510.5,81.0,-0.62,0.13,16.76
2023-12-09 12:54:56,14.38,1509.6,81.0,-0.63,0.13,16.70
2023-12-09 13:04:56,14.37,1510.5,81.0,-0.63,0.14,16.75
2023-12-09 13:14:56,14.38,1511.1,81.0,-0.63,0.14,16.80
2023-12-09 13:24:56,14.38,1510.3,81.0,-0.62,0.13,16.75
2023-12-09 13:34:56,14.38,1509.6,81.0,-0.63,0.13,16.70
2023-12-09 13:44:56,14.37,1510.4,81.0,-0.63,0.14,16.74
2023-12-09 13:54:56,14.38,1509.6,81.0,-0.63,0.14,16.62
2023-12-09 14:04:56,14.37,1509.6,81.0,-0.63,0.15,16.53
2023-12-09 14:14:56,14.37,1509.6,81.0,-0.62,0.14,16.50
2023-12-09 14:24:56,14.37,1509.6,81.0,-0.61,0.13,16.49
2023-12-09 14:34:56,14.37,1509.6,81.0,-0.62,0.13,16.49
2023-12-09 14:44:56,14.37,1509.6,81.0,-0.63,0.14,16.49
2023-12-09 14:54:56,14.37,1509.6,81.0,-0.63,0.14,16.51
2023-12-09 15:04:56,14.37,1509.6,81.0,-0.62,0.16,16.48
2023-12-09 15:14:56,14.37,1509.6,81.0,-0.63,0.15,16.48
2023-12-09 15:24:56,14.37,1509.6,81.0,-0.63,0.14,16.48
2023-12-09 15:34:56,14.37,1509.6,81.0,-0.61,0.18,16.44
2023-12-09 15:44:56,14.37,1509.6,81.0,-0.62,0.14,16.50
2023-12-09 15:54:56,14.36,1509.6,81.0,-0.63,0.15,16.53
2023-12-09 16:04:56,14.36,1509.6,81.0,-0.62,0.16,16.46
2023-12-09 16:14:56,14.36,1509.6,81.0,-0.62,0.15,16.44
2023-12-09 16:24:56,14.36,1509.6,81.0,-0.62,0.16,16.49
2023-12-09 16:34:56,14.36,1509.6,81.0,-0.63,0.15,16.52
2023-12-09 16:44:56,14.36,1509.6,80.9,-0.62,0.15,16.53
2023-12-09 16:54:56,14.36,1509.6,80.9,-0.63,0.15,16.52
2023-12-09 17:04:56,14.36,1509.6,81.0,-0.63,0.15,16.53
2023-12-09 17:14:56,14.36,1509.6,80.9,-0.63,0.16,16.56
2023-12-09 17:24:56,14.36,1509.6,80.9,-0.63,0.16,16.57
2023-12-09 17:34:56,14.36,1509.6,81.0,-0.63,0.16,16.60
2023-12-09 17:44:56,14.36,1509.6,80.9,-0.63,0.15,16.64
2023-12-09 17:54:56,14.36,1509.6,81.0,-0.62,0.15,16.63
2023-12-09 18:04:56,14.36,1509.6,81.0,-0.63,0.15,16.66
2023-12-09 18:14:56,14.36,1509.6,81.0,-0.63,0.15,16.67
2023-12-09 18:24:56,14.36,1509.6,81.0,-0.63,0.15,16.67
2023-12-09 18:34:56,14.36,1509.8,81.0,-0.63,0.15,16.72
2023-12-09 18:44:56,14.36,1510.9,81.0,-0.63,0.16,16.76
2023-12-09 18:54:56,14.37,1511.1,81.0,-0.64,0.19,16.77
2023-12-09 19:04:56,14.36,1511.1,81.0,-0.63,0.18,16.82
2023-12-09 19:14:56,14.37,1511.1,81.0,-0.64,0.19,16.85
2023-12-09 19:24:56,14.37,1511.1,81.0,-0.62,0.19,16.90
2023-12-09 19:34:56,14.37,1511.1,81.0,-0.63,0.17,16.92
2023-12-09 19:44:56,14.37,1511.1,81.0,-0.63,0.17,16.97
2023-12-09 19:54:56,14.37,1511.1,81.0,-0.63,0.16,17.01
2023-12-09 20:04:56,14.37,1511.1,81.0,-0.62,0.16,17.07
2023-12-09 20:14:56,14.37,1511.1,81.0,-0.62,0.16,17.07
2023-12-09 20:24:56,14.38,1511.1,81.0,-0.63,0.16,17.06
2023-12-09 20:34:56,14.38,1511.1,81.0,-0.62,0.17,17.09
2023-12-09 20:44:56,14.38,1511.1,81.0,-0.62,0.16,17.15
2023-12-09 20:54:56,14.37,1511.1,81.0,-0.63,0.17,17.16
2023-12-09 21:04:56,14.37,1511.1,81.0,-0.61,0.18,17.21
2023-12-09 21:14:56,14.38,1511.1,81.0,-0.63,0.18,17.22
2023-12-09 21:24:56,14.38,1511.1,81.0,-0.62,0.17,17.18
2023-12-09 21:34:56,14.38,1511.1,81.0,-0.62,0.16,17.20
2023-12-09 21:44:56,14.38,1511.1,81.0,-0.63,0.16,17.20
2023-12-09 21:54:56,14.39,1511.1,81.0,-0.63,0.16,17.20
2023-12-09 22:04:56,14.39,1511.1,81.0,-0.63,0.17,17.20
2023-12-09 22:14:56,14.39,1511.1,81.0,-0.63,0.16,17.18
2023-12-09 22:24:56,14.39,1511.1,81.0,-0.63,0.16,17.19
2023-12-09 22:34:56,14.39,1511.1,81.0,-0.62,0.15,17.18
2023-12-09 22:44:56,14.39,1511.1,81.0,-0.63,0.15,17.15
2023-12-09 22:54:56,14.39,1511.1,81.0,-0.62,0.15,17.13
2023-12-09 23:04:56,14.39,1511.1,81.0,-0.63,0.16,17.13
2023-12-09 23:14:56,14.39,1511.1,81.0,-0.62,0.15,17.15
2023-12-09 23:24:56,14.39,1511.1,81.0,-0.62,0.16,17.15
2023-12-09 23:34:56,14.39,1511.1,81.0,-0.62,0.16,17.13
2023-12-09 23:44:56,14.39,1511.1,81.0,-0.63,0.16,17.10
2023-12-09 23:54:56,14.39,1511.1,81.0,-0.63,0.16,17.08
2023-12-10 00:04:56,14.39,1511.1,81.0,-0.63,0.16,17.06
2023-12-10 00:14:56,14.39,1511.1,81.0,-0.63,0.16,17.05
2023-12-10 00:24:56,14.39,1511.1,81.0,-0.61,0.21,17.03
2023-12-10 00:34:56,14.39,1511.1,81.0,-0.62,0.17,17.03
2023-12-10 00:44:56,14.39,1511.1,81.0,-0.62,0.16,17.03
2023-12-10 00:54:56,14.39,1511.1,81.0,-0.63,0.16,17.03
2023-12-10 01:04:56,14.39,1511.1,81.0,-0.63,0.16,17.03
2023-12-10 01:14:56,14.39,1511.1,81.0,-0.62,0.16,16.99
2023-12-10 01:24:56,14.39,1511.1,81.0,-0.63,0.15,16.98
2023-12-10 01:34:56,14.39,1511.1,81.0,-0.62,0.16,16.99
2023-12-10 01:44:56,14.39,1511.1,81.0,-0.63,0.16,17.00
2023-12-10 01:54:56,14.39,1511.1,81.0,-0.63,0.16,17.00
2023-12-10 02:04:56,14.39,1511.1,81.0,-0.62,0.16,17.00
2023-12-10 02:14:56,14.39,1511.1,81.0,-0.62,0.16,16.96
2023-12-10 02:24:56,14.39,1511.1,81.0,-0.62,0.15,16.95
2023-12-10 02:34:56,14.39,1511.1,81.0,-0.63,0.15,16.90
2023-12-10 02:44:56,14.39,1511.1,81.0,-0.63,0.15,16.92
2023-12-10 02:54:56,14.39,1511.1,81.0,-0.62,0.15,16.94
2023-12-10 03:04:56,14.39,1511.1,81.0,-0.62,0.15,16.94
2023-12-10 03:14:56,14.39,1511.1,81.0,-0.63,0.15,16.94
2023-12-10 03:24:56,14.39,1511.1,81.0,-0.62,0.15,16.86
2023-12-10 03:34:56,14.38,1510.2,81.0,-0.62,0.15,16.75
2023-12-10 03:44:56,14.39,1509.6,81.0,-0.63,0.16,16.71
2023-12-10 03:54:56,14.38,1509.6,81.0,-0.62,0.15,16.66
2023-12-10 04:04:56,14.38,1509.6,81.0,-0.63,0.18,16.63
2023-12-10 04:14:56,14.38,1509.6,81.0,-0.63,0.16,16.63
2023-12-10 04:24:56,14.38,1509.6,81.0,-0.63,0.15,16.64
2023-12-10 04:34:56,14.38,1509.6,81.0,-0.63,0.15,16.65
2023-12-10 04:44:56,14.38,1509.6,81.0,-0.62,0.15,16.68
2023-12-10 04:54:56,14.37,1509.6,81.0,-0.62,0.15,16.72
2023-12-10 05:04:56,14.38,1509.6,81.0,-0.62,0.16,16.73
2023-12-10 05:14:56,14.38,1509.6,81.0,-0.61,0.16,16.57
2023-12-10 05:24:56,14.37,1509.6,81.0,-0.62,0.16,16.55
2023-12-10 05:34:56,14.37,1509.6,81.0,-0.63,0.17,16.65
2023-12-10 05:44:56,14.37,1510.8,81.0,-0.63,0.17,16.76
2023-12-10 05:54:56,14.37,1509.7,81.0,-0.63,0.16,16.65
2023-12-10 06:04:56,14.37,1509.6,81.0,-0.63,0.16,16.61
2023-12-10 06:14:56,14.37,1509.6,81.0,-0.62,0.15,16.67
2023-12-10 06:24:56,14.37,1509.9,81.0,-0.62,0.15,16.71
2023-12-10 06:34:56,14.37,1509.6,81.0,-0.62,0.15,16.62
2023-12-10 06:44:56,14.37,1509.6,81.0,-0.63,0.15,16.62
2023-12-10 06:54:56,14.37,1509.6,81.0,-0.62,0.15,16.63
2023-12-10 07:04:56,14.37,1509.6,81.0,-0.63,0.15,16.67
2023-12-10 07:14:56,14.37,1509.6,81.0,-0.62,0.15,16.68
2023-12-10 07:24:56,14.37,1509.6,81.0,-0.63,0.15,16.66
2023-12-10 07:34:56,14.37,1509.6,81.0,-0.62,0.14,16.54
2023-12-10 07:44:56,14.37,1509.6,81.0,-0.63,0.15,16.63
2023-12-10 07:54:56,14.37,1509.6,81.0,-0.63,0.15,16.67
2023-12-10 08:04:56,14.37,1509.6,81.0,-0.62,0.14,16.66
2023-12-10 08:14:56,14.37,1509.6,81.0,-0.62,0.14,16.68
2023-12-10 08:24:56,14.37,1509.6,81.0,-0.62,0.15,16.56
2023-12-10 08:34:56,14.37,1509.6,81.0,-0.62,0.14,16.52
2023-12-10 08:44:56,14.37,1509.2,81.0,-0.62,0.14,16.29
2023-12-10 08:54:56,14.36,1509.2,81.0,-0.63,0.14,16.31
2023-12-10 09:04:56,14.37,1509.6,81.0,-0.63,0.14,16.28
2023-12-10 09:14:56,14.37,1509.5,81.0,-0.63,0.14,16.27
2023-12-10 09:24:56,14.36,1509.6,81.0,-0.63,0.14,16.39
2023-12-10 09:34:56,14.36,1509.6,81.0,-0.63,0.14,16.53
2023-12-10 09:44:56,14.36,1509.6,81.0,-0.63,0.14,16.52
2023-12-10 09:54:56,14.36,1509.6,81.0,-0.63,0.15,16.55
2023-12-10 10:04:56,14.36,1509.6,81.0,-0.62,0.14,16.52
2023-12-10 10:14:56,14.36,1509.6,81.0,-0.62,0.14,16.47
2023-12-10 10:24:56,14.36,1509.6,81.0,-0.62,0.14,16.48
2023-12-10 10:34:56,14.36,1509.6,81.0,-0.62,0.14,16.44
2023-12-10 10:44:56,14.36,1509.6,81.0,-0.62,0.14,16.40
2023-12-10 10:54:56,14.36,1509.4,81.0,-0.62,0.14,16.34
2023-12-10 11:04:56,14.36,1508.1,81.0,-0.62,0.13,16.09
2023-12-10 11:14:56,14.36,1508.1,81.0,-0.63,0.14,16.17
2023-12-10 11:24:56,14.36,1509.6,81.0,-0.63,0.14,16.32
2023-12-10 11:34:56,14.36,1508.7,81.0,-0.63,0.14,16.22
2023-12-10 11:44:56,14.35,1508.1,80.9,-0.62,0.13,16.06
2023-12-10 11:54:56,14.35,1508.1,80.9,-0.63,0.14,15.99
2023-12-10 12:04:56,14.35,1508.1,80.9,-0.63,0.13,15.96
2023-12-10 12:14:56,14.35,1508.1,81.0,-0.64,0.13,16.05
2023-12-10 12:24:56,14.35,1508.1,81.0,-0.63,0.13,16.14
2023-12-10 12:34:56,14.35,1508.1,81.0,-0.63,0.13,16.15
2023-12-10 12:44:56,14.35,1508.1,80.9,-0.63,0.14,16.10
2023-12-10 12:54:56,14.35,1508.1,80.9,-0.63,0.14,16.07
2023-12-10 13:04:56,14.35,1508.1,81.0,-0.63,0.13,16.11
2023-12-10 13:14:56,14.34,1508.1,80.9,-0.63,0.13,16.11
2023-12-10 13:24:56,14.34,1508.1,80.9,-0.63,0.14,16.05
2023-12-10 13:34:56,14.34,1508.1,80.9,-0.63,0.14,16.03
2023-12-10 13:44:56,14.34,1508.1,80.9,-0.63,0.13,16.02
2023-12-10 13:54:56,14.34,1508.1,81.0,-0.63,0.13,16.16
2023-12-10 14:04:56,14.34,1508.1,80.9,-0.63,0.13,16.03
2023-12-10 14:14:56,14.33,1508.1,80.9,-0.63,0.13,16.02
2023-12-10 14:24:56,14.33,1508.1,80.9,-0.63,0.13,16.04
2023-12-10 14:34:56,14.33,1508.1,80.9,-0.63,0.13,16.18
2023-12-10 14:44:56,14.34,1509.1,80.9,-0.63,0.13,16.26
2023-12-10 14:54:56,14.34,1509.6,80.9,-0.63,0.13,16.33
2023-12-10 15:04:56,14.34,1509.6,80.9,-0.63,0.13,16.31
2023-12-10 15:14:56,14.34,1509.6,80.9,-0.63,0.13,16.28
2023-12-10 15:24:56,14.34,1509.6,80.9,-0.62,0.13,16.39
2023-12-10 15:34:56,14.34,1509.6,80.9,-0.63,0.13,16.49
2023-12-10 15:44:56,14.34,1509.6,80.9,-0.62,0.13,16.48
2023-12-10 15:54:56,14.34,1509.6,80.9,-0.62,0.13,16.45
2023-12-10 16:04:56,14.34,1509.6,80.9,-0.62,0.13,16.48
2023-12-10 16:14:56,14.35,1509.6,80.9,-0.62,0.13,16.54
2023-12-10 16:24:56,14.34,1509.6,80.9,-0.62,0.13,16.59
2023-12-10 16:34:56,14.35,1509.6,80.9,-0.62,0.13,16.62
2023-12-10 16:44:56,14.35,1509.6,80.9,-0.62,0.14,16.61
2023-12-10 16:54:56,14.35,1509.6,80.9,-0.62,0.14,16.63
2023-12-10 17:04:56,14.35,1509.6,80.9,-0.62,0.14,16.65
2023-12-10 17:14:56,14.35,1509.6,80.9,-0.62,0.14,16.69
2023-12-10 17:24:56,14.35,1509.6,80.9,-0.62,0.14,16.72
2023-12-10 17:34:56,14.35,1510.2,80.9,-0.62,0.14,16.74
2023-12-10 17:44:56,14.36,1510.2,80.9,-0.62,0.14,16.75
2023-12-10 17:54:56,14.36,1509.6,80.9,-0.61,0.13,16.74
2023-12-10 18:04:56,14.36,1510.3,80.9,-0.61,0.14,16.74
2023-12-10 18:14:56,14.36,1511.1,80.9,-0.61,0.14,16.78
2023-12-10 18:24:56,14.36,1511.1,80.9,-0.61,0.14,16.82
2023-12-10 18:34:56,14.36,1511.1,81.0,-0.62,0.14,16.89
2023-12-10 18:44:56,14.36,1511.1,81.0,-0.61,0.14,16.91
2023-12-10 18:54:56,14.37,1511.1,81.0,-0.61,0.14,16.92
2023-12-10 19:04:56,14.37,1511.1,81.0,-0.61,0.14,16.93
2023-12-10 19:14:56,14.37,1511.1,81.0,-0.61,0.14,16.96
2023-12-10 19:24:56,14.37,1511.1,81.0,-0.61,0.15,16.98
2023-12-10 19:34:56,14.37,1511.1,81.0,-0.61,0.15,16.95
2023-12-10 19:44:56,14.37,1511.1,81.0,-0.61,0.15,16.85
2023-12-10 19:54:56,14.37,1511.1,81.0,-0.61,0.16,16.94
2023-12-10 20:04:56,14.37,1511.1,81.0,-0.60,0.16,17.00
2023-12-10 20:14:56,14.37,1511.1,81.0,-0.61,0.15,17.03
2023-12-10 20:24:56,14.37,1511.1,81.0,-0.61,0.15,17.11
2023-12-10 20:34:56,14.38,1511.1,81.0,-0.61,0.15,17.10
2023-12-10 20:44:56,14.38,1511.1,81.0,-0.61,0.15,17.12
2023-12-10 20:54:56,14.38,1511.1,81.0,-0.61,0.15,17.14
2023-12-10 21:04:56,14.38,1511.1,81.0,-0.60,0.15,17.14
2023-12-10 21:14:56,14.38,1511.1,81.0,-0.60,0.15,17.14
2023-12-10 21:24:56,14.38,1511.1,81.0,-0.61,0.15,17.15
2023-12-10 21:34:56,14.38,1511.1,81.0,-0.60,0.15,17.17
2023-12-10 21:44:56,14.39,1511.1,81.0,-0.60,0.15,17.21
2023-12-10 21:54:56,14.39,1511.7,81.1,-0.61,0.15,17.25
2023-12-10 22:04:56,14.39,1512.6,81.1,-0.61,0.15,17.31
2023-12-10 22:14:56,14.39,1512.6,81.0,-0.60,0.15,17.29
2023-12-10 22:24:56,14.39,1512.6,81.0,-0.60,0.15,17.31
2023-12-10 22:34:56,14.40,1512.6,81.0,-0.60,0.15,17.33
2023-12-10 22:44:56,14.39,1512.6,81.0,-0.60,0.15,17.31
2023-12-10 22:54:56,14.39,1512.6,81.0,-0.60,0.16,17.36
2023-12-10 23:04:56,14.40,1512.6,81.0,-0.60,0.15,17.43
2023-12-10 23:14:56,14.40,1512.6,81.0,-0.60,0.15,17.46
2023-12-10 23:24:56,14.40,1512.6,81.0,-0.60,0.16,17.47
2023-12-10 23:34:56,14.40,1512.6,81.0,-0.60,0.15,17.48
2023-12-10 23:44:56,14.40,1512.6,81.0,-0.60,0.16,17.47
2023-12-10 23:54:56,14.40,1512.6,81.0,-0.60,0.15,17.46
2023-12-11 00:04:56,14.40,1512.6,81.0,-0.59,0.15,17.45
2023-12-11 00:14:56,14.40,1512.6,81.0,-0.60,0.15,17.44
2023-12-11 00:24:56,14.40,1512.6,81.0,-0.60,0.15,17.43
2023-12-11 00:34:56,14.40,1512.6,81.0,-0.60,0.16,17.41
2023-12-11 00:44:56,14.40,1512.6,81.0,-0.60,0.15,17.38
2023-12-11 00:54:56,14.40,1512.6,81.0,-0.60,0.15,17.36
2023-12-11 01:04:56,14.40,1512.6,81.0,-0.60,0.15,17.35
2023-12-11 01:14:56,14.40,1512.6,81.0,-0.60,0.15,17.35
2023-12-11 01:24:56,14.40,1512.6,81.0,-0.60,0.15,17.35
2023-12-11 01:34:56,14.40,1512.6,81.0,-0.60,0.15,17.36
2023-12-11 01:44:56,14.40,1512.6,81.0,-0.60,0.15,17.36
2023-12-11 01:54:56,14.40,1512.6,81.0,-0.60,0.15,17.36
2023-12-11 02:04:56,14.40,1512.6,81.0,-0.60,0.15,17.37
2023-12-11 02:14:56,14.40,1512.6,81.0,-0.60,0.15,17.37
2023-12-11 02:24:56,14.40,1512.6,81.0,-0.60,0.15,17.36
2023-12-11 02:34:56,14.40,1512.6,81.0,-0.60,0.15,17.35
2023-12-11 02:44:56,14.40,1512.6,81.0,-0.60,0.15,17.34
2023-12-11 02:54:56,14.40,1512.6,81.0,-0.60,0.15,17.33
2023-12-11 03:04:56,14.40,1512.6,81.0,-0.60,0.15,17.32
2023-12-11 03:14:56,14.40,1512.6,81.0,-0.60,0.15,17.30
2023-12-11 03:24:56,14.40,1512.6,81.0,-0.60,0.14,17.30
2023-12-11 03:34:56,14.40,1512.6,81.0,-0.60,0.14,17.30
2023-12-11 03:44:56,14.40,1512.6,81.0,-0.60,0.15,17.30
2023-12-11 03:54:56,14.40,1512.6,81.0,-0.60,0.15,17.30
2023-12-11 04:04:56,14.40,1512.6,81.0,-0.60,0.15,17.30
2023-12-11 04:14:56,14.40,1512.6,81.0,-0.60,0.15,17.29
2023-12-11 04:24:56,14.40,1512.6,81.0,-0.60,0.15,17.29
2023-12-11 04:34:56,14.40,1512.6,81.0,-0.60,0.15,17.28
2023-12-11 04:44:56,14.40,1512.6,81.0,-0.60,0.15,17.27
2023-12-11 04:54:56,14.40,1512.6,81.0,-0.60,0.15,17.27
2023-12-11 05:04:56,14.40,1512.6,81.0,-0.60,0.14,17.26
2023-12-11 05:14:56,14.40,1512.5,81.0,-0.60,0.15,17.25
2023-12-11 05:24:56,14.40,1511.7,81.0,-0.60,0.14,17.24
2023-12-11 05:34:56,14.40,1511.1,81.0,-0.60,0.14,17.24
2023-12-11 05:44:56,14.40,1511.1,81.0,-0.60,0.14,17.24
2023-12-11 05:54:56,14.40,1511.1,81.0,-0.60,0.15,17.19
2023-12-11 06:04:56,14.40,1511.1,81.0,-0.60,0.14,17.08
2023-12-11 06:14:56,14.40,1511.1,81.0,-0.60,0.14,17.05
2023-12-11 06:24:56,14.40,1511.1,81.0,-0.61,0.14,17.07
2023-12-11 06:34:56,14.40,1511.1,81.0,-0.61,0.14,17.09
2023-12-11 06:44:56,14.40,1511.1,81.0,-0.60,0.14,17.12
2023-12-11 06:54:56,14.40,1511.1,81.0,-0.61,0.15,17.14
2023-12-11 07:04:56,14.40,1511.1,81.0,-0.61,0.14,17.17
2023-12-11 07:14:56,14.40,1511.1,81.0,-0.60,0.14,17.14
2023-12-11 07:24:56,14.40,1511.1,81.0,-0.60,0.14,16.99
2023-12-11 07:34:56,14.40,1511.1,81.0,-0.60,0.14,16.96
2023-12-11 07:44:56,14.39,1511.1,81.0,-0.61,0.14,16.97
2023-12-11 07:54:56,14.40,1511.1,81.0,-0.61,0.14,17.01
2023-12-11 08:04:56,14.39,1511.1,81.0,-0.61,0.14,17.01
2023-12-11 08:14:56,14.39,1511.1,81.0,-0.61,0.15,16.98
2023-12-11 08:24:56,14.40,1511.1,81.0,-0.61,0.14,17.01
2023-12-11 08:34:56,14.39,1511.1,81.0,-0.61,0.14,17.05
2023-12-11 08:44:56,14.39,1511.1,81.0,-0.61,0.14,17.05
2023-12-11 08:54:56,14.39,1511.1,81.0,-0.61,0.14,17.05
2023-12-11 09:04:56,14.39,1511.1,81.0,-0.61,0.14,17.07
2023-12-11 09:14:56,14.39,1511.1,81.0,-0.61,0.14,17.07
2023-12-11 09:24:56,14.39,1511.1,81.0,-0.60,0.15,17.06
2023-12-11 09:34:56,14.39,1511.1,81.0,-0.61,0.14,17.06
2023-12-11 09:44:56,14.39,1511.1,81.0,-0.61,0.15,17.04
2023-12-11 09:54:56,14.39,1511.1,81.0,-0.60,0.14,16.95
2023-12-11 10:04:56,14.39,1511.1,81.0,-0.61,0.14,16.96
2023-12-11 10:14:56,14.39,1511.1,81.0,-0.61,0.14,16.97
2023-12-11 10:24:56,14.39,1511.1,81.0,-0.61,0.14,16.98
2023-12-11 10:34:56,14.39,1511.1,81.0,-0.61,0.14,17.00
2023-12-11 10:44:56,14.39,1511.1,81.0,-0.61,0.14,17.04
2023-12-11 10:54:56,14.39,1511.1,81.0,-0.61,0.14,17.06
2023-12-11 11:04:56,14.39,1511.1,81.0,-0.61,0.15,17.06
2023-12-11 11:14:56,14.39,1511.1,81.0,-0.61,0.15,17.05
2023-12-11 11:24:56,14.39,1511.1,81.0,-0.61,0.14,17.06
2023-12-11 11:34:56,14.39,1511.1,81.0,-0.61,0.15,17.05
2023-12-11 11:44:56,14.39,1511.1,81.0,-0.60,0.15,17.05
2023-12-11 11:54:56,14.39,1511.1,81.0,-0.61,0.15,17.05
2023-12-11 12:04:56,14.39,1511.1,81.0,-0.61,0.15,17.04
2023-12-11 12:14:56,14.39,1511.1,81.0,-0.60,0.14,17.02
2023-12-11 12:24:56,14.39,1511.1,81.0,-0.61,0.15,17.01
2023-12-11 12:34:56,14.39,1511.1,81.0,-0.60,0.15,17.00
2023-12-11 12:44:56,14.39,1511.1,81.0,-0.61,0.14,16.99
2023-12-11 12:54:56,14.39,1511.1,81.0,-0.61,0.14,16.98
2023-12-11 13:04:56,14.39,1511.1,81.0,-0.61,0.15,16.95
2023-12-11 13:14:56,14.39,1511.1,81.0,-0.61,0.14,16.94
2023-12-11 13:24:56,14.39,1511.1,81.0,-0.61,0.15,16.93
2023-12-11 13:34:56,14.39,1511.1,81.0,-0.61,0.14,16.92
2023-12-11 13:44:56,14.39,1511.1,81.0,-0.61,0.14,16.91
2023-12-11 13:54:56,14.39,1511.1,81.0,-0.61,0.14,16.91
2023-12-11 14:04:56,14.39,1511.1,81.0,-0.61,0.14,16.90
2023-12-11 14:14:56,14.39,1511.1,81.0,-0.61,0.14,16.88
2023-12-11 14:24:56,14.39,1511.1,81.0,-0.61,0.14,16.88
2023-12-11 14:34:56,14.39,1511.1,81.0,-0.61,0.14,16.86
2023-12-11 14:44:56,14.39,1511.1,81.0,-0.61,0.14,16.85
2023-12-11 14:54:56,14.39,1511.1,81.0,-0.61,0.14,16.85
2023-12-11 15:04:56,14.39,1511.1,80.9,-0.61,0.14,16.85
2023-12-11 15:14:56,14.38,1511.1,81.0,-0.61,0.15,16.85
2023-12-11 15:24:56,14.39,1511.1,80.9,-0.61,0.14,16.87
2023-12-11 15:34:56,14.39,1511.1,80.9,-0.61,0.14,16.87
2023-12-11 15:44:56,14.39,1511.1,80.9,-0.61,0.14,16.88
2023-12-11 15:54:56,14.39,1511.1,81.0,-0.62,0.14,16.88
2023-12-11 16:04:56,14.39,1511.1,80.9,-0.61,0.14,16.89
2023-12-11 16:14:56,14.39,1511.1,80.9,-0.62,0.14,16.90
2023-12-11 16:24:56,14.39,1511.1,80.9,-0.61,0.14,16.91
2023-12-11 16:34:56,14.38,1511.1,80.9,-0.61,0.14,16.92
2023-12-11 16:44:56,14.39,1511.1,80.9,-0.61,0.14,16.92
2023-12-11 16:54:56,14.39,1511.1,80.9,-0.61,0.14,16.93
2023-12-11 17:04:56,14.39,1511.1,80.9,-0.61,0.14,16.94
2023-12-11 17:14:56,14.39,1511.1,80.9,-0.61,0.14,16.95
2023-12-11 17:24:56,14.39,1511.1,80.9,-0.62,0.14,16.96
2023-12-11 17:34:56,14.39,1511.1,80.9,-0.61,0.14,16.96
2023-12-11 17:44:56,14.39,1511.1,80.9,-0.61,0.14,16.97
2023-12-11 17:54:56,14.39,1511.1,80.9,-0.61,0.14,16.93
2023-12-11 18:04:56,14.39,1511.1,81.0,-0.61,0.15,16.92
2023-12-11 18:14:56,14.39,1511.1,81.0,-0.61,0.14,16.92
2023-12-11 18:24:56,14.39,1511.1,81.0,-0.61,0.14,16.92
2023-12-11 18:34:56,14.39,1511.1,81.0,-0.61,0.15,16.93
2023-12-11 18:44:56,14.39,1511.1,81.0,-0.61,0.14,16.93
2023-12-11 18:54:56,14.39,1511.1,81.0,-0.61,0.14,16.94
2023-12-11 19:04:56,14.39,1511.1,81.0,-0.61,0.14,16.95
2023-12-11 19:14:56,14.39,1511.1,81.0,-0.61,0.14,16.96
2023-12-11 19:24:56,14.39,1511.1,81.0,-0.61,0.14,16.98
2023-12-11 19:34:56,14.39,1511.1,81.0,-0.61,0.14,16.99
2023-12-11 19:44:56,14.39,1511.1,81.0,-0.61,0.14,17.00
2023-12-11 19:54:56,14.39,1511.1,81.0,-0.61,0.14,17.01
2023-12-11 20:04:56,14.39,1511.1,81.0,-0.61,0.14,17.03
2023-12-11 20:14:56,14.39,1511.1,81.0,-0.61,0.15,17.06
2023-12-11 20:24:56,14.40,1511.1,81.1,-0.61,0.14,17.09
2023-12-11 20:34:56,14.39,1511.1,81.0,-0.61,0.15,17.11
2023-12-11 20:44:56,14.39,1511.1,81.0,-0.60,0.15,17.13
2023-12-11 20:54:56,14.39,1511.1,81.0,-0.60,0.14,17.16
2023-12-11 21:04:56,14.39,1511.1,81.0,-0.61,0.15,17.21
2023-12-11 21:14:56,14.39,1512.1,81.0,-0.60,0.15,17.25
2023-12-11 21:24:56,14.40,1512.6,81.0,-0.60,0.15,17.27
2023-12-11 21:34:56,14.40,1512.6,81.0,-0.60,0.15,17.29
2023-12-11 21:44:56,14.39,1512.6,81.1,-0.60,0.15,17.31
2023-12-11 21:54:56,14.39,1512.6,81.1,-0.60,0.15,17.33
2023-12-11 22:04:56,14.40,1512.6,81.0,-0.60,0.15,17.39
2023-12-11 22:14:56,14.40,1512.6,81.0,-0.60,0.14,17.42
2023-12-11 22:24:56,14.40,1512.6,81.0,-0.60,0.15,17.41
2023-12-11 22:34:56,14.40,1512.6,81.0,-0.60,0.14,17.43
2023-12-11 22:44:56,14.40,1512.6,81.0,-0.60,0.15,17.43
2023-12-11 22:54:56,14.40,1512.6,81.0,-0.59,0.15,17.43
2023-12-11 23:04:56,14.40,1512.6,81.0,-0.59,0.15,17.44
2023-12-11 23:14:56,14.40,1512.6,81.0,-0.60,0.15,17.45
2023-12-11 23:24:56,14.40,1512.6,81.0,-0.59,0.15,17.45
2023-12-11 23:34:56,14.40,1512.6,81.0,-0.60,0.15,17.45
2023-12-11 23:44:56,14.40,1512.6,81.0,-0.60,0.15,17.45
2023-12-11 23:54:56,14.40,1512.6,81.0,-0.60,0.14,17.44
2023-12-12 00:04:56,14.40,1512.6,81.0,-0.60,0.15,17.44
2023-12-12 00:14:56,14.40,1512.6,81.0,-0.59,0.15,17.44
2023-12-12 00:24:56,14.40,1512.6,81.0,-0.60,0.15,17.43
2023-12-12 00:34:56,14.40,1512.6,81.0,-0.59,0.15,17.42
2023-12-12 00:44:56,14.40,1512.6,81.0,-0.59,0.15,17.41
2023-12-12 00:54:56,14.40,1512.6,81.0,-0.59,0.15,17.41
2023-12-12 01:04:56,14.40,1512.6,81.0,-0.60,0.14,17.40
2023-12-12 01:14:56,14.40,1512.6,81.0,-0.60,0.15,17.40
2023-12-12 01:24:56,14.40,1512.6,81.0,-0.60,0.15,17.39
2023-12-12 01:34:56,14.40,1512.6,81.0,-0.60,0.15,17.38
2023-12-12 01:44:56,14.40,1512.6,81.0,-0.59,0.14,17.38
2023-12-12 01:54:56,14.40,1512.6,81.0,-0.60,0.15,17.37
2023-12-12 02:04:56,14.40,1512.6,81.0,-0.59,0.14,17.36
2023-12-12 02:14:56,14.40,1512.6,81.0,-0.60,0.14,17.36
2023-12-12 02:24:56,14.40,1512.6,81.0,-0.60,0.14,17.36
2023-12-12 02:34:56,14.40,1512.6,81.0,-0.59,0.15,17.35
2023-12-12 02:44:56,14.40,1512.6,81.0,-0.60,0.14,17.35
2023-12-12 02:54:56,14.40,1512.6,81.0,-0.60,0.15,17.35
2023-12-12 03:04:56,14.40,1512.6,81.0,-0.60,0.14,17.34
2023-12-12 03:14:56,14.40,1512.6,81.0,-0.59,0.14,17.34
2023-12-12 03:24:56,14.40,1512.6,81.0,-0.60,0.14,17.34
2023-12-12 03:34:56,14.40,1512.6,81.0,-0.60,0.15,17.34
2023-12-12 03:44:56,14.40,1512.6,81.0,-0.60,0.14,17.34
2023-12-12 03:54:56,14.40,1512.6,81.0,-0.60,0.14,17.32
2023-12-12 04:04:56,14.40,1512.6,81.0,-0.59,0.14,17.29
2023-12-12 04:14:56,14.40,1512.6,81.0,-0.60,0.14,17.26
2023-12-12 04:24:56,14.40,1512.6,81.0,-0.60,0.14,17.26
2023-12-12 04:34:56,14.40,1512.5,81.0,-0.60,0.14,17.25
2023-12-12 04:44:56,14.40,1512.6,81.0,-0.60,0.14,17.26
2023-12-12 04:54:56,14.40,1512.6,81.0,-0.60,0.14,17.26
2023-12-12 05:04:56,14.40,1512.4,81.0,-0.60,0.14,17.25
2023-12-12 05:14:56,14.40,1511.5,81.0,-0.60,0.14,17.24
2023-12-12 05:24:56,14.40,1511.1,81.0,-0.60,0.15,17.23
2023-12-12 05:34:56,14.40,1511.1,81.0,-0.60,0.14,17.23
2023-12-12 05:44:56,14.40,1511.1,81.0,-0.60,0.14,17.23
2023-12-12 05:54:56,14.40,1511.1,81.0,-0.60,0.15,17.22
2023-12-12 06:04:56,14.40,1511.1,81.0,-0.60,0.14,17.21
2023-12-12 06:14:56,14.40,1511.1,81.0,-0.60,0.14,17.21
2023-12-12 06:24:56,14.40,1511.1,81.0,-0.60,0.14,17.21
2023-12-12 06:34:56,14.40,1511.1,81.0,-0.60,0.14,17.22
2023-12-12 06:44:56,14.40,1511.1,81.0,-0.60,0.14,17.23
2023-12-12 06:54:56,14.40,1511.1,81.0,-0.60,0.14,17.23
2023-12-12 07:04:56,14.40,1511.1,81.0,-0.60,0.14,17.23
2023-12-12 07:14:56,14.40,1511.1,81.0,-0.60,0.14,17.22
2023-12-12 07:24:56,14.40,1511.1,81.0,-0.60,0.14,17.22
2023-12-12 07:34:56,14.40,1511.1,81.0,-0.60,0.15,17.21
2023-12-12 07:44:56,14.40,1511.1,81.0,-0.60,0.14,17.19
2023-12-12 07:54:56,14.40,1511.1,81.0,-0.60,0.14,17.19
2023-12-12 08:04:56,14.40,1511.1,81.0,-0.60,0.14,17.18
2023-12-12 08:14:56,14.40,1511.1,81.0,-0.60,0.14,17.16
2023-12-12 08:24:56,14.40,1511.1,81.0,-0.60,0.14,17.15
2023-12-12 08:34:56,14.40,1511.1,81.0,-0.60,0.14,17.13
2023-12-12 08:44:56,14.40,1511.1,81.0,-0.60,0.14,17.12
2023-12-12 08:54:56,14.40,1511.1,81.0,-0.60,0.14,17.11
2023-12-12 09:04:56,14.40,1511.1,81.0,-0.60,0.14,17.10
2023-12-12 09:14:56,14.40,1511.1,81.0,-0.60,0.15,17.10
2023-12-12 09:24:56,14.40,1511.1,81.0,-0.60,0.14,17.06
2023-12-12 09:34:56,14.40,1511.1,81.0,-0.61,0.15,17.06
2023-12-12 09:44:56,14.40,1511.1,81.0,-0.60,0.15,17.04
2023-12-12 09:54:56,14.40,1511.1,81.0,-0.60,0.14,17.01
2023-12-12 10:04:56,14.40,1511.1,81.0,-0.61,0.14,16.98
2023-12-12 10:14:56,14.40,1511.1,81.0,-0.60,0.14,16.97
2023-12-12 10:24:56,14.40,1511.1,81.0,-0.60,0.14,16.96
2023-12-12 10:34:56,14.40,1511.1,81.0,-0.60,0.14,16.97
2023-12-12 10:44:56,14.40,1511.1,81.0,-0.60,0.14,16.97
2023-12-12 10:54:56,14.40,1511.1,81.0,-0.61,0.14,16.96
2023-12-12 11:04:56,14.40,1511.1,81.0,-0.61,0.14,16.95
2023-12-12 11:14:56,14.40,1511.1,81.0,-0.61,0.14,16.95
2023-12-12 11:24:56,14.40,1511.1,81.0,-0.61,0.14,16.97
2023-12-12 11:34:56,14.39,1511.1,81.0,-0.61,0.14,16.99
2023-12-12 11:44:56,14.40,1511.1,81.0,-0.60,0.14,17.00
2023-12-12 11:54:56,14.40,1511.1,81.0,-0.60,0.14,17.00
2023-12-12 12:04:56,14.40,1511.1,81.0,-0.61,0.14,17.02
2023-12-12 12:14:56,14.40,1511.1,81.0,-0.61,0.14,17.03
2023-12-12 12:24:56,14.40,1511.1,81.0,-0.60,0.14,17.04
2023-12-12 12:34:56,14.40,1511.1,81.0,-0.61,0.14,17.05
2023-12-12 12:44:56,14.39,1511.1,81.0,-0.60,0.14,17.02
2023-12-12 12:54:56,14.39,1511.1,81.0,-0.60,0.14,16.99
2023-12-12 13:04:56,14.40,1511.1,81.0,-0.61,0.14,16.97
2023-12-12 13:14:56,14.40,1511.1,81.0,-0.60,0.14,16.96
2023-12-12 13:24:56,14.39,1511.1,81.0,-0.60,0.14,16.97
2023-12-12 13:34:56,14.39,1511.1,81.0,-0.61,0.15,16.97
2023-12-12 13:44:56,14.40,1511.1,81.0,-0.60,0.14,16.98
2023-12-12 13:54:56,14.39,1511.1,81.0,-0.60,0.14,17.00
2023-12-12 14:04:56,14.39,1511.1,81.0,-0.60,0.15,16.99
2023-12-12 14:14:56,14.39,1511.1,81.0,-0.61,0.14,16.95
2023-12-12 14:24:56,14.39,1511.1,81.0,-0.60,0.14,16.93
2023-12-12 14:34:56,14.40,1510.6,81.0,-0.60,0.14,16.80
2023-12-12 14:44:56,14.39,1509.6,81.0,-0.60,0.15,16.68
2023-12-12 14:54:56,14.39,1509.6,81.0,-0.60,0.14,16.58
2023-12-12 15:04:56,14.39,1509.6,81.0,-0.60,0.14,16.55
2023-12-12 15:14:56,14.39,1509.6,81.0,-0.61,0.14,16.62
2023-12-12 15:24:56,14.39,1510.1,81.0,-0.62,0.14,16.73
2023-12-12 15:34:56,14.39,1511.1,81.0,-0.61,0.14,16.83
2023-12-12 15:44:56,14.39,1511.1,81.0,-0.61,0.14,16.89
2023-12-12 15:54:56,14.39,1511.1,81.0,-0.61,0.14,16.90
2023-12-12 16:04:56,14.39,1511.1,81.0,-0.61,0.14,16.90
2023-12-12 16:14:56,14.39,1511.1,80.9,-0.60,0.14,16.84
2023-12-12 16:24:56,14.39,1511.1,80.9,-0.60,0.14,16.79
2023-12-12 16:34:56,14.39,1511.1,80.9,-0.60,0.14,16.80
2023-12-12 16:44:56,14.39,1511.1,80.9,-0.61,0.14,16.81
2023-12-12 16:54:56,14.39,1511.1,80.9,-0.61,0.14,16.82
2023-12-12 17:04:56,14.39,1511.1,80.9,-0.61,0.14,16.83
2023-12-12 17:14:56,14.39,1511.1,80.9,-0.61,0.14,16.85
2023-12-12 17:24:56,14.39,1511.1,81.0,-0.61,0.14,16.85
2023-12-12 17:34:56,14.39,1510.5,81.0,-0.60,0.14,16.77
2023-12-12 17:44:56,14.39,1509.6,81.0,-0.61,0.14,16.69
2023-12-12 17:54:56,14.39,1509.6,80.9,-0.60,0.14,16.66
2023-12-12 18:04:56,14.38,1509.6,81.0,-0.60,0.13,16.65
2023-12-12 18:14:56,14.38,1509.6,81.0,-0.60,0.13,16.64
2023-12-12 18:24:56,14.38,1509.6,81.0,-0.61,0.13,16.64
2023-12-12 18:34:56,14.38,1509.6,81.0,-0.61,0.14,16.69
2023-12-12 18:44:56,14.38,1510.0,81.0,-0.61,0.14,16.74
2023-12-12 18:54:56,14.38,1511.1,81.0,-0.61,0.14,16.79
2023-12-12 19:04:56,14.39,1511.1,81.0,-0.61,0.14,16.83
2023-12-12 19:14:56,14.38,1511.1,81.0,-0.60,0.14,16.85
2023-12-12 19:24:56,14.38,1511.1,81.0,-0.61,0.14,16.87
2023-12-12 19:34:56,14.38,1511.1,81.0,-0.61,0.14,16.89
2023-12-12 19:44:56,14.39,1511.1,81.1,-0.60,0.14,16.91
2023-12-12 19:54:56,14.38,1511.1,81.1,-0.60,0.14,16.94
2023-12-12 20:04:56,14.38,1511.1,81.1,-0.60,0.14,16.98
2023-12-12 20:14:56,14.39,1511.1,81.1,-0.60,0.14,17.03
2023-12-12 20:24:56,14.39,1511.1,81.0,-0.61,0.16,17.06
2023-12-12 20:34:56,14.39,1511.1,81.1,-0.59,0.17,17.08
2023-12-12 20:44:56,14.39,1511.1,81.0,-0.60,0.16,17.05
2023-12-12 20:54:56,14.39,1511.1,81.1,-0.61,0.17,17.04
2023-12-12 21:04:56,14.39,1511.1,81.0,-0.60,0.17,17.10
2023-12-12 21:14:56,14.39,1511.1,81.0,-0.62,0.17,17.11
2023-12-12 21:24:56,14.39,1511.1,81.0,-0.62,0.16,17.08
2023-12-12 21:34:56,14.39,1511.1,81.0,-0.61,0.17,17.05
2023-12-12 21:44:56,14.39,1511.1,81.0,-0.60,0.18,17.14
2023-12-12 21:54:56,14.39,1511.1,81.0,-0.61,0.17,17.11
2023-12-12 22:04:56,14.39,1511.1,81.0,-0.60,0.17,17.13
2023-12-12 22:14:56,14.39,1511.1,81.0,-0.61,0.16,17.10
2023-12-12 22:24:56,14.39,1511.1,81.0,-0.61,0.16,17.10
2023-12-12 22:34:56,14.39,1511.1,81.0,-0.61,0.17,17.10
2023-12-12 22:44:56,14.39,1511.1,81.0,-0.61,0.15,17.12
2023-12-12 22:54:56,14.40,1511.1,81.0,-0.60,0.16,17.13
2023-12-12 23:04:56,14.39,1511.1,81.0,-0.60,0.16,17.12
2023-12-12 23:14:56,14.40,1511.1,81.0,-0.61,0.16,17.12
2023-12-12 23:24:56,14.40,1511.1,81.0,-0.61,0.16,17.12
2023-12-12 23:34:56,14.40,1511.1,81.0,-0.61,0.16,17.13
2023-12-12 23:44:56,14.40,1511.1,81.0,-0.61,0.16,17.13
2023-12-12 23:54:56,14.40,1511.1,81.0,-0.61,0.16,17.12
2023-12-13 00:04:56,14.40,1511.1,81.0,-0.61,0.16,17.12
2023-12-13 00:14:56,14.40,1511.1,81.0,-0.61,0.16,17.12
2023-12-13 00:24:56,14.40,1511.1,81.0,-0.61,0.16,17.12
2023-12-13 00:34:56,14.40,1511.1,81.0,-0.61,0.15,17.11
2023-12-13 00:44:56,14.40,1511.1,81.0,-0.61,0.16,17.11
2023-12-13 00:54:56,14.39,1511.1,81.0,-0.61,0.16,17.11
2023-12-13 01:04:56,14.40,1511.1,81.0,-0.61,0.15,17.10
2023-12-13 01:14:56,14.40,1511.1,81.0,-0.61,0.15,17.09
2023-12-13 01:24:56,14.40,1511.1,81.0,-0.61,0.16,17.10
2023-12-13 01:34:56,14.40,1511.1,81.0,-0.61,0.16,17.10
2023-12-13 01:44:56,14.40,1511.1,81.0,-0.61,0.16,17.10
2023-12-13 01:54:56,14.40,1511.1,81.0,-0.61,0.16,17.09
2023-12-13 02:04:56,14.40,1511.1,81.0,-0.61,0.15,17.09
2023-12-13 02:14:56,14.39,1511.1,81.0,-0.61,0.16,17.09
2023-12-13 02:24:56,14.40,1511.1,81.0,-0.61,0.15,17.09
2023-12-13 02:34:56,14.40,1511.1,81.0,-0.61,0.15,17.09
2023-12-13 02:44:56,14.39,1511.1,81.0,-0.60,0.15,17.09
2023-12-13 02:54:56,14.40,1511.1,81.0,-0.61,0.15,17.07
2023-12-13 03:04:56,14.40,1511.1,81.0,-0.61,0.16,17.06
2023-12-13 03:14:56,14.40,1511.1,81.0,-0.61,0.16,17.08
2023-12-13 03:24:56,14.40,1511.1,81.0,-0.61,0.16,17.08
2023-12-13 03:34:56,14.40,1511.1,81.0,-0.60,0.16,17.08
2023-12-13 03:44:56,14.39,1511.1,81.0,-0.60,0.16,17.08
2023-12-13 03:54:56,14.40,1511.1,81.0,-0.60,0.15,17.08
2023-12-13 04:04:56,14.39,1511.1,81.0,-0.60,0.15,17.08
2023-12-13 04:14:56,14.40,1511.1,81.0,-0.61,0.15,17.08
2023-12-13 04:24:56,14.39,1511.1,81.0,-0.60,0.16,17.08
2023-12-13 04:34:56,14.39,1511.1,81.0,-0.60,0.16,17.07
2023-12-13 04:44:56,14.40,1511.1,81.0,-0.61,0.16,17.07
2023-12-13 04:54:56,14.40,1511.1,81.0,-0.60,0.16,17.07
2023-12-13 05:04:56,14.39,1511.1,81.0,-0.60,0.15,17.06
2023-12-13 05:14:56,14.40,1511.1,81.0,-0.61,0.16,17.06
2023-12-13 05:24:56,14.40,1511.1,81.0,-0.60,0.15,17.06
2023-12-13 05:34:56,14.39,1511.1,81.0,-0.60,0.15,17.06
2023-12-13 05:44:56,14.40,1511.1,81.0,-0.60,0.15,17.06
2023-12-13 05:54:56,14.39,1511.1,81.0,-0.61,0.15,17.06
2023-12-13 06:04:56,14.40,1511.1,81.0,-0.60,0.15,17.06
2023-12-13 06:14:56,14.40,1511.1,81.0,-0.60,0.15,17.05
2023-12-13 06:24:56,14.39,1511.1,81.0,-0.60,0.15,17.04
2023-12-13 06:34:56,14.40,1511.1,81.0,-0.60,0.15,16.99
2023-12-13 06:44:56,14.39,1511.1,81.0,-0.60,0.15,16.97
2023-12-13 06:54:56,14.39,1511.1,81.0,-0.60,0.15,16.99
2023-12-13 07:04:56,14.40,1511.1,81.0,-0.61,0.15,17.00
2023-12-13 07:14:56,14.39,1511.1,81.0,-0.60,0.14,17.00
2023-12-13 07:24:56,14.39,1511.1,81.0,-0.60,0.14,16.97
2023-12-13 07:34:56,14.39,1511.1,81.0,-0.60,0.15,16.99
2023-12-13 07:44:56,14.40,1511.1,81.0,-0.60,0.15,17.02
2023-12-13 07:54:56,14.40,1511.1,81.0,-0.60,0.15,17.03
2023-12-13 08:04:56,14.39,1511.1,81.0,-0.60,0.15,16.98
2023-12-13 08:14:56,14.39,1511.1,81.0,-0.60,0.14,16.95
2023-12-13 08:24:56,14.40,1511.1,81.0,-0.60,0.14,16.95
2023-12-13 08:34:56,14.39,1511.1,81.0,-0.60,0.15,16.97
2023-12-13 08:44:56,14.39,1511.1,81.0,-0.61,0.15,16.96
2023-12-13 08:54:56,14.39,1511.1,81.0,-0.60,0.14,16.94
2023-12-13 09:04:56,14.39,1511.1,81.0,-0.60,0.15,16.94
2023-12-13 09:14:56,14.39,1511.1,81.0,-0.60,0.14,16.93
2023-12-13 09:24:56,14.39,1511.1,81.0,-0.60,0.15,16.93
2023-12-13 09:34:56,14.39,1511.1,81.0,-0.61,0.15,16.92
2023-12-13 09:44:56,14.39,1511.1,81.0,-0.60,0.15,16.92
2023-12-13 09:54:56,14.39,1511.1,81.0,-0.60,0.14,16.92
2023-12-13 10:04:56,14.39,1511.1,81.0,-0.60,0.15,16.91
2023-12-13 10:14:56,14.39,1511.1,81.0,-0.61,0.14,16.90
2023-12-13 10:24:56,14.39,1511.1,81.0,-0.61,0.15,16.90
2023-12-13 10:34:56,14.39,1511.1,81.0,-0.60,0.15,16.88
2023-12-13 10:44:56,14.39,1511.1,81.0,-0.60,0.15,16.87
2023-12-13 10:54:56,14.39,1511.1,81.0,-0.60,0.14,16.87
2023-12-13 11:04:56,14.39,1511.1,81.0,-0.60,0.15,16.87
2023-12-13 11:14:56,14.39,1511.1,81.0,-0.61,0.15,16.86
2023-12-13 11:24:56,14.39,1511.1,81.0,-0.60,0.14,16.85
2023-12-13 11:34:56,14.39,1511.1,81.0,-0.61,0.14,16.85
2023-12-13 11:44:56,14.39,1511.1,81.0,-0.61,0.15,16.85
2023-12-13 11:54:56,14.39,1511.1,81.0,-0.61,0.15,16.85
2023-12-13 12:04:56,14.39,1511.1,81.0,-0.61,0.15,16.85
2023-12-13 12:14:56,14.39,1511.1,81.0,-0.61,0.15,16.85
2023-12-13 12:24:56,14.39,1511.1,81.0,-0.60,0.15,16.84
2023-12-13 12:34:56,14.39,1511.1,81.0,-0.61,0.15,16.84
2023-12-13 12:44:56,14.39,1511.1,81.0,-0.61,0.15,16.85
2023-12-13 12:54:56,14.39,1511.1,81.0,-0.61,0.15,16.85
2023-12-13 13:04:56,14.39,1511.1,81.0,-0.61,0.15,16.85
2023-12-13 13:14:56,14.39,1511.1,81.0,-0.61,0.15,16.84
2023-12-13 13:24:56,14.38,1511.1,81.0,-0.61,0.15,16.85
2023-12-13 13:34:56,14.39,1511.1,81.0,-0.61,0.15,16.85
2023-12-13 13:44:56,14.39,1511.1,81.0,-0.60,0.15,16.85
2023-12-13 13:54:56,14.39,1511.1,81.0,-0.61,0.15,16.85
2023-12-13 14:04:56,14.39,1511.1,81.0,-0.60,0.15,16.86
2023-12-13 14:14:56,14.39,1511.1,81.0,-0.61,0.15,16.86
2023-12-13 14:24:56,14.39,1511.1,81.0,-0.60,0.15,16.86
2023-12-13 14:34:56,14.39,1511.1,81.0,-0.60,0.15,16.86
2023-12-13 14:44:56,14.39,1511.1,81.0,-0.60,0.15,16.85
2023-12-13 14:54:56,14.39,1511.1,81.0,-0.61,0.15,16.85
2023-12-13 15:04:56,14.38,1511.1,81.0,-0.61,0.15,16.84
2023-12-13 15:14:56,14.39,1511.1,81.0,-0.60,0.15,16.84
2023-12-13 15:24:56,14.39,1511.1,80.9,-0.61,0.15,16.84
2023-12-13 15:34:56,14.39,1511.1,80.9,-0.60,0.15,16.84
2023-12-13 15:44:56,14.39,1511.1,80.9,-0.61,0.15,16.84
2023-12-13 15:54:56,14.39,1511.1,80.9,-0.61,0.15,16.85
2023-12-13 16:04:56,14.39,1511.1,80.9,-0.60,0.15,16.86
2023-12-13 16:14:56,14.39,1511.1,80.9,-0.60,0.15,16.86
2023-12-13 16:24:56,14.39,1511.1,81.0,-0.61,0.15,16.87
2023-12-13 16:34:56,14.39,1511.1,80.9,-0.61,0.14,16.87
2023-12-13 16:44:56,14.39,1511.1,81.0,-0.61,0.15,16.88
2023-12-13 16:54:56,14.39,1511.1,81.0,-0.60,0.15,16.88
2023-12-13 17:04:56,14.39,1511.1,81.0,-0.60,0.14,16.88
2023-12-13 17:14:56,14.39,1511.1,80.9,-0.61,0.15,16.88
2023-12-13 17:24:56,14.39,1511.1,81.0,-0.61,0.15,16.88
2023-12-13 17:34:56,14.39,1511.1,81.0,-0.61,0.14,16.88
2023-12-13 17:44:56,14.39,1511.1,81.0,-0.60,0.14,16.88
2023-12-13 17:54:56,14.39,1511.1,81.0,-0.61,0.14,16.88
2023-12-13 18:04:56,14.39,1511.1,81.0,-0.60,0.14,16.85
2023-12-13 18:14:56,14.39,1511.1,81.0,-0.60,0.14,16.83
2023-12-13 18:24:56,14.39,1511.1,81.0,-0.60,0.15,16.84
2023-12-13 18:34:56,14.39,1511.1,81.0,-0.60,0.14,16.82
2023-12-13 18:44:56,14.39,1511.1,81.0,-0.61,0.14,16.81
2023-12-13 18:54:56,14.39,1511.1,81.0,-0.61,0.14,16.81
2023-12-13 19:04:56,14.39,1511.1,81.0,-0.61,0.14,16.80
2023-12-13 19:14:56,14.38,1511.1,81.0,-0.61,0.14,16.82
2023-12-13 19:24:56,14.38,1511.1,81.0,-0.61,0.14,16.84
2023-12-13 19:34:56,14.39,1511.1,81.0,-0.60,0.14,16.86
2023-12-13 19:44:56,14.39,1511.1,81.0,-0.60,0.14,16.88
2023-12-13 19:54:56,14.38,1511.1,81.0,-0.60,0.15,16.90
2023-12-13 20:04:56,14.39,1511.1,81.0,-0.61,0.15,16.97
2023-12-13 20:14:56,14.39,1511.1,81.0,-0.60,0.14,17.04
2023-12-13 20:24:56,14.39,1511.1,81.0,-0.60,0.15,17.09
2023-12-13 20:34:56,14.39,1511.1,81.0,-0.60,0.16,17.14
2023-12-13 20:44:56,14.39,1511.1,81.1,-0.60,0.16,17.23
2023-12-13 20:54:56,14.39,1511.4,81.0,-0.59,0.17,17.22
2023-12-13 21:04:56,14.39,1511.3,81.0,-0.59,0.17,17.20
2023-12-13 21:14:56,14.39,1511.1,81.0,-0.60,0.16,17.18
2023-12-13 21:24:56,14.40,1511.1,81.0,-0.60,0.16,17.15
2023-12-13 21:34:56,14.39,1511.1,81.0,-0.60,0.17,17.16
2023-12-13 21:44:56,14.39,1511.4,81.0,-0.60,0.16,17.23
2023-12-13 21:54:56,14.39,1511.1,81.0,-0.60,0.16,17.21
2023-12-13 22:04:56,14.40,1511.2,81.0,-0.60,0.16,17.22
2023-12-13 22:14:56,14.40,1512.6,81.0,-0.60,0.16,17.29
2023-12-13 22:24:56,14.40,1512.1,81.0,-0.60,0.16,17.26
2023-12-13 22:34:56,14.40,1511.1,81.0,-0.61,0.16,17.22
2023-12-13 22:44:56,14.39,1511.1,81.0,-0.60,0.16,17.22
2023-12-13 22:54:56,14.40,1511.1,81.0,-0.60,0.16,17.23
2023-12-13 23:04:56,14.40,1511.1,81.0,-0.60,0.16,17.22
2023-12-13 23:14:56,14.40,1511.4,81.0,-0.60,0.16,17.24
2023-12-13 23:24:56,14.40,1512.5,81.0,-0.61,0.16,17.25
2023-12-13 23:34:56,14.40,1511.2,81.0,-0.60,0.15,17.24
2023-12-13 23:44:56,14.40,1511.1,81.0,-0.60,0.16,17.24
2023-12-13 23:54:56,14.40,1511.1,81.0,-0.60,0.16,17.24
2023-12-14 00:04:56,14.40,1511.1,81.0,-0.60,0.16,17.23
2023-12-14 00:14:56,14.40,1511.2,81.0,-0.60,0.16,17.24
2023-12-14 00:24:56,14.40,1511.1,81.0,-0.60,0.15,17.23
2023-12-14 00:34:56,14.40,1511.1,81.0,-0.60,0.15,17.23
2023-12-14 00:44:56,14.40,1511.1,81.0,-0.60,0.15,17.22
2023-12-14 00:54:56,14.40,1511.1,81.0,-0.60,0.16,17.22
2023-12-14 01:04:56,14.40,1511.1,81.0,-0.60,0.16,17.21
2023-12-14 01:14:56,14.40,1511.1,81.0,-0.60,0.15,17.20
2023-12-14 01:24:56,14.40,1511.1,81.0,-0.60,0.15,17.20
2023-12-14 01:34:56,14.40,1511.1,81.0,-0.60,0.16,17.20
2023-12-14 01:44:56,14.40,1511.1,81.0,-0.60,0.16,17.19
2023-12-14 01:54:56,14.40,1511.1,81.0,-0.60,0.16,17.18
2023-12-14 02:04:56,14.40,1511.1,81.0,-0.60,0.16,17.18
2023-12-14 02:14:56,14.40,1511.1,81.0,-0.60,0.15,17.17
2023-12-14 02:24:56,14.40,1511.1,81.0,-0.60,0.15,17.16
2023-12-14 02:34:56,14.40,1511.1,81.0,-0.60,0.16,17.15
2023-12-14 02:44:56,14.40,1511.1,81.0,-0.60,0.16,17.14
2023-12-14 02:54:56,14.40,1511.1,81.0,-0.61,0.15,17.14
2023-12-14 03:04:56,14.40,1511.1,81.0,-0.60,0.15,17.14
2023-12-14 03:14:56,14.40,1511.1,81.0,-0.61,0.15,17.13
2023-12-14 03:24:56,14.40,1511.1,81.0,-0.61,0.15,17.12
2023-12-14 03:34:56,14.40,1511.1,81.0,-0.61,0.15,17.12
2023-12-14 03:44:56,14.40,1511.1,81.0,-0.60,0.15,17.12
2023-12-14 03:54:56,14.40,1511.1,81.0,-0.60,0.15,17.12
2023-12-14 04:04:56,14.40,1511.1,81.0,-0.60,0.16,17.12
2023-12-14 04:14:56,14.40,1511.1,81.0,-0.60,0.15,17.12
2023-12-14 04:24:56,14.40,1511.1,81.0,-0.60,0.16,17.12
2023-12-14 04:34:56,14.40,1511.1,81.0,-0.60,0.16,17.11
2023-12-14 04:44:56,14.40,1511.1,81.0,-0.60,0.15,17.11
2023-12-14 04:54:56,14.40,1511.1,80.9,-0.60,0.15,17.10
2023-12-14 05:04:56,14.40,1511.1,80.9,-0.60,0.15,17.08
2023-12-14 05:14:56,14.40,1511.1,81.0,-0.60,0.15,17.07
2023-12-14 05:24:56,14.40,1511.1,81.0,-0.60,0.15,17.07
2023-12-14 05:34:56,14.40,1511.1,81.0,-0.60,0.15,17.06
2023-12-14 05:44:56,14.39,1511.1,81.0,-0.60,0.15,17.05
2023-12-14 05:54:56,14.40,1511.1,81.0,-0.60,0.14,17.03
2023-12-14 06:04:56,14.40,1511.1,81.0,-0.60,0.15,17.03
2023-12-14 06:14:56,14.39,1511.1,81.0,-0.60,0.15,17.03
2023-12-14 06:24:56,14.40,1511.1,81.0,-0.60,0.15,17.03
2023-12-14 06:34:56,14.39,1511.1,81.0,-0.60,0.15,17.01
2023-12-14 06:44:56,14.39,1511.1,81.0,-0.61,0.15,17.00
2023-12-14 06:54:56,14.39,1511.1,81.0,-0.61,0.15,16.98
2023-12-14 07:04:56,14.39,1511.1,81.0,-0.61,0.15,16.97
2023-12-14 07:14:56,14.39,1511.1,81.0,-0.60,0.15,16.96
2023-12-14 07:24:56,14.39,1511.1,81.0,-0.61,0.15,16.98
2023-12-14 07:34:56,14.39,1511.1,81.0,-0.60,0.15,17.00
2023-12-14 07:44:56,14.39,1511.1,81.0,-0.61,0.15,17.00
2023-12-14 07:54:56,14.39,1511.1,81.0,-0.60,0.15,16.99
2023-12-14 08:04:56,14.39,1511.1,81.0,-0.60,0.15,16.96
2023-12-14 08:14:56,14.39,1511.1,81.0,-0.60,0.15,16.87
2023-12-14 08:24:56,14.39,1511.1,81.0,-0.60,0.14,16.80
2023-12-14 08:34:56,14.39,1511.1,81.0,-0.61,0.15,16.78
2023-12-14 08:44:56,14.39,1511.1,81.0,-0.61,0.15,16.78
2023-12-14 08:54:56,14.39,1511.0,81.0,-0.60,0.14,16.76
2023-12-14 09:04:56,14.39,1509.6,81.0,-0.61,0.14,16.72
2023-12-14 09:14:56,14.39,1509.6,81.0,-0.61,0.15,16.70
2023-12-14 09:24:56,14.39,1509.6,81.0,-0.61,0.15,16.70
2023-12-14 09:34:56,14.39,1509.6,81.0,-0.61,0.14,16.70
2023-12-14 09:44:56,14.38,1509.6,81.0,-0.61,0.14,16.71
2023-12-14 09:54:56,14.38,1509.6,81.0,-0.61,0.14,16.70
2023-12-14 10:04:56,14.38,1509.6,81.0,-0.61,0.14,16.70
2023-12-14 10:14:56,14.38,1509.6,81.0,-0.61,0.14,16.70
2023-12-14 10:24:56,14.38,1509.6,81.0,-0.61,0.14,16.70
2023-12-14 10:34:56,14.38,1509.6,81.0,-0.61,0.15,16.71
2023-12-14 10:44:56,14.38,1509.6,81.0,-0.61,0.15,16.72
2023-12-14 10:54:56,14.38,1509.6,81.1,-0.61,0.14,16.72
2023-12-14 11:04:56,14.38,1509.6,81.1,-0.61,0.14,16.71
2023-12-14 11:14:56,14.38,1509.6,81.1,-0.61,0.14,16.71
2023-12-14 11:24:56,14.38,1509.6,81.0,-0.61,0.14,16.61
2023-12-14 11:34:56,14.37,1509.6,81.0,-0.61,0.14,16.59
2023-12-14 11:44:56,14.38,1509.6,81.0,-0.61,0.14,16.57
2023-12-14 11:54:56,14.37,1509.6,81.0,-0.61,0.14,16.52
2023-12-14 12:04:56,14.38,1509.6,81.0,-0.61,0.15,16.49
2023-12-14 12:14:56,14.37,1509.6,81.0,-0.61,0.14,16.48
2023-12-14 12:24:56,14.37,1509.6,81.0,-0.62,0.14,16.49
2023-12-14 12:34:56,14.37,1509.6,81.0,-0.62,0.14,16.49
2023-12-14 12:44:56,14.37,1509.6,81.0,-0.62,0.14,16.48
2023-12-14 12:54:56,14.37,1509.6,81.0,-0.61,0.14,16.47
2023-12-14 13:04:56,14.37,1509.6,81.0,-0.62,0.14,16.47
2023-12-14 13:14:56,14.37,1509.6,81.0,-0.61,0.14,16.47
2023-12-14 13:24:56,14.37,1509.6,81.0,-0.61,0.14,16.44
2023-12-14 13:34:56,14.36,1509.6,81.0,-0.61,0.14,16.39
2023-12-14 13:44:56,14.37,1509.6,81.0,-0.61,0.14,16.38
2023-12-14 13:54:56,14.37,1509.6,81.0,-0.61,0.14,16.39
2023-12-14 14:04:56,14.37,1509.6,81.0,-0.62,0.15,16.37
2023-12-14 14:14:56,14.37,1509.6,81.0,-0.61,0.14,16.37
2023-12-14 14:24:56,14.36,1509.6,81.0,-0.62,0.14,16.37
2023-12-14 14:34:56,14.36,1509.6,81.0,-0.62,0.14,16.29
2023-12-14 14:44:56,14.36,1509.6,81.0,-0.62,0.14,16.27
2023-12-14 14:54:56,14.36,1509.6,81.0,-0.62,0.14,16.29
2023-12-14 15:04:56,14.36,1509.6,81.0,-0.62,0.14,16.30
2023-12-14 15:14:56,14.36,1509.6,81.0,-0.62,0.14,16.33
2023-12-14 15:24:56,14.36,1509.6,81.0,-0.62,0.14,16.34
2023-12-14 15:34:56,14.36,1508.7,81.0,-0.62,0.14,16.23
2023-12-14 15:44:56,14.36,1508.1,81.0,-0.62,0.14,16.16
2023-12-14 15:54:56,14.36,1508.1,81.0,-0.62,0.14,16.16
2023-12-14 16:04:56,14.36,1508.1,80.9,-0.62,0.14,16.18
2023-12-14 16:14:56,14.35,1508.1,81.0,-0.62,0.14,16.20
2023-12-14 16:24:56,14.36,1508.1,81.0,-0.62,0.14,16.21
2023-12-14 16:34:56,14.36,1508.1,80.9,-0.62,0.14,16.20
2023-12-14 16:44:56,14.35,1508.1,80.9,-0.62,0.14,16.17
2023-12-14 16:54:56,14.35,1508.1,80.9,-0.62,0.14,16.17
2023-12-14 17:04:56,14.36,1508.1,80.9,-0.63,0.14,16.19
2023-12-14 17:14:56,14.36,1508.1,80.9,-0.62,0.14,16.20
2023-12-14 17:24:56,14.36,1508.1,80.9,-0.62,0.14,16.18
2023-12-14 17:34:56,14.35,1508.1,80.9,-0.62,0.14,16.17
2023-12-14 17:44:56,14.35,1508.1,80.9,-0.62,0.14,16.16
2023-12-14 17:54:56,14.35,1508.1,80.9,-0.62,0.14,16.20
2023-12-14 18:04:56,14.35,1508.1,80.9,-0.63,0.14,16.20
2023-12-14 18:14:56,14.35,1508.1,80.9,-0.62,0.14,16.22
2023-12-14 18:24:56,14.35,1509.4,81.0,-0.62,0.14,16.26
2023-12-14 18:34:56,14.35,1509.6,81.0,-0.62,0.14,16.31
2023-12-14 18:44:56,14.35,1509.6,81.0,-0.62,0.14,16.38
2023-12-14 18:54:56,14.35,1509.6,81.0,-0.62,0.14,16.44
2023-12-14 19:04:56,14.35,1509.6,81.0,-0.62,0.14,16.51
2023-12-14 19:14:56,14.35,1509.6,81.0,-0.62,0.14,16.55
2023-12-14 19:24:56,14.35,1509.6,81.0,-0.62,0.14,16.59
2023-12-14 19:34:56,14.35,1509.6,81.0,-0.62,0.14,16.64
2023-12-14 19:44:56,14.36,1509.6,81.1,-0.62,0.14,16.68
2023-12-14 19:54:56,14.36,1509.6,81.1,-0.61,0.14,16.72
2023-12-14 20:04:56,14.36,1510.9,81.1,-0.61,0.14,16.76
2023-12-14 20:14:56,14.36,1511.1,81.1,-0.61,0.14,16.81
2023-12-14 20:24:56,14.36,1511.1,81.1,-0.61,0.14,16.84
2023-12-14 20:34:56,14.36,1511.1,81.1,-0.60,0.15,16.88
2023-12-14 20:44:56,14.36,1511.1,81.1,-0.60,0.15,16.89
2023-12-14 20:54:56,14.36,1511.1,81.1,-0.61,0.15,16.92
2023-12-14 21:04:56,14.37,1511.1,81.1,-0.60,0.15,16.95
2023-12-14 21:14:56,14.37,1511.1,81.1,-0.61,0.15,16.98
2023-12-14 21:24:56,14.37,1511.1,81.1,-0.60,0.15,17.02
2023-12-14 21:34:56,14.37,1511.1,81.1,-0.60,0.15,17.04
2023-12-14 21:44:56,14.37,1511.1,81.1,-0.60,0.15,17.08
2023-12-14 21:54:56,14.37,1511.1,81.1,-0.60,0.16,17.18
2023-12-14 22:04:56,14.38,1511.1,81.1,-0.60,0.15,17.17
2023-12-14 22:14:56,14.38,1511.1,81.1,-0.60,0.16,17.16
2023-12-14 22:24:56,14.38,1511.1,81.1,-0.60,0.15,17.18
2023-12-14 22:34:56,14.38,1511.1,81.1,-0.60,0.15,17.19
2023-12-14 22:44:56,14.38,1511.1,81.1,-0.60,0.15,17.19
2023-12-14 22:54:56,14.39,1511.1,81.1,-0.60,0.15,17.18
2023-12-14 23:04:56,14.38,1511.1,81.1,-0.60,0.15,17.18
2023-12-14 23:14:56,14.39,1511.1,81.1,-0.60,0.15,17.17
2023-12-14 23:24:56,14.39,1511.1,81.1,-0.60,0.15,17.17
2023-12-14 23:34:56,14.39,1511.1,81.1,-0.60,0.15,17.16
2023-12-14 23:44:56,14.39,1511.1,81.1,-0.60,0.15,17.15
2023-12-14 23:54:56,14.39,1511.1,81.0,-0.60,0.15,17.15
2023-12-15 00:04:56,14.39,1511.1,81.0,-0.60,0.15,17.14
2023-12-15 00:14:56,14.39,1511.1,81.0,-0.60,0.15,17.13
2023-12-15 00:24:56,14.39,1511.1,81.0,-0.60,0.15,17.12
2023-12-15 00:34:56,14.39,1511.1,81.0,-0.60,0.15,17.11
2023-12-15 00:44:56,14.39,1511.1,81.0,-0.60,0.15,17.10
2023-12-15 00:54:56,14.39,1511.1,81.0,-0.60,0.15,17.09
2023-12-15 01:04:56,14.39,1511.1,81.0,-0.60,0.15,17.08
2023-12-15 01:14:56,14.39,1511.1,81.0,-0.60,0.15,17.07
2023-12-15 01:24:56,14.39,1511.1,81.0,-0.60,0.16,17.06
2023-12-15 01:34:56,14.39,1511.1,81.0,-0.60,0.15,17.06
2023-12-15 01:44:56,14.39,1511.1,81.0,-0.60,0.15,17.05
2023-12-15 01:54:56,14.39,1511.1,81.0,-0.60,0.16,17.05
2023-12-15 02:04:56,14.39,1511.1,81.0,-0.60,0.15,17.04
2023-12-15 02:14:56,14.39,1511.1,81.0,-0.60,0.15,17.04
2023-12-15 02:24:56,14.39,1511.1,81.0,-0.60,0.15,17.04
2023-12-15 02:34:56,14.39,1511.1,81.0,-0.60,0.15,17.05
2023-12-15 02:44:56,14.39,1511.1,81.0,-0.60,0.15,17.05
2023-12-15 02:54:56,14.39,1511.1,81.0,-0.60,0.15,17.04
2023-12-15 03:04:56,14.39,1511.1,81.0,-0.60,0.15,17.03
2023-12-15 03:14:56,14.39,1511.1,81.0,-0.60,0.15,17.03
2023-12-15 03:24:56,14.39,1511.1,81.0,-0.60,0.15,17.01
2023-12-15 03:34:56,14.39,1511.1,81.0,-0.60,0.15,16.97
2023-12-15 03:44:56,14.39,1511.1,81.0,-0.61,0.15,16.98
2023-12-15 03:54:56,14.39,1511.1,81.0,-0.60,0.15,16.98
2023-12-15 04:04:56,14.39,1511.1,81.0,-0.60,0.14,16.92
2023-12-15 04:14:56,14.39,1511.1,81.0,-0.60,0.14,16.92
2023-12-15 04:24:56,14.39,1511.1,81.0,-0.61,0.14,16.90
2023-12-15 04:34:56,14.39,1511.1,81.0,-0.60,0.15,16.91
2023-12-15 04:44:56,14.39,1511.1,81.0,-0.61,0.15,16.90
2023-12-15 04:54:56,14.39,1511.1,81.0,-0.60,0.14,16.87
2023-12-15 05:04:56,14.39,1511.1,81.0,-0.60,0.14,16.83
2023-12-15 05:14:56,14.39,1511.1,81.0,-0.60,0.14,16.80
2023-12-15 05:24:56,14.38,1511.1,81.0,-0.61,0.15,16.77
2023-12-15 05:34:56,14.38,1511.1,81.0,-0.61,0.14,16.78
2023-12-15 05:44:56,14.38,1511.1,81.0,-0.61,0.15,16.78
2023-12-15 05:54:56,14.38,1511.1,81.0,-0.61,0.15,16.82
2023-12-15 06:04:56,14.38,1511.1,81.0,-0.61,0.15,16.84
2023-12-15 06:14:56,14.38,1511.1,81.0,-0.60,0.14,16.82
2023-12-15 06:24:56,14.38,1511.1,81.0,-0.61,0.15,16.79
2023-12-15 06:34:56,14.38,1511.1,81.0,-0.61,0.15,16.79
2023-12-15 06:44:56,14.38,1511.1,81.0,-0.60,0.14,16.79
2023-12-15 06:54:56,14.38,1511.1,81.0,-0.60,0.15,16.78
2023-12-15 07:04:56,14.38,1510.9,81.0,-0.61,0.14,16.76
2023-12-15 07:14:56,14.38,1509.6,81.0,-0.61,0.14,16.73
2023-12-15 07:24:56,14.38,1509.6,81.0,-0.61,0.14,16.72
2023-12-15 07:34:56,14.38,1509.6,81.0,-0.61,0.14,16.71
2023-12-15 07:44:56,14.37,1509.8,81.0,-0.61,0.15,16.72
2023-12-15 07:54:56,14.37,1511.1,81.0,-0.61,0.14,16.78
2023-12-15 08:04:56,14.38,1511.1,81.0,-0.61,0.14,16.82
2023-12-15 08:14:56,14.38,1511.1,81.0,-0.61,0.15,16.84
2023-12-15 08:24:56,14.38,1511.1,81.0,-0.61,0.14,16.85
2023-12-15 08:34:56,14.37,1511.1,81.0,-0.61,0.14,16.85
2023-12-15 08:44:56,14.37,1511.1,81.0,-0.61,0.14,16.86
2023-12-15 08:54:56,14.38,1511.1,81.0,-0.60,0.14,16.85
2023-12-15 09:04:56,14.38,1511.1,81.0,-0.61,0.14,16.85
2023-12-15 09:14:56,14.38,1511.1,81.0,-0.60,0.14,16.84
2023-12-15 09:24:56,14.38,1511.1,81.0,-0.61,0.14,16.84
2023-12-15 09:34:56,14.37,1511.1,81.0,-0.60,0.14,16.83
2023-12-15 09:44:56,14.37,1511.1,81.0,-0.60,0.14,16.83
2023-12-15 09:54:56,14.38,1511.1,81.0,-0.60,0.14,16.83
2023-12-15 10:04:56,14.37,1511.1,81.0,-0.60,0.14,16.82
2023-12-15 10:14:56,14.38,1511.1,81.0,-0.60,0.14,16.81
2023-12-15 10:24:56,14.37,1511.1,81.0,-0.60,0.14,16.80
2023-12-15 10:34:56,14.38,1511.1,81.0,-0.61,0.14,16.80
2023-12-15 10:44:56,14.38,1511.1,81.0,-0.61,0.14,16.80
2023-12-15 10:54:56,14.37,1511.1,81.0,-0.60,0.14,16.80
2023-12-15 11:04:56,14.37,1511.1,81.0,-0.61,0.14,16.80
2023-12-15 11:14:56,14.37,1511.1,81.0,-0.60,0.14,16.79
2023-12-15 11:24:56,14.37,1511.1,81.0,-0.61,0.14,16.80
2023-12-15 11:34:56,14.38,1511.1,81.0,-0.61,0.14,16.79
2023-12-15 11:44:56,14.37,1511.1,81.0,-0.60,0.14,16.79
2023-12-15 11:54:56,14.37,1511.1,81.0,-0.61,0.14,16.80
2023-12-15 12:04:56,14.37,1511.1,81.0,-0.61,0.15,16.80
2023-12-15 12:14:56,14.37,1511.1,81.0,-0.60,0.14,16.80
2023-12-15 12:24:56,14.37,1510.4,81.0,-0.61,0.14,16.74
2023-12-15 12:34:56,14.37,1509.6,81.0,-0.61,0.14,16.67
2023-12-15 12:44:56,14.38,1509.6,81.0,-0.61,0.14,16.65
2023-12-15 12:54:56,14.37,1509.6,81.0,-0.61,0.14,16.64
2023-12-15 13:04:56,14.37,1509.6,81.0,-0.61,0.14,16.66
2023-12-15 13:14:56,14.37,1509.6,81.0,-0.61,0.14,16.66
2023-12-15 13:24:56,14.37,1509.6,81.0,-0.61,0.14,16.69
2023-12-15 13:34:56,14.37,1509.6,81.0,-0.61,0.14,16.70
2023-12-15 13:44:56,14.37,1509.6,81.0,-0.61,0.14,16.71
2023-12-15 13:54:56,14.37,1509.6,81.0,-0.61,0.14,16.71
2023-12-15 14:04:56,14.37,1509.6,81.0,-0.61,0.14,16.73
2023-12-15 14:14:56,14.37,1509.7,81.0,-0.61,0.14,16.74
2023-12-15 14:24:56,14.37,1510.7,81.0,-0.61,0.14,16.75
2023-12-15 14:34:56,14.36,1509.6,81.0,-0.60,0.14,16.71
2023-12-15 14:44:56,14.37,1509.6,81.0,-0.61,0.14,16.69
2023-12-15 14:54:56,14.36,1509.6,81.0,-0.61,0.14,16.63
2023-12-15 15:04:56,14.37,1509.6,81.0,-0.61,0.14,16.58
2023-12-15 15:14:56,14.37,1509.6,81.0,-0.61,0.14,16.55
2023-12-15 15:24:56,14.36,1509.6,81.0,-0.61,0.14,16.56
2023-12-15 15:34:56,14.36,1509.6,80.9,-0.61,0.14,16.56
2023-12-15 15:44:56,14.36,1509.6,81.0,-0.61,0.14,16.56
2023-12-15 15:54:56,14.36,1509.6,81.0,-0.61,0.14,16.56
2023-12-15 16:04:56,14.36,1509.6,81.0,-0.61,0.14,16.58
2023-12-15 16:14:56,14.36,1509.6,80.9,-0.61,0.14,16.59
2023-12-15 16:24:56,14.36,1509.6,80.9,-0.61,0.14,16.60
2023-12-15 16:34:56,14.36,1509.6,80.9,-0.61,0.14,16.60
2023-12-15 16:44:56,14.37,1509.6,80.9,-0.61,0.14,16.61
2023-12-15 16:54:56,14.36,1509.6,80.9,-0.61,0.14,16.62
2023-12-15 17:04:56,14.36,1509.6,80.9,-0.61,0.14,16.61
2023-12-15 17:14:56,14.36,1509.6,80.9,-0.61,0.14,16.59
2023-12-15 17:24:56,14.36,1509.6,80.9,-0.61,0.14,16.57
2023-12-15 17:34:56,14.36,1509.6,80.9,-0.61,0.14,16.53
2023-12-15 17:44:56,14.36,1509.6,80.9,-0.61,0.14,16.53
2023-12-15 17:54:56,14.36,1509.6,80.9,-0.61,0.14,16.54
2023-12-15 18:04:56,14.36,1509.6,80.9,-0.61,0.14,16.52
2023-12-15 18:14:56,14.36,1509.6,80.9,-0.61,0.14,16.53
2023-12-15 18:24:56,14.36,1509.6,80.9,-0.61,0.14,16.55
2023-12-15 18:34:56,14.36,1509.6,81.0,-0.61,0.14,16.58
2023-12-15 18:44:56,14.36,1509.6,81.0,-0.61,0.14,16.59
2023-12-15 18:54:56,14.36,1509.6,81.0,-0.61,0.14,16.55
2023-12-15 19:04:56,14.36,1509.6,81.0,-0.60,0.14,16.55
2023-12-15 19:14:56,14.36,1509.6,81.0,-0.61,0.14,16.57
2023-12-15 19:24:56,14.35,1509.6,81.0,-0.61,0.14,16.62
2023-12-15 19:34:56,14.36,1509.6,81.0,-0.61,0.14,16.66
2023-12-15 19:44:56,14.36,1509.6,81.0,-0.61,0.14,16.70
2023-12-15 19:54:56,14.36,1509.6,81.0,-0.61,0.14,16.73
2023-12-15 20:04:56,14.36,1510.8,81.0,-0.60,0.14,16.76
2023-12-15 20:14:56,14.36,1511.1,81.0,-0.60,0.14,16.80
2023-12-15 20:24:56,14.36,1511.1,81.1,-0.61,0.14,16.82
2023-12-15 20:34:56,14.36,1511.1,81.1,-0.61,0.14,16.84
2023-12-15 20:44:56,14.36,1511.1,81.1,-0.60,0.14,16.85
2023-12-15 20:54:56,14.36,1511.1,81.1,-0.60,0.15,16.86
2023-12-15 21:04:56,14.36,1511.1,81.1,-0.61,0.14,16.87
2023-12-15 21:14:56,14.36,1511.1,81.1,-0.60,0.15,16.88
2023-12-15 21:24:56,14.36,1511.1,81.1,-0.60,0.14,16.89
2023-12-15 21:34:56,14.36,1511.1,81.1,-0.60,0.15,16.90
2023-12-15 21:44:56,14.36,1511.1,81.1,-0.61,0.15,16.90
2023-12-15 21:54:56,14.36,1511.1,81.1,-0.60,0.14,16.91
2023-12-15 22:04:56,14.36,1511.1,81.0,-0.60,0.15,16.92
2023-12-15 22:14:56,14.37,1511.1,81.1,-0.60,0.14,16.93
2023-12-15 22:24:56,14.36,1511.1,81.0,-0.60,0.15,16.94
2023-12-15 22:34:56,14.36,1511.1,81.1,-0.60,0.15,16.98
2023-12-15 22:44:56,14.37,1511.4,81.1,-0.60,0.15,17.18
2023-12-15 22:54:56,14.37,1512.6,81.1,-0.60,0.16,17.27
2023-12-15 23:04:56,14.37,1512.6,81.1,-0.60,0.15,17.30
2023-12-15 23:14:56,14.37,1512.6,81.1,-0.60,0.16,17.29
2023-12-15 23:24:56,14.37,1512.4,81.1,-0.60,0.16,17.25
2023-12-15 23:34:56,14.37,1512.6,81.1,-0.60,0.16,17.30
2023-12-15 23:44:56,14.37,1512.6,81.0,-0.61,0.16,17.34
2023-12-15 23:54:56,14.38,1512.6,81.0,-0.60,0.16,17.30
2023-12-16 00:04:56,14.37,1512.6,81.0,-0.60,0.16,17.27
2023-12-16 00:14:56,14.37,1512.6,81.0,-0.60,0.16,17.26
2023-12-16 00:24:56,14.38,1512.1,81.0,-0.60,0.16,17.24
2023-12-16 00:34:56,14.38,1511.1,81.0,-0.60,0.16,17.17
2023-12-16 00:44:56,14.38,1511.1,81.0,-0.60,0.16,17.17
2023-12-16 00:54:56,14.38,1511.1,81.0,-0.60,0.15,17.20
2023-12-16 01:04:56,14.38,1511.1,81.0,-0.60,0.15,17.14
2023-12-16 01:14:56,14.38,1511.1,81.0,-0.61,0.16,17.12
2023-12-16 01:24:56,14.38,1511.1,81.0,-0.61,0.15,17.12
2023-12-16 01:34:56,14.38,1511.1,81.0,-0.61,0.16,17.10
2023-12-16 01:44:56,14.38,1511.1,81.0,-0.61,0.16,17.09
2023-12-16 01:54:56,14.38,1511.1,81.0,-0.60,0.16,17.09
2023-12-16 02:04:56,14.38,1511.1,81.0,-0.61,0.15,17.08
2023-12-16 02:14:56,14.38,1511.1,81.0,-0.61,0.16,17.09
2023-12-16 02:24:56,14.38,1511.1,81.0,-0.61,0.15,17.09
2023-12-16 02:34:56,14.38,1511.1,81.0,-0.61,0.15,17.10
2023-12-16 02:44:56,14.38,1511.1,81.0,-0.61,0.16,17.12
2023-12-16 02:54:56,14.38,1511.1,81.0,-0.61,0.16,17.13
2023-12-16 03:04:56,14.38,1511.1,81.0,-0.61,0.16,17.14
2023-12-16 03:14:56,14.38,1511.1,81.0,-0.61,0.15,17.13
2023-12-16 03:24:56,14.38,1511.1,81.0,-0.60,0.16,17.13
2023-12-16 03:34:56,14.38,1511.1,81.0,-0.60,0.16,17.12
2023-12-16 03:44:56,14.37,1511.1,81.0,-0.61,0.15,17.10
2023-12-16 03:54:56,14.38,1511.1,81.0,-0.61,0.15,17.09
2023-12-16 04:04:56,14.38,1511.1,81.0,-0.61,0.15,17.07
2023-12-16 04:14:56,14.38,1511.1,81.0,-0.60,0.15,16.99
2023-12-16 04:24:56,14.37,1511.1,81.0,-0.60,0.15,16.95
2023-12-16 04:34:56,14.38,1511.1,81.0,-0.61,0.15,16.99
2023-12-16 04:44:56,14.38,1511.1,81.0,-0.61,0.15,17.01
2023-12-16 04:54:56,14.38,1511.1,81.0,-0.61,0.15,17.01
2023-12-16 05:04:56,14.38,1511.1,81.0,-0.61,0.15,17.00
2023-12-16 05:14:56,14.37,1511.1,81.0,-0.61,0.15,16.99
2023-12-16 05:24:56,14.37,1511.1,81.0,-0.61,0.15,16.98
2023-12-16 05:34:56,14.37,1511.1,81.0,-0.61,0.15,16.97
2023-12-16 05:44:56,14.37,1511.1,81.0,-0.61,0.15,16.97
2023-12-16 05:54:56,14.37,1511.1,81.0,-0.60,0.15,16.97
2023-12-16 06:04:56,14.37,1511.1,81.0,-0.60,0.15,16.95
2023-12-16 06:14:56,14.37,1511.1,81.0,-0.61,0.15,16.91
2023-12-16 06:24:56,14.37,1511.1,81.0,-0.61,0.15,16.81
2023-12-16 06:34:56,14.37,1511.1,81.0,-0.61,0.14,16.79
2023-12-16 06:44:56,14.37,1511.1,81.0,-0.61,0.15,16.84
2023-12-16 06:54:56,14.37,1511.1,81.0,-0.61,0.14,16.92
2023-12-16 07:04:56,14.37,1511.1,81.0,-0.61,0.15,16.93
2023-12-16 07:14:56,14.37,1511.1,81.0,-0.61,0.15,16.95
2023-12-16 07:24:56,14.37,1511.1,81.0,-0.61,0.15,16.96
2023-12-16 07:34:56,14.37,1511.1,81.0,-0.61,0.15,16.96
2023-12-16 07:44:56,14.37,1511.1,81.0,-0.61,0.15,16.96
2023-12-16 07:54:56,14.37,1511.1,81.0,-0.60,0.14,16.84
2023-12-16 08:04:56,14.37,1511.1,81.0,-0.61,0.14,16.78
2023-12-16 08:14:56,14.37,1511.1,81.0,-0.61,0.14,16.80
2023-12-16 08:24:56,14.36,1511.1,81.0,-0.61,0.14,16.83
2023-12-16 08:34:56,14.36,1511.1,81.0,-0.62,0.15,16.89
2023-12-16 08:44:56,14.37,1511.1,81.0,-0.61,0.15,16.96
2023-12-16 08:54:56,14.36,1511.1,81.0,-0.61,0.15,16.95
2023-12-16 09:04:56,14.37,1511.1,81.0,-0.61,0.15,16.93
2023-12-16 09:14:56,14.37,1511.1,81.0,-0.61,0.15,16.86
2023-12-16 09:24:56,14.37,1511.1,81.0,-0.61,0.15,16.81
2023-12-16 09:34:56,14.36,1511.1,81.0,-0.61,0.15,16.80
2023-12-16 09:44:56,14.36,1511.1,81.0,-0.61,0.15,16.80
2023-12-16 09:54:56,14.36,1511.1,81.0,-0.61,0.14,16.80
2023-12-16 10:04:56,14.36,1510.1,81.0,-0.61,0.15,16.71
2023-12-16 10:14:56,14.36,1509.6,81.0,-0.61,0.15,16.65
2023-12-16 10:30:01,14.36,1509.6,81.0,-0.61,0.15,16.70
2023-12-16 10:40:01,14.36,1509.6,81.0,-0.61,0.15,16.70
2023-12-16 10:50:01,14.36,1509.6,81.0,-0.61,0.15,16.63
2023-12-16 11:00:01,14.36,1509.6,81.0,-0.61,0.14,16.50
2023-12-16 11:10:01,14.36,1509.6,81.0,-0.62,0.15,16.45
2023-12-16 11:20:01,14.36,1509.6,81.0,-0.62,0.15,16.43
2023-12-16 11:30:01,14.36,1509.6,81.0,-0.61,0.15,16.34
2023-12-16 11:40:01,14.36,1509.6,81.0,-0.62,0.14,16.34
2023-12-16 11:50:01,14.35,1509.6,81.0,-0.62,0.15,16.40
2023-12-16 12:00:01,14.35,1509.6,81.0,-0.62,0.15,16.40
2023-12-16 12:10:01,14.35,1509.6,81.0,-0.62,0.15,16.36
2023-12-16 12:20:01,14.35,1509.6,81.0,-0.62,0.14,16.31
2023-12-16 12:30:01,14.35,1509.6,81.0,-0.62,0.14,16.35
2023-12-16 12:40:01,14.35,1509.6,81.0,-0.62,0.14,16.37
2023-12-16 12:50:01,14.35,1509.6,81.0,-0.62,0.14,16.34
2023-12-16 13:00:01,14.35,1509.6,81.0,-0.62,0.14,16.34
2023-12-16 13:10:01,14.34,1509.6,81.0,-0.62,0.14,16.37
2023-12-16 13:20:01,14.35,1509.6,81.0,-0.62,0.14,16.39
2023-12-16 13:30:01,14.35,1509.6,81.0,-0.62,0.15,16.46
2023-12-16 13:40:01,14.34,1509.6,81.0,-0.62,0.14,16.50
2023-12-16 13:50:01,14.34,1509.6,81.0,-0.62,0.15,16.57
2023-12-16 14:00:01,14.34,1509.6,81.0,-0.61,0.14,16.49
2023-12-16 14:10:01,14.34,1509.6,81.0,-0.62,0.14,16.32
2023-12-16 14:20:01,14.35,1509.6,81.0,-0.62,0.15,16.36
2023-12-16 14:30:01,14.34,1509.6,81.0,-0.63,0.15,16.45
2023-12-16 14:40:01,14.34,1508.3,81.0,-0.61,0.14,16.13
2023-12-16 14:50:01,14.34,1508.1,80.9,-0.62,0.14,16.10
2023-12-16 15:00:01,14.34,1508.1,81.0,-0.62,0.14,16.15
2023-12-16 15:10:01,14.34,1508.1,80.9,-0.62,0.14,16.08
2023-12-16 15:20:01,14.33,1508.1,80.9,-0.62,0.14,16.14
2023-12-16 15:30:01,14.33,1508.1,80.9,-0.62,0.14,16.18
2023-12-16 15:40:01,14.33,1508.1,80.9,-0.63,0.15,16.16
2023-12-16 15:50:01,14.33,1508.1,80.9,-0.62,0.15,16.10
2023-12-16 16:00:01,14.33,1508.1,80.9,-0.62,0.15,16.07
2023-12-16 16:10:01,14.32,1508.1,80.9,-0.63,0.15,16.10
2023-12-16 16:20:01,14.32,1508.1,80.9,-0.62,0.14,16.06
2023-12-16 16:30:01,14.32,1508.2,80.9,-0.62,0.14,16.17
2023-12-16 16:40:01,14.33,1508.1,80.9,-0.62,0.15,16.11
2023-12-16 16:50:01,14.32,1508.1,80.9,-0.62,0.15,16.15
2023-12-16 17:00:01,14.32,1509.0,80.9,-0.63,0.15,16.25
2023-12-16 17:10:01,14.32,1508.7,80.9,-0.62,0.14,16.22
2023-12-16 17:20:01,14.32,1508.1,80.9,-0.62,0.14,16.05
2023-12-16 17:30:01,14.32,1508.1,80.9,-0.62,0.14,16.08
2023-12-16 17:40:01,14.31,1508.1,80.9,-0.62,0.14,16.07
2023-12-16 17:50:01,14.32,1508.1,80.9,-0.62,0.15,16.13
2023-12-16 18:00:01,14.32,1508.1,80.9,-0.62,0.15,16.22
2023-12-16 18:10:01,14.31,1508.7,80.9,-0.62,0.14,16.24
2023-12-16 18:20:01,14.32,1509.6,80.9,-0.62,0.15,16.29
2023-12-16 18:30:01,14.31,1509.6,81.0,-0.62,0.15,16.35
2023-12-16 18:40:01,14.32,1509.6,81.0,-0.61,0.15,16.35
2023-12-16 18:50:01,14.32,1509.6,81.0,-0.62,0.15,16.42
2023-12-16 19:00:01,14.32,1509.6,81.0,-0.62,0.15,16.44
2023-12-16 19:10:01,14.32,1509.6,81.0,-0.62,0.15,16.50
2023-12-16 19:20:01,14.33,1509.6,81.0,-0.61,0.15,16.57
2023-12-16 19:30:01,14.33,1509.6,81.0,-0.61,0.15,16.59
2023-12-16 19:40:01,14.33,1509.6,81.0,-0.61,0.15,16.61
2023-12-16 19:50:01,14.33,1509.6,81.0,-0.61,0.15,16.59
2023-12-16 20:00:01,14.33,1509.6,81.0,-0.61,0.15,16.58
2023-12-16 20:10:01,14.34,1509.6,81.0,-0.61,0.15,16.61
2023-12-16 20:20:01,14.34,1509.6,81.0,-0.61,0.15,16.65
2023-12-16 20:30:01,14.34,1509.6,81.0,-0.61,0.15,16.69
2023-12-16 20:40:01,14.34,1510.9,81.0,-0.61,0.15,16.77
2023-12-16 20:50:01,14.35,1511.1,81.0,-0.61,0.15,16.82
2023-12-16 21:00:01,14.35,1511.1,81.0,-0.61,0.15,16.89
2023-12-16 21:10:01,14.35,1511.1,81.1,-0.61,0.15,16.93
2023-12-16 21:20:01,14.35,1511.1,81.1,-0.61,0.15,16.96
2023-12-16 21:30:01,14.35,1511.1,81.1,-0.61,0.16,16.95
2023-12-16 21:40:01,14.35,1511.1,81.1,-0.61,0.15,16.90
2023-12-16 21:50:01,14.35,1511.1,81.1,-0.61,0.15,16.91
2023-12-16 22:00:01,14.35,1511.1,81.0,-0.61,0.15,16.93
2023-12-16 22:10:01,14.35,1511.1,81.1,-0.61,0.14,16.98
2023-12-16 22:20:01,14.36,1511.1,81.1,-0.61,0.15,17.03
2023-12-16 22:30:01,14.36,1511.1,81.1,-0.60,0.15,17.01
2023-12-16 22:40:01,14.36,1511.1,81.0,-0.61,0.15,16.96
2023-12-16 22:50:01,14.36,1511.1,81.1,-0.61,0.15,16.96
2023-12-16 23:00:01,14.36,1511.1,81.1,-0.61,0.15,16.98
2023-12-16 23:10:01,14.36,1511.6,81.1,-0.61,0.16,17.21
2023-12-16 23:20:01,14.36,1511.4,81.1,-0.61,0.16,17.12
2023-12-16 23:30:01,14.36,1511.1,81.1,-0.61,0.15,16.99
2023-12-16 23:40:01,14.36,1511.1,81.0,-0.61,0.16,16.95
2023-12-16 23:50:01,14.36,1511.1,81.0,-0.61,0.16,16.93
2023-12-17 00:00:01,14.37,1511.1,81.0,-0.61,0.15,17.02
2023-12-17 00:10:01,14.36,1511.1,81.1,-0.61,0.15,17.14
2023-12-17 00:20:01,14.37,1511.4,81.0,-0.60,0.16,17.20
2023-12-17 00:30:01,14.36,1512.6,81.0,-0.61,0.16,17.32
2023-12-17 00:40:01,14.37,1511.8,81.0,-0.61,0.16,17.25
2023-12-17 00:50:01,14.37,1511.4,81.0,-0.61,0.16,17.22
2023-12-17 01:00:01,14.37,1511.9,81.0,-0.61,0.16,17.25
2023-12-17 01:10:01,14.37,1511.1,81.0,-0.61,0.16,17.16
2023-12-17 01:20:01,14.37,1511.1,81.0,-0.61,0.16,17.11
2023-12-17 01:30:01,14.37,1511.1,81.0,-0.62,0.16,17.07
2023-12-17 01:40:01,14.37,1511.1,81.0,-0.61,0.16,17.06
2023-12-17 01:50:01,14.37,1511.1,81.0,-0.61,0.16,17.07
2023-12-17 02:00:01,14.37,1511.1,81.0,-0.61,0.15,17.15
2023-12-17 02:10:01,14.37,1511.1,81.0,-0.61,0.15,17.09
2023-12-17 02:20:01,14.37,1511.1,81.0,-0.62,0.16,17.05
2023-12-17 02:30:01,14.37,1511.1,81.0,-0.61,0.16,17.02
2023-12-17 02:40:01,14.37,1511.1,81.0,-0.61,0.15,17.04
2023-12-17 02:50:01,14.37,1511.1,81.0,-0.62,0.15,17.01
2023-12-17 03:00:01,14.37,1511.1,81.0,-0.62,0.15,16.99
2023-12-17 03:10:01,14.37,1511.1,81.0,-0.61,0.16,16.97
2023-12-17 03:20:01,14.37,1511.1,81.0,-0.62,0.16,16.97
2023-12-17 03:30:01,14.37,1511.1,81.0,-0.62,0.16,16.97
2023-12-17 03:40:01,14.37,1511.1,81.0,-0.62,0.15,16.97
2023-12-17 03:50:01,14.37,1511.1,81.0,-0.62,0.16,16.97
2023-12-17 04:00:01,14.37,1511.1,81.0,-0.62,0.15,16.98
2023-12-17 04:10:01,14.37,1511.1,81.0,-0.62,0.16,16.97
2023-12-17 04:20:01,14.37,1511.1,81.0,-0.62,0.16,16.97
2023-12-17 04:30:01,14.37,1511.1,81.0,-0.62,0.16,16.96
2023-12-17 04:40:01,14.37,1511.1,81.0,-0.62,0.16,16.97
2023-12-17 04:50:01,14.37,1511.1,81.0,-0.62,0.15,16.97
2023-12-17 05:00:01,14.37,1511.1,81.0,-0.62,0.15,16.97
2023-12-17 05:10:01,14.37,1511.1,81.0,-0.61,0.16,16.96
2023-12-17 05:20:01,14.37,1511.1,81.0,-0.62,0.16,16.96
2023-12-17 05:30:01,14.37,1511.1,81.0,-0.62,0.16,16.96
2023-12-17 05:40:01,14.36,1511.1,81.0,-0.62,0.16,16.95
2023-12-17 05:50:01,14.36,1511.1,81.0,-0.62,0.15,16.94
2023-12-17 06:00:01,14.37,1511.1,81.0,-0.62,0.16,16.93
2023-12-17 06:10:01,14.37,1511.1,81.0,-0.62,0.16,16.85
2023-12-17 06:20:01,14.37,1511.1,81.0,-0.62,0.16,16.77
2023-12-17 06:30:01,14.36,1511.1,81.0,-0.63,0.16,16.76
2023-12-17 06:40:01,14.36,1511.1,81.0,-0.62,0.15,16.77
2023-12-17 06:50:01,14.37,1511.1,81.0,-0.62,0.15,16.77
2023-12-17 07:00:01,14.36,1511.1,81.0,-0.62,0.16,16.80
2023-12-17 07:10:01,14.36,1511.1,81.0,-0.62,0.15,16.84
2023-12-17 07:20:01,14.37,1511.1,81.0,-0.62,0.15,16.86
2023-12-17 07:30:01,14.36,1511.1,81.0,-0.62,0.16,16.86
2023-12-17 07:40:01,14.36,1511.1,81.0,-0.62,0.15,16.86
2023-12-17 07:50:01,14.36,1511.1,81.0,-0.62,0.16,16.86
2023-12-17 08:00:01,14.36,1511.1,81.0,-0.62,0.16,16.86
2023-12-17 08:10:01,14.36,1511.1,81.0,-0.61,0.16,16.85
2023-12-17 08:20:01,14.36,1511.1,80.9,-0.61,0.15,16.83
2023-12-17 08:30:01,14.36,1511.1,81.0,-0.61,0.15,16.83
2023-12-17 08:40:01,14.36,1511.1,81.0,-0.62,0.15,16.79
2023-12-17 08:50:01,14.36,1511.1,81.0,-0.61,0.16,16.79
2023-12-17 09:00:01,14.36,1511.1,81.0,-0.61,0.16,16.79
2023-12-17 09:10:01,14.36,1511.1,81.0,-0.62,0.15,16.79
2023-12-17 09:20:01,14.36,1511.1,81.0,-0.62,0.15,16.80
2023-12-17 09:30:01,14.36,1511.1,81.0,-0.62,0.16,16.79
2023-12-17 09:40:01,14.36,1511.1,81.0,-0.62,0.15,16.79
2023-12-17 09:50:01,14.36,1511.1,81.0,-0.62,0.15,16.79
2023-12-17 10:00:01,14.36,1511.1,81.0,-0.61,0.15,16.79
2023-12-17 10:10:01,14.36,1511.1,81.0,-0.62,0.16,16.79
2023-12-17 10:20:01,14.35,1511.1,81.0,-0.62,0.16,16.80
2023-12-17 10:30:01,14.36,1511.1,81.0,-0.62,0.15,16.83
2023-12-17 10:40:01,14.36,1511.1,81.0,-0.62,0.15,16.84
2023-12-17 10:50:01,14.36,1511.1,81.0,-0.62,0.15,16.84
2023-12-17 11:00:01,14.36,1511.1,81.1,-0.61,0.16,16.85
2023-12-17 11:10:01,14.36,1511.1,81.1,-0.62,0.15,16.85
2023-12-17 11:20:01,14.36,1511.1,81.0,-0.62,0.15,16.80
2023-12-17 11:30:01,14.36,1511.1,81.0,-0.62,0.15,16.81
2023-12-17 11:40:01,14.36,1511.1,81.0,-0.62,0.15,16.85
2023-12-17 11:50:01,14.36,1511.1,81.0,-0.62,0.15,16.87
2023-12-17 12:00:01,14.36,1511.1,81.0,-0.61,0.15,16.87
2023-12-17 12:10:01,14.36,1511.1,81.0,-0.62,0.15,16.87
2023-12-17 12:20:01,14.36,1511.1,81.0,-0.62,0.16,16.87
2023-12-17 12:30:01,14.36,1511.1,81.0,-0.61,0.16,16.88
2023-12-17 12:40:01,14.36,1511.1,81.0,-0.62,0.15,16.88
2023-12-17 12:50:01,14.36,1511.1,81.0,-0.61,0.16,16.88
2023-12-17 13:00:01,14.36,1511.1,81.0,-0.61,0.15,16.88
2023-12-17 13:10:01,14.36,1510.2,81.0,-0.62,0.16,16.74
2023-12-17 13:20:01,14.36,1509.6,81.0,-0.62,0.15,16.64
2023-12-17 13:30:01,14.36,1509.6,81.0,-0.62,0.15,16.60
2023-12-17 13:40:01,14.36,1509.6,81.0,-0.62,0.15,16.64
2023-12-17 13:50:01,14.35,1509.6,81.0,-0.62,0.16,16.53
2023-12-17 14:00:01,14.35,1509.6,81.0,-0.63,0.16,16.49
2023-12-17 14:10:01,14.35,1509.6,81.1,-0.63,0.16,16.61
2023-12-17 14:20:01,14.35,1509.6,81.1,-0.62,0.16,16.51
2023-12-17 14:30:01,14.35,1509.6,81.1,-0.62,0.15,16.43
2023-12-17 14:40:01,14.35,1509.6,81.1,-0.63,0.15,16.40
2023-12-17 14:50:01,14.35,1509.6,81.1,-0.63,0.15,16.39
2023-12-17 15:00:01,14.35,1509.6,81.1,-0.63,0.15,16.39
2023-12-17 15:10:01,14.35,1509.6,81.1,-0.62,0.15,16.37
2023-12-17 15:20:01,14.34,1509.6,81.1,-0.62,0.16,16.33
2023-12-17 15:30:01,14.34,1509.6,81.1,-0.62,0.15,16.27
2023-12-17 15:40:01,14.34,1509.5,81.1,-0.63,0.15,16.25
2023-12-17 15:50:01,14.34,1508.1,81.1,-0.63,0.16,16.20
2023-12-17 16:00:01,14.34,1508.1,81.0,-0.62,0.17,16.19
2023-12-17 16:10:01,14.33,1508.1,81.0,-0.62,0.16,16.19
2023-12-17 16:20:01,14.33,1508.1,81.0,-0.62,0.16,16.21
2023-12-17 16:30:01,14.33,1509.6,81.1,-0.63,0.15,16.31
2023-12-17 16:40:01,14.33,1509.6,81.0,-0.63,0.15,16.28
2023-12-17 16:50:01,14.32,1509.6,81.0,-0.63,0.15,16.26
2023-12-17 17:00:01,14.32,1509.6,81.0,-0.62,0.15,16.27
2023-12-17 17:10:01,14.32,1509.6,80.9,-0.63,0.15,16.28
2023-12-17 17:20:01,14.32,1509.6,80.9,-0.63,0.15,16.32
2023-12-17 17:30:01,14.32,1509.6,80.9,-0.63,0.15,16.34
2023-12-17 17:40:01,14.32,1509.6,80.9,-0.63,0.15,16.36
2023-12-17 17:50:01,14.32,1509.6,80.9,-0.62,0.15,16.39
2023-12-17 18:00:01,14.32,1509.6,80.9,-0.62,0.15,16.43
2023-12-17 18:10:01,14.32,1509.6,80.9,-0.62,0.16,16.41
2023-12-17 18:20:01,14.32,1509.6,80.9,-0.63,0.16,16.42
2023-12-17 18:30:01,14.32,1509.6,80.9,-0.62,0.16,16.48
2023-12-17 18:40:01,14.33,1509.6,81.0,-0.63,0.16,16.58
2023-12-17 18:50:01,14.33,1509.6,81.0,-0.63,0.16,16.67
2023-12-17 19:00:01,14.33,1509.6,81.0,-0.62,0.15,16.66
2023-12-17 19:10:01,14.33,1509.6,81.0,-0.62,0.16,16.69
2023-12-17 19:20:01,14.33,1509.6,81.0,-0.62,0.16,16.71
2023-12-17 19:30:01,14.33,1509.9,81.0,-0.62,0.15,16.74
2023-12-17 19:40:01,14.34,1511.1,81.0,-0.62,0.16,16.76
2023-12-17 19:50:01,14.33,1511.1,81.0,-0.62,0.16,16.79
2023-12-17 20:00:01,14.34,1511.1,81.0,-0.62,0.16,16.82
2023-12-17 20:10:01,14.34,1511.1,81.0,-0.62,0.16,16.83
2023-12-17 20:20:01,14.34,1511.1,81.1,-0.62,0.16,16.84
2023-12-17 20:30:01,14.34,1511.1,81.1,-0.61,0.15,16.85
2023-12-17 20:40:01,14.35,1511.1,81.1,-0.61,0.16,16.85
2023-12-17 20:50:01,14.34,1511.1,81.1,-0.61,0.15,16.84
2023-12-17 21:00:01,14.35,1511.1,81.1,-0.61,0.15,16.83
2023-12-17 21:10:01,14.34,1511.1,81.1,-0.61,0.15,16.84
2023-12-17 21:20:01,14.35,1511.1,81.1,-0.61,0.15,16.85
2023-12-17 21:30:01,14.35,1511.1,81.1,-0.62,0.15,16.85
2023-12-17 21:40:01,14.35,1511.1,81.1,-0.61,0.16,16.85
2023-12-17 21:50:01,14.35,1511.1,81.1,-0.62,0.15,16.90
2023-12-17 22:00:01,14.35,1511.1,81.1,-0.61,0.16,16.92
2023-12-17 22:10:01,14.35,1511.1,81.1,-0.61,0.15,16.94
2023-12-17 22:20:01,14.35,1511.1,81.0,-0.61,0.16,16.96
2023-12-17 22:30:01,14.35,1511.1,81.0,-0.61,0.16,16.95
2023-12-17 22:40:01,14.36,1511.1,81.0,-0.62,0.16,16.95
2023-12-17 22:50:01,14.35,1511.1,81.0,-0.62,0.16,16.96
2023-12-17 23:00:01,14.36,1511.1,81.0,-0.61,0.18,17.00
2023-12-17 23:10:01,14.35,1511.1,81.0,-0.61,0.18,17.00
2023-12-17 23:20:01,14.36,1511.1,81.0,-0.62,0.18,17.00
2023-12-17 23:30:01,14.36,1511.1,81.0,-0.62,0.17,17.00
2023-12-17 23:40:01,14.36,1511.1,81.0,-0.62,0.16,16.98
2023-12-17 23:50:01,14.36,1511.1,81.0,-0.61,0.17,17.01
2023-12-18 00:00:01,14.36,1511.1,81.0,-0.62,0.17,17.02
2023-12-18 00:10:01,14.36,1511.1,81.0,-0.63,0.17,17.01
2023-12-18 00:20:01,14.36,1511.1,81.0,-0.62,0.15,17.02
2023-12-18 00:30:01,14.36,1511.1,81.0,-0.62,0.17,17.02
2023-12-18 00:40:01,14.36,1511.1,81.0,-0.62,0.16,17.00
2023-12-18 00:50:01,14.36,1511.1,81.0,-0.61,0.17,16.99
2023-12-18 01:00:01,14.36,1511.1,81.0,-0.62,0.18,17.01
2023-12-18 01:10:01,14.36,1511.1,81.0,-0.63,0.18,17.02
2023-12-18 01:20:01,14.36,1511.1,81.0,-0.62,0.17,17.01
2023-12-18 01:30:01,14.36,1511.1,81.0,-0.62,0.18,16.97
2023-12-18 01:40:01,14.36,1511.1,81.0,-0.64,0.18,16.98
2023-12-18 01:50:01,14.36,1511.1,81.0,-0.63,0.19,16.94
2023-12-18 02:00:01,14.35,1511.1,81.0,-0.63,0.17,16.94
2023-12-18 02:10:01,14.36,1511.1,81.0,-0.63,0.17,16.99
2023-12-18 02:20:01,14.36,1511.1,81.0,-0.63,0.17,16.99
2023-12-18 02:30:01,14.36,1511.1,81.0,-0.64,0.17,16.94
2023-12-18 02:40:01,14.36,1511.1,81.0,-0.63,0.17,16.92
2023-12-18 02:50:01,14.36,1511.1,81.0,-0.63,0.16,16.89
2023-12-18 03:00:01,14.35,1511.1,81.0,-0.64,0.17,16.88
2023-12-18 03:10:01,14.36,1511.1,81.0,-0.65,0.16,16.85
2023-12-18 03:20:01,14.36,1511.1,81.0,-0.63,0.19,16.84
2023-12-18 03:30:01,14.35,1511.1,81.0,-0.63,0.18,16.84
2023-12-18 03:40:01,14.36,1511.1,81.0,-0.63,0.17,16.85
2023-12-18 03:50:01,14.35,1511.1,81.0,-0.64,0.17,16.85
2023-12-18 04:00:01,14.35,1511.1,81.0,-0.63,0.17,16.81
2023-12-18 04:10:01,14.35,1511.1,81.0,-0.64,0.17,16.83
2023-12-18 04:20:01,14.35,1511.1,81.0,-0.64,0.15,16.82
2023-12-18 04:30:01,14.36,1511.1,81.0,-0.65,0.16,16.85
2023-12-18 04:40:01,14.35,1511.1,81.0,-0.65,0.16,16.87
2023-12-18 04:50:01,14.35,1511.1,81.0,-0.64,0.17,16.86
2023-12-18 05:00:01,14.36,1511.1,81.0,-0.64,0.17,16.87
2023-12-18 05:10:01,14.35,1511.1,81.0,-0.64,0.16,16.89
2023-12-18 05:20:01,14.36,1511.1,81.0,-0.64,0.17,16.89
2023-12-18 05:30:01,14.35,1511.1,81.0,-0.63,0.17,16.84
2023-12-18 05:40:01,14.35,1511.1,81.0,-0.64,0.17,16.79
2023-12-18 05:50:01,14.35,1511.1,81.0,-0.64,0.17,16.79
2023-12-18 06:00:01,14.36,1511.1,81.0,-0.64,0.16,16.79
2023-12-18 06:10:01,14.35,1511.1,81.0,-0.64,0.17,16.81
2023-12-18 06:20:01,14.35,1511.1,81.0,-0.63,0.16,16.81
2023-12-18 06:30:01,14.35,1511.1,81.0,-0.64,0.17,16.81
2023-12-18 06:40:01,14.35,1511.1,81.0,-0.64,0.16,16.81
2023-12-18 06:50:01,14.35,1511.1,81.0,-0.63,0.17,16.81
2023-12-18 07:00:01,14.35,1511.1,80.9,-0.64,0.16,16.79
2023-12-18 07:10:01,14.35,1510.4,80.9,-0.63,0.16,16.75
2023-12-18 07:20:01,14.35,1509.6,80.9,-0.63,0.16,16.71
2023-12-18 07:30:01,14.35,1509.6,81.0,-0.63,0.16,16.70
2023-12-18 07:40:01,14.35,1509.6,81.0,-0.63,0.16,16.70
2023-12-18 07:50:01,14.35,1509.6,81.0,-0.64,0.16,16.71
2023-12-18 08:00:01,14.35,1509.6,81.0,-0.63,0.15,16.71
2023-12-18 08:10:01,14.35,1509.6,81.0,-0.63,0.16,16.70
2023-12-18 08:20:01,14.34,1509.6,81.0,-0.63,0.16,16.70
2023-12-18 08:30:01,14.35,1509.6,81.0,-0.64,0.16,16.71
2023-12-18 08:40:01,14.34,1510.3,81.0,-0.64,0.15,16.75
2023-12-18 08:50:01,14.35,1511.1,81.0,-0.64,0.15,16.82
2023-12-18 09:00:01,14.35,1511.1,81.0,-0.64,0.16,16.86
2023-12-18 09:10:01,14.35,1511.1,81.0,-0.63,0.16,16.88
2023-12-18 09:20:01,14.35,1511.1,81.0,-0.63,0.16,16.89
2023-12-18 09:30:01,14.35,1511.1,81.0,-0.64,0.15,16.89
2023-12-18 09:40:01,14.35,1511.1,81.0,-0.63,0.15,16.87
2023-12-18 09:50:01,14.35,1511.1,81.0,-0.64,0.15,16.82
2023-12-18 10:00:01,14.35,1511.1,81.1,-0.64,0.16,16.82
2023-12-18 10:10:01,14.35,1511.1,81.1,-0.64,0.16,16.84
2023-12-18 10:20:01,14.35,1511.1,81.0,-0.63,0.16,16.86
2023-12-18 10:30:01,14.35,1511.1,81.0,-0.64,0.16,16.85
2023-12-18 10:40:01,14.35,1511.1,81.0,-0.64,0.15,16.83
2023-12-18 10:50:01,14.35,1511.1,81.0,-0.64,0.15,16.82
2023-12-18 11:00:01,14.34,1511.1,81.0,-0.64,0.15,16.82
2023-12-18 11:10:01,14.35,1511.1,81.0,-0.64,0.16,16.84
2023-12-18 11:20:01,14.35,1511.1,81.0,-0.63,0.16,16.85
2023-12-18 11:30:01,14.35,1511.1,81.0,-0.63,0.16,16.86
2023-12-18 11:40:01,14.35,1511.1,81.0,-0.64,0.15,16.85
2023-12-18 11:50:01,14.35,1511.1,81.0,-0.64,0.16,16.83
2023-12-18 12:00:01,14.35,1511.1,81.0,-0.64,0.15,16.77
2023-12-18 12:10:01,14.35,1511.1,81.0,-0.63,0.15,16.76
2023-12-18 12:20:01,14.35,1511.1,81.0,-0.63,0.16,16.77
2023-12-18 12:30:01,14.35,1511.1,81.0,-0.64,0.15,16.76
2023-12-18 12:40:01,14.35,1511.1,81.0,-0.64,0.16,16.78
2023-12-18 12:50:01,14.34,1511.1,81.0,-0.64,0.15,16.79
2023-12-18 13:00:01,14.35,1511.1,81.0,-0.64,0.15,16.81
2023-12-18 13:10:01,14.35,1511.1,81.0,-0.64,0.15,16.84
2023-12-18 13:20:01,14.35,1511.1,81.0,-0.64,0.15,16.87
2023-12-18 13:30:01,14.35,1511.1,81.0,-0.64,0.16,16.88
2023-12-18 13:40:01,14.35,1511.1,81.0,-0.64,0.16,16.89
2023-12-18 13:50:01,14.35,1511.1,81.0,-0.63,0.16,16.90
2023-12-18 14:00:01,14.35,1511.1,81.0,-0.64,0.16,16.89
2023-12-18 14:10:01,14.35,1511.1,81.0,-0.64,0.15,16.84
2023-12-18 14:20:01,14.35,1511.1,81.0,-0.63,0.16,16.80
2023-12-18 14:30:01,14.35,1511.1,81.0,-0.63,0.16,16.79
2023-12-18 14:40:01,14.35,1511.1,81.0,-0.64,0.16,16.81
2023-12-18 14:50:01,14.35,1511.1,81.0,-0.63,0.16,16.84
2023-12-18 15:00:01,14.35,1511.1,81.0,-0.63,0.16,16.85
2023-12-18 15:10:01,14.35,1511.1,81.0,-0.63,0.15,16.87
2023-12-18 15:20:01,14.35,1511.1,81.0,-0.64,0.16,16.89
2023-12-18 15:30:01,14.35,1511.1,81.0,-0.64,0.16,16.88
2023-12-18 15:40:01,14.35,1511.1,81.0,-0.63,0.16,16.88
2023-12-18 15:50:01,14.35,1511.1,81.0,-0.64,0.16,16.89
2023-12-18 16:00:01,14.35,1511.1,81.0,-0.64,0.16,16.89
2023-12-18 16:10:01,14.35,1511.1,81.0,-0.63,0.16,16.88
2023-12-18 16:20:01,14.35,1511.1,81.0,-0.63,0.16,16.86
2023-12-18 16:30:01,14.35,1511.1,80.9,-0.63,0.16,16.86
2023-12-18 16:40:01,14.35,1511.1,81.0,-0.63,0.16,16.87
2023-12-18 16:50:01,14.35,1511.1,81.0,-0.63,0.16,16.88
2023-12-18 17:00:01,14.35,1511.1,81.0,-0.63,0.16,16.87
2023-12-18 17:10:01,14.35,1511.1,81.0,-0.63,0.16,16.86
2023-12-18 17:20:01,14.35,1511.1,80.9,-0.63,0.16,16.87
2023-12-18 17:30:01,14.35,1511.1,81.0,-0.64,0.16,16.87
2023-12-18 17:40:01,14.35,1511.1,81.0,-0.63,0.16,16.87
2023-12-18 17:50:01,14.35,1511.1,81.0,-0.64,0.16,16.86
2023-12-18 18:00:01,14.35,1511.1,81.0,-0.63,0.17,16.82
2023-12-18 18:10:01,14.35,1511.1,81.0,-0.63,0.16,16.81
2023-12-18 18:20:01,14.35,1511.1,81.0,-0.63,0.16,16.81
2023-12-18 18:30:01,14.34,1511.1,81.0,-0.63,0.16,16.81
2023-12-18 18:40:01,14.35,1511.1,81.0,-0.63,0.17,16.81
2023-12-18 18:50:01,14.35,1511.1,81.0,-0.63,0.17,16.81
2023-12-18 19:00:01,14.35,1511.1,81.0,-0.63,0.16,16.83
2023-12-18 19:10:01,14.34,1511.1,81.0,-0.63,0.16,16.84
2023-12-18 19:20:01,14.35,1511.1,81.0,-0.63,0.16,16.84
2023-12-18 19:30:01,14.34,1511.1,81.1,-0.63,0.15,16.84
2023-12-18 19:40:01,14.34,1511.1,81.1,-0.62,0.15,16.86
2023-12-18 19:50:01,14.35,1511.1,81.1,-0.63,0.16,16.87
2023-12-18 20:00:01,14.34,1511.1,81.1,-0.63,0.16,16.88
2023-12-18 20:10:01,14.35,1511.1,81.1,-0.62,0.15,16.90
2023-12-18 20:20:01,14.35,1511.1,81.1,-0.63,0.15,16.91
2023-12-18 20:30:01,14.35,1511.1,81.1,-0.63,0.15,16.93
2023-12-18 20:40:01,14.35,1511.1,81.1,-0.62,0.16,16.94
2023-12-18 20:50:01,14.35,1511.1,81.1,-0.62,0.16,16.96
2023-12-18 21:00:01,14.35,1511.1,81.1,-0.62,0.16,16.98
2023-12-18 21:10:01,14.35,1511.1,81.1,-0.62,0.16,17.00
2023-12-18 21:20:01,14.35,1511.1,81.1,-0.62,0.17,17.02
2023-12-18 21:30:01,14.35,1511.1,81.1,-0.62,0.17,17.03
2023-12-18 21:40:01,14.35,1511.1,81.1,-0.62,0.16,17.04
2023-12-18 21:50:01,14.35,1511.1,81.1,-0.62,0.16,17.04
2023-12-18 22:00:01,14.35,1511.1,81.1,-0.62,0.17,17.04
2023-12-18 22:10:01,14.35,1511.1,81.1,-0.63,0.16,17.05
2023-12-18 22:20:01,14.35,1511.1,81.1,-0.62,0.16,17.05
2023-12-18 22:30:01,14.35,1511.1,81.1,-0.62,0.16,17.05
2023-12-18 22:40:01,14.35,1511.1,81.1,-0.62,0.16,17.04
2023-12-18 22:50:01,14.35,1511.1,81.1,-0.62,0.16,17.03
2023-12-18 23:00:01,14.35,1511.1,81.1,-0.62,0.16,17.03
2023-12-18 23:10:01,14.36,1511.1,81.1,-0.62,0.16,17.02
2023-12-18 23:20:01,14.35,1511.1,81.1,-0.62,0.16,17.02
2023-12-18 23:30:01,14.35,1511.1,81.0,-0.63,0.16,17.02
2023-12-18 23:40:01,14.35,1511.1,81.0,-0.62,0.16,17.03
2023-12-18 23:50:01,14.35,1511.1,81.0,-0.63,0.16,17.03
2023-12-19 00:00:01,14.36,1511.1,81.0,-0.62,0.16,17.02
2023-12-19 00:10:01,14.35,1511.1,81.0,-0.62,0.16,17.02
2023-12-19 00:20:01,14.35,1511.1,81.0,-0.63,0.16,17.02
2023-12-19 00:30:01,14.35,1511.1,81.0,-0.62,0.16,17.04
2023-12-19 00:40:01,14.35,1511.1,81.0,-0.62,0.17,17.07
2023-12-19 00:50:01,14.35,1511.1,81.0,-0.62,0.16,17.06
2023-12-19 01:00:01,14.35,1511.1,81.0,-0.62,0.16,17.07
2023-12-19 01:10:01,14.35,1511.1,81.0,-0.62,0.16,17.09
2023-12-19 01:20:01,14.35,1511.1,81.0,-0.63,0.16,17.10
2023-12-19 01:30:01,14.35,1511.1,81.0,-0.62,0.16,17.10
2023-12-19 01:40:01,14.35,1511.1,81.0,-0.63,0.16,17.12
2023-12-19 01:50:01,14.35,1511.1,81.0,-0.62,0.16,17.22
2023-12-19 02:00:01,14.36,1511.1,81.0,-0.62,0.16,17.20
2023-12-19 02:10:01,14.36,1511.1,81.0,-0.62,0.16,17.19
2023-12-19 02:20:01,14.35,1511.1,81.0,-0.62,0.16,17.19
2023-12-19 02:30:01,14.36,1511.1,81.0,-0.63,0.16,17.21
2023-12-19 02:40:01,14.36,1511.1,81.0,-0.63,0.17,17.21
2023-12-19 02:50:01,14.36,1511.1,81.0,-0.63,0.16,17.22
2023-12-19 03:00:01,14.36,1511.1,81.0,-0.62,0.17,17.23
2023-12-19 03:10:01,14.36,1511.1,81.0,-0.62,0.17,17.23
2023-12-19 03:20:01,14.36,1511.1,81.0,-0.61,0.17,17.23
2023-12-19 03:30:01,14.36,1511.7,81.0,-0.62,0.17,17.24
2023-12-19 03:40:01,14.36,1512.1,81.0,-0.62,0.17,17.25
2023-12-19 03:50:01,14.35,1511.1,81.0,-0.62,0.17,17.23
2023-12-19 04:00:01,14.36,1511.1,81.0,-0.62,0.17,17.24
2023-12-19 04:10:01,14.36,1511.1,81.0,-0.63,0.17,17.23
2023-12-19 04:20:01,14.36,1511.1,81.0,-0.63,0.17,17.20
2023-12-19 04:30:01,14.36,1511.1,81.0,-0.64,0.18,17.20
2023-12-19 04:40:01,14.36,1511.1,81.0,-0.63,0.17,17.21
2023-12-19 04:50:01,14.36,1511.1,81.0,-0.63,0.17,17.23
2023-12-19 05:00:01,14.36,1511.1,81.0,-0.63,0.17,17.23
2023-12-19 05:10:01,14.36,1511.1,81.0,-0.63,0.17,17.22
2023-12-19 05:20:01,14.36,1511.1,81.0,-0.63,0.17,17.22
2023-12-19 05:30:01,14.36,1511.1,81.0,-0.62,0.16,17.22
2023-12-19 05:40:01,14.36,1511.1,81.0,-0.62,0.17,17.20
2023-12-19 05:50:01,14.36,1511.1,81.0,-0.63,0.17,17.21
2023-12-19 06:00:01,14.36,1511.1,81.0,-0.63,0.17,17.20
2023-12-19 06:10:01,14.36,1511.1,81.0,-0.63,0.17,17.19
2023-12-19 06:20:01,14.36,1511.1,81.0,-0.63,0.17,17.19
2023-12-19 06:30:01,14.36,1511.1,81.0,-0.62,0.16,17.19
2023-12-19 06:40:01,14.36,1511.1,81.0,-0.63,0.16,17.18
2023-12-19 06:50:01,14.36,1511.1,81.0,-0.62,0.16,17.18
2023-12-19 07:00:01,14.36,1511.1,81.0,-0.63,0.16,17.17
2023-12-19 07:10:01,14.36,1511.1,81.0,-0.63,0.16,17.17
2023-12-19 07:20:01,14.36,1511.1,81.0,-0.62,0.17,17.16
2023-12-19 07:30:01,14.36,1511.1,81.0,-0.62,0.16,17.16
2023-12-19 07:40:01,14.36,1511.1,81.0,-0.62,0.16,17.16
2023-12-19 07:50:01,14.36,1511.1,81.0,-0.63,0.17,17.16
2023-12-19 08:00:01,14.36,1511.1,81.0,-0.63,0.17,17.16
2023-12-19 08:10:01,14.36,1511.1,81.0,-0.62,0.17,17.16
2023-12-19 08:20:01,14.36,1511.1,81.0,-0.62,0.16,17.16
2023-12-19 08:30:01,14.36,1511.1,81.0,-0.62,0.16,17.16
2023-12-19 08:40:01,14.36,1511.1,81.0,-0.62,0.16,17.16
2023-12-19 08:50:01,14.36,1511.1,81.0,-0.62,0.16,17.15
2023-12-19 09:00:01,14.36,1511.1,81.0,-0.62,0.16,17.15
2023-12-19 09:10:01,14.36,1511.1,81.0,-0.62,0.16,17.15
2023-12-19 09:20:01,14.36,1511.1,81.0,-0.62,0.16,17.14
2023-12-19 09:30:01,14.36,1511.1,81.0,-0.62,0.16,17.04
2023-12-19 09:40:01,14.36,1511.1,81.0,-0.62,0.16,16.89
2023-12-19 09:50:01,14.36,1511.1,81.0,-0.63,0.16,16.93
2023-12-19 10:00:01,14.36,1511.1,81.0,-0.62,0.15,16.88
2023-12-19 10:10:01,14.36,1511.1,81.0,-0.63,0.15,16.86
2023-12-19 10:20:01,14.35,1511.1,81.0,-0.62,0.15,16.85
2023-12-19 10:30:01,14.36,1511.1,81.0,-0.63,0.15,16.84
2023-12-19 10:40:01,14.35,1511.1,81.0,-0.62,0.15,16.84
2023-12-19 10:50:01,14.35,1511.1,81.0,-0.63,0.15,16.86
2023-12-19 11:00:01,14.35,1511.1,81.0,-0.62,0.15,16.95
2023-12-19 11:10:01,14.35,1511.1,81.0,-0.62,0.16,17.05
2023-12-19 11:20:01,14.35,1511.1,81.0,-0.62,0.15,17.00
2023-12-19 11:30:01,14.35,1511.1,81.0,-0.62,0.15,16.96
2023-12-19 11:40:01,14.35,1511.1,81.0,-0.62,0.16,16.95
2023-12-19 11:50:01,14.35,1511.1,81.0,-0.62,0.16,16.92
2023-12-19 12:00:01,14.35,1511.1,81.0,-0.63,0.16,16.90
2023-12-19 12:10:01,14.35,1511.1,81.0,-0.62,0.15,16.92
2023-12-19 12:20:01,14.35,1511.1,81.0,-0.63,0.16,16.98
2023-12-19 12:30:01,14.35,1511.1,81.0,-0.63,0.16,17.00
2023-12-19 12:40:01,14.35,1511.1,81.0,-0.63,0.16,17.00
2023-12-19 12:50:01,14.35,1511.1,81.0,-0.62,0.15,17.00
2023-12-19 13:00:01,14.35,1511.1,81.0,-0.62,0.16,17.02
2023-12-19 13:10:01,14.35,1511.1,81.0,-0.64,0.16,17.04
2023-12-19 13:20:01,14.35,1511.1,81.0,-0.63,0.16,17.06
2023-12-19 13:30:01,14.35,1511.1,81.0,-0.63,0.15,17.06
2023-12-19 13:40:01,14.35,1511.1,81.0,-0.63,0.16,17.05
2023-12-19 13:50:01,14.35,1511.1,81.0,-0.63,0.16,17.06
2023-12-19 14:00:01,14.35,1511.1,81.0,-0.63,0.16,17.07
2023-12-19 14:10:01,14.35,1511.1,81.0,-0.62,0.16,17.06
2023-12-19 14:20:01,14.35,1511.1,81.0,-0.63,0.16,17.05
2023-12-19 14:30:01,14.35,1511.1,81.0,-0.63,0.16,17.04
2023-12-19 14:40:01,14.35,1511.1,81.0,-0.63,0.16,17.03
2023-12-19 14:50:01,14.36,1511.1,81.0,-0.63,0.16,17.01
2023-12-19 15:00:01,14.35,1511.1,81.0,-0.63,0.16,17.00
2023-12-19 15:10:01,14.35,1511.1,81.0,-0.63,0.16,16.99
2023-12-19 15:20:01,14.35,1511.1,81.0,-0.64,0.16,16.98
2023-12-19 15:30:01,14.35,1511.1,81.0,-0.64,0.16,16.96
2023-12-19 15:40:01,14.35,1511.1,81.0,-0.64,0.17,16.95
2023-12-19 15:50:01,14.35,1511.1,81.0,-0.63,0.16,16.94
2023-12-19 16:00:01,14.35,1511.1,80.9,-0.64,0.17,16.94
2023-12-19 16:10:01,14.35,1511.1,81.0,-0.64,0.17,16.94
2023-12-19 16:20:01,14.35,1511.1,80.9,-0.63,0.16,16.94
2023-12-19 16:30:01,14.35,1511.1,80.9,-0.64,0.16,16.94
2023-12-19 16:40:01,14.35,1511.1,80.9,-0.63,0.16,16.95
2023-12-19 16:50:01,14.35,1511.1,80.9,-0.64,0.17,16.95
2023-12-19 17:00:01,14.35,1511.1,80.9,-0.63,0.17,16.95
2023-12-19 17:10:01,14.35,1511.1,80.9,-0.64,0.17,16.96
2023-12-19 17:20:01,14.35,1511.1,80.9,-0.64,0.16,16.96
2023-12-19 17:30:01,14.35,1511.1,80.9,-0.63,0.16,16.97
2023-12-19 17:40:01,14.35,1511.1,80.9,-0.63,0.17,16.97
2023-12-19 17:50:01,14.35,1511.1,80.9,-0.63,0.17,16.98
2023-12-19 18:00:01,14.35,1511.1,80.9,-0.63,0.16,16.98
2023-12-19 18:10:01,14.35,1511.1,80.9,-0.64,0.17,16.99
2023-12-19 18:20:01,14.35,1511.1,81.0,-0.63,0.17,16.99
2023-12-19 18:30:01,14.35,1511.1,81.0,-0.63,0.17,17.00
2023-12-19 18:40:01,14.35,1511.1,81.0,-0.63,0.17,17.01
2023-12-19 18:50:01,14.35,1511.1,81.0,-0.63,0.16,17.02
2023-12-19 19:00:01,14.35,1511.1,81.0,-0.63,0.17,17.02
2023-12-19 19:10:01,14.35,1511.1,81.0,-0.63,0.17,17.02
2023-12-19 19:20:01,14.35,1511.1,81.0,-0.64,0.17,17.01
2023-12-19 19:30:01,14.35,1511.1,81.0,-0.63,0.16,17.01
2023-12-19 19:40:01,14.35,1511.1,81.0,-0.62,0.16,17.01
2023-12-19 19:50:01,14.35,1511.1,81.1,-0.63,0.17,17.01
2023-12-19 20:00:01,14.36,1511.1,81.1,-0.62,0.16,17.02
2023-12-19 20:10:01,14.35,1511.1,81.1,-0.63,0.16,17.03
2023-12-19 20:20:01,14.35,1511.1,81.1,-0.63,0.17,17.05
2023-12-19 20:30:01,14.35,1511.1,81.1,-0.62,0.17,17.06
2023-12-19 20:40:01,14.35,1511.1,81.1,-0.62,0.17,17.07
2023-12-19 20:50:01,14.35,1511.1,81.1,-0.63,0.17,17.07
2023-12-19 21:00:01,14.35,1511.1,81.1,-0.62,0.17,17.07
2023-12-19 21:10:01,14.36,1511.1,81.1,-0.62,0.17,17.07
2023-12-19 21:20:01,14.36,1511.1,81.1,-0.62,0.17,17.07
2023-12-19 21:30:01,14.35,1511.1,81.1,-0.62,0.17,17.07
2023-12-19 21:40:01,14.35,1511.1,81.1,-0.62,0.17,17.07
2023-12-19 21:50:01,14.35,1511.1,81.1,-0.62,0.16,17.08
2023-12-19 22:00:01,14.35,1511.1,81.1,-0.62,0.16,17.08
2023-12-19 22:10:01,14.35,1511.1,81.1,-0.62,0.17,17.08
2023-12-19 22:20:01,14.35,1511.1,81.1,-0.62,0.17,17.09
2023-12-19 22:30:01,14.35,1511.1,81.1,-0.62,0.17,17.13
2023-12-19 22:40:01,14.35,1511.1,81.1,-0.63,0.17,17.13
2023-12-19 22:50:01,14.36,1511.1,81.1,-0.62,0.16,17.10
2023-12-19 23:00:01,14.35,1511.1,81.1,-0.62,0.17,17.12
2023-12-19 23:10:01,14.36,1511.1,81.1,-0.62,0.17,17.12
2023-12-19 23:20:01,14.35,1511.1,81.1,-0.62,0.17,17.11
2023-12-19 23:30:01,14.36,1511.1,81.1,-0.62,0.16,17.11
2023-12-19 23:40:01,14.36,1511.1,81.1,-0.62,0.17,17.12
2023-12-19 23:50:01,14.35,1511.1,81.1,-0.62,0.17,17.13
2023-12-20 00:00:01,14.36,1511.1,81.1,-0.61,0.17,17.11
2023-12-20 00:10:01,14.35,1511.1,81.1,-0.62,0.17,17.10
2023-12-20 00:20:01,14.36,1511.1,81.0,-0.61,0.17,17.10
2023-12-20 00:30:01,14.35,1511.1,81.0,-0.62,0.17,17.10
2023-12-20 00:40:01,14.36,1511.1,81.0,-0.62,0.17,17.11
2023-12-20 00:50:01,14.36,1511.1,81.0,-0.62,0.17,17.15
2023-12-20 01:00:01,14.36,1511.1,81.0,-0.62,0.17,17.21
2023-12-20 01:10:01,14.36,1511.1,81.1,-0.61,0.17,17.23
2023-12-20 01:20:01,14.36,1512.4,81.1,-0.62,0.17,17.27
2023-12-20 01:30:01,14.36,1512.6,81.1,-0.61,0.17,17.29
2023-12-20 01:40:01,14.36,1512.6,81.0,-0.61,0.17,17.29
2023-12-20 01:50:01,14.36,1512.6,81.0,-0.61,0.17,17.28
2023-12-20 02:00:01,14.36,1512.6,81.0,-0.61,0.17,17.27
2023-12-20 02:10:01,14.36,1512.6,81.0,-0.61,0.17,17.26
2023-12-20 02:20:01,14.36,1512.6,81.0,-0.61,0.17,17.27
2023-12-20 02:30:01,14.36,1512.6,81.0,-0.61,0.17,17.30
2023-12-20 02:40:01,14.36,1512.6,81.0,-0.61,0.18,17.30
2023-12-20 02:50:01,14.36,1512.6,81.1,-0.61,0.17,17.30
2023-12-20 03:00:01,14.36,1512.6,81.1,-0.61,0.17,17.31
2023-12-20 03:10:01,14.36,1512.6,81.0,-0.61,0.18,17.32
2023-12-20 03:20:01,14.36,1512.6,81.0,-0.61,0.18,17.34
2023-12-20 03:30:01,14.36,1512.6,81.0,-0.61,0.18,17.36
2023-12-20 03:40:01,14.36,1512.6,81.0,-0.61,0.18,17.35
2023-12-20 03:50:01,14.36,1512.6,81.0,-0.62,0.18,17.33
2023-12-20 04:00:01,14.36,1512.6,81.0,-0.61,0.17,17.33
2023-12-20 04:10:01,14.36,1512.6,81.0,-0.61,0.17,17.34
2023-12-20 04:20:01,14.36,1512.6,81.0,-0.61,0.18,17.34
2023-12-20 04:30:01,14.37,1512.6,81.0,-0.61,0.17,17.34
2023-12-20 04:40:01,14.36,1512.6,81.0,-0.62,0.18,17.34
2023-12-20 04:50:01,14.36,1512.6,81.0,-0.61,0.18,17.35
2023-12-20 05:00:01,14.36,1512.6,81.0,-0.61,0.17,17.35
2023-12-20 05:10:01,14.36,1512.6,81.0,-0.61,0.18,17.35
2023-12-20 05:20:01,14.37,1512.6,81.0,-0.62,0.17,17.35
2023-12-20 05:30:01,14.36,1512.6,81.0,-0.61,0.17,17.35
2023-12-20 05:40:01,14.37,1512.6,81.0,-0.62,0.17,17.35
2023-12-20 05:50:01,14.36,1512.6,81.0,-0.61,0.17,17.35
2023-12-20 06:00:01,14.36,1512.6,81.0,-0.61,0.17,17.35
2023-12-20 06:10:01,14.36,1512.6,81.0,-0.61,0.17,17.34
2023-12-20 06:20:01,14.36,1512.6,81.0,-0.61,0.17,17.34
2023-12-20 06:30:01,14.36,1512.6,81.0,-0.61,0.17,17.33
2023-12-20 06:40:01,14.36,1512.6,81.0,-0.61,0.17,17.31
2023-12-20 06:50:01,14.36,1512.6,81.0,-0.61,0.17,17.30
2023-12-20 07:00:01,14.36,1512.6,81.0,-0.61,0.17,17.31
2023-12-20 07:10:01,14.37,1512.6,81.0,-0.61,0.17,17.31
2023-12-20 07:20:01,14.36,1512.6,81.0,-0.61,0.17,17.31
2023-12-20 07:30:01,14.36,1512.6,81.0,-0.61,0.17,17.32
2023-12-20 07:40:01,14.36,1512.6,81.0,-0.61,0.17,17.32
2023-12-20 07:50:01,14.37,1512.6,81.0,-0.61,0.17,17.32
2023-12-20 08:00:01,14.36,1512.6,81.0,-0.61,0.17,17.32
2023-12-20 08:10:01,14.36,1512.6,81.0,-0.61,0.17,17.33
2023-12-20 08:20:01,14.36,1512.6,81.0,-0.61,0.17,17.33
2023-12-20 08:30:01,14.36,1512.6,81.0,-0.61,0.17,17.32
2023-12-20 08:40:01,14.36,1512.6,81.0,-0.61,0.17,17.28
2023-12-20 08:50:01,14.36,1511.5,81.0,-0.61,0.17,17.24
2023-12-20 09:00:01,14.36,1511.1,81.0,-0.61,0.17,17.21
2023-12-20 09:10:01,14.36,1511.1,81.0,-0.61,0.17,17.20
2023-12-20 09:20:01,14.36,1511.1,81.0,-0.61,0.17,17.21
2023-12-20 09:30:01,14.36,1511.1,81.0,-0.61,0.17,17.21
2023-12-20 09:40:01,14.36,1511.1,81.0,-0.61,0.17,17.05
2023-12-20 09:50:01,14.36,1511.1,81.0,-0.61,0.16,16.88
2023-12-20 10:00:01,14.36,1510.7,81.0,-0.61,0.16,16.77
2023-12-20 10:10:01,14.36,1509.6,81.0,-0.61,0.16,16.69
2023-12-20 10:20:01,14.36,1509.6,81.0,-0.62,0.17,16.63
2023-12-20 10:30:01,14.35,1509.6,81.0,-0.62,0.16,16.61
2023-12-20 10:40:01,14.35,1509.6,81.0,-0.62,0.16,16.59
2023-12-20 10:50:01,14.35,1509.6,81.0,-0.62,0.16,16.61
2023-12-20 11:00:01,14.35,1509.6,81.0,-0.62,0.16,16.63
2023-12-20 11:10:01,14.35,1509.6,81.0,-0.62,0.17,16.65
2023-12-20 11:20:01,14.35,1509.6,81.0,-0.62,0.17,16.68
2023-12-20 11:30:01,14.35,1509.6,81.1,-0.63,0.18,16.72
2023-12-20 11:40:01,14.34,1510.8,81.0,-0.62,0.16,16.75
2023-12-20 11:50:01,14.34,1510.9,81.0,-0.62,0.17,16.76
2023-12-20 12:00:01,14.34,1509.6,81.0,-0.62,0.17,16.70
2023-12-20 12:10:01,14.34,1509.6,81.0,-0.62,0.17,16.71
2023-12-20 12:20:01,14.34,1509.6,81.0,-0.62,0.17,16.70
2023-12-20 12:30:01,14.34,1510.3,81.0,-0.63,0.17,16.75
2023-12-20 12:40:01,14.34,1511.1,81.0,-0.62,0.17,16.80
2023-12-20 12:50:01,14.34,1511.1,81.0,-0.62,0.17,16.80
2023-12-20 13:00:01,14.34,1511.1,81.0,-0.62,0.17,16.81
2023-12-20 13:10:01,14.34,1511.1,81.0,-0.62,0.17,16.83
2023-12-20 13:20:01,14.34,1511.1,81.0,-0.62,0.17,16.83
2023-12-20 13:30:01,14.34,1511.1,81.0,-0.62,0.17,16.80
2023-12-20 13:40:01,14.34,1511.1,81.0,-0.62,0.17,16.82
2023-12-20 13:50:01,14.34,1511.1,81.0,-0.62,0.17,16.82
2023-12-20 14:00:01,14.34,1511.1,81.0,-0.62,0.17,16.80
2023-12-20 14:10:01,14.34,1511.1,81.0,-0.62,0.17,16.79
2023-12-20 14:20:01,14.34,1511.1,81.0,-0.62,0.17,16.78
2023-12-20 14:30:01,14.34,1511.1,81.0,-0.62,0.17,16.77
2023-12-20 14:40:01,14.34,1511.1,81.0,-0.62,0.17,16.77
2023-12-20 14:50:01,14.34,1511.1,81.0,-0.62,0.17,16.78
2023-12-20 15:00:01,14.34,1511.1,81.0,-0.61,0.17,16.78
2023-12-20 15:10:01,14.34,1511.1,81.0,-0.62,0.17,16.81
2023-12-20 15:20:01,14.34,1511.1,81.0,-0.62,0.18,16.89
2023-12-20 15:30:01,14.34,1511.1,81.0,-0.62,0.18,16.92
2023-12-20 15:40:01,14.34,1511.1,81.0,-0.61,0.18,16.92
2023-12-20 15:50:01,14.34,1511.1,81.0,-0.61,0.17,16.91
2023-12-20 16:00:01,14.34,1511.1,81.0,-0.62,0.17,16.89
2023-12-20 16:10:01,14.35,1511.1,81.0,-0.62,0.17,16.88
2023-12-20 16:20:01,14.34,1511.1,81.0,-0.62,0.17,16.88
2023-12-20 16:30:01,14.35,1511.1,81.0,-0.62,0.17,16.88
2023-12-20 16:40:01,14.35,1511.1,81.0,-0.62,0.18,16.88
2023-12-20 16:50:01,14.34,1511.1,81.0,-0.62,0.18,16.88
2023-12-20 17:00:01,14.35,1511.1,81.0,-0.62,0.17,16.88
2023-12-20 17:10:01,14.35,1511.1,81.0,-0.61,0.17,16.88
2023-12-20 17:20:01,14.35,1511.1,81.0,-0.62,0.17,16.89
2023-12-20 17:30:01,14.34,1511.1,81.0,-0.62,0.17,16.90
2023-12-20 17:40:01,14.35,1511.1,81.0,-0.62,0.17,16.91
2023-12-20 17:50:01,14.35,1511.1,81.0,-0.62,0.17,16.90
2023-12-20 18:00:01,14.35,1511.1,81.0,-0.62,0.17,16.91
2023-12-20 18:10:01,14.35,1511.1,81.0,-0.62,0.17,16.92
2023-12-20 18:20:01,14.35,1511.1,81.0,-0.61,0.17,16.93
2023-12-20 18:30:01,14.35,1511.1,81.0,-0.62,0.17,16.94
2023-12-20 18:40:01,14.35,1511.1,81.0,-0.62,0.17,16.94
2023-12-20 18:50:01,14.35,1511.1,81.0,-0.61,0.17,16.94
2023-12-20 19:00:01,14.35,1511.1,81.0,-0.61,0.17,16.94
2023-12-20 19:10:01,14.35,1511.1,81.0,-0.61,0.17,16.96
2023-12-20 19:20:01,14.35,1511.1,81.0,-0.61,0.17,16.99
2023-12-20 19:30:01,14.35,1511.1,81.0,-0.61,0.18,16.99
2023-12-20 19:40:01,14.35,1511.1,81.0,-0.61,0.17,17.02
2023-12-20 19:50:01,14.35,1511.1,81.0,-0.61,0.17,17.06
2023-12-20 20:00:01,14.35,1511.1,81.1,-0.61,0.17,17.06
2023-12-20 20:10:01,14.35,1511.1,81.1,-0.61,0.17,17.03
2023-12-20 20:20:01,14.35,1511.1,81.1,-0.61,0.17,17.02
2023-12-20 20:30:01,14.35,1511.1,81.1,-0.61,0.17,17.05
2023-12-20 20:40:01,14.35,1511.1,81.1,-0.61,0.17,17.07
2023-12-20 20:50:01,14.35,1511.1,81.1,-0.61,0.17,17.07
2023-12-20 21:00:01,14.36,1511.1,81.1,-0.61,0.17,17.07
2023-12-20 21:10:01,14.35,1511.1,81.1,-0.61,0.17,17.07
2023-12-20 21:20:01,14.36,1511.1,81.1,-0.61,0.17,17.10
2023-12-20 21:30:01,14.36,1511.1,81.1,-0.62,0.17,17.13
2023-12-20 21:40:01,14.35,1511.1,81.1,-0.61,0.17,17.12
2023-12-20 21:50:01,14.36,1511.1,81.1,-0.61,0.17,17.14
2023-12-20 22:00:01,14.36,1511.1,81.1,-0.60,0.17,17.15
2023-12-20 22:10:01,14.36,1511.1,81.1,-0.61,0.17,17.18
2023-12-20 22:20:01,14.36,1511.1,81.1,-0.60,0.17,17.18
2023-12-20 22:30:01,14.36,1511.1,81.1,-0.61,0.17,17.18
2023-12-20 22:40:01,14.36,1512.0,81.1,-0.60,0.17,17.25
2023-12-20 22:50:01,14.36,1512.6,81.1,-0.60,0.17,17.28
2023-12-20 23:00:01,14.36,1512.6,81.1,-0.60,0.17,17.27
2023-12-20 23:10:01,14.36,1512.6,81.1,-0.60,0.17,17.28
2023-12-20 23:20:01,14.36,1512.6,81.1,-0.60,0.17,17.32
2023-12-20 23:30:01,14.36,1512.6,81.1,-0.61,0.17,17.32
2023-12-20 23:40:01,14.36,1512.6,81.1,-0.60,0.17,17.34
2023-12-20 23:50:01,14.36,1512.6,81.1,-0.60,0.17,17.35
2023-12-21 00:00:01,14.36,1512.6,81.1,-0.60,0.17,17.34
2023-12-21 00:10:01,14.36,1512.6,81.1,-0.60,0.17,17.33
2023-12-21 00:20:01,14.36,1512.6,81.1,-0.60,0.17,17.34
2023-12-21 00:30:01,14.36,1512.6,81.1,-0.60,0.17,17.36
2023-12-21 00:40:01,14.37,1512.6,81.1,-0.60,0.17,17.37
2023-12-21 00:50:01,14.36,1512.6,81.1,-0.60,0.17,17.37
2023-12-21 01:00:01,14.37,1512.6,81.1,-0.60,0.17,17.37
2023-12-21 01:10:01,14.36,1512.6,81.1,-0.60,0.17,17.37
2023-12-21 01:20:01,14.37,1512.6,81.1,-0.60,0.17,17.36
2023-12-21 01:30:01,14.37,1512.6,81.1,-0.60,0.17,17.36
2023-12-21 01:40:01,14.37,1512.6,81.1,-0.60,0.18,17.36
2023-12-21 01:50:01,14.36,1512.6,81.1,-0.60,0.17,17.36
2023-12-21 02:00:01,14.37,1512.6,81.1,-0.60,0.17,17.35
2023-12-21 02:10:01,14.37,1512.6,81.1,-0.60,0.17,17.35
2023-12-21 02:20:01,14.37,1512.6,81.1,-0.60,0.18,17.35
2023-12-21 02:30:01,14.37,1512.6,81.1,-0.60,0.17,17.36
2023-12-21 02:40:01,14.37,1512.6,81.1,-0.60,0.17,17.37
2023-12-21 02:50:01,14.37,1512.6,81.1,-0.60,0.17,17.37
2023-12-21 03:00:01,14.37,1512.6,81.0,-0.60,0.17,17.37
2023-12-21 03:10:01,14.37,1512.6,81.1,-0.60,0.17,17.37
2023-12-21 03:20:01,14.37,1512.6,81.1,-0.60,0.17,17.37
2023-12-21 03:30:01,14.37,1512.6,81.1,-0.60,0.17,17.36
2023-12-21 03:40:01,14.37,1512.6,81.1,-0.60,0.17,17.36
2023-12-21 03:50:01,14.37,1512.6,81.1,-0.60,0.18,17.35
2023-12-21 04:00:01,14.37,1512.6,81.1,-0.60,0.17,17.35
2023-12-21 04:10:01,14.37,1512.6,81.0,-0.60,0.18,17.34
2023-12-21 04:20:01,14.37,1512.6,81.0,-0.60,0.17,17.34
2023-12-21 04:30:01,14.36,1512.6,81.0,-0.60,0.17,17.35
2023-12-21 04:40:01,14.37,1512.6,81.0,-0.60,0.17,17.35
2023-12-21 04:50:01,14.37,1512.6,81.1,-0.60,0.17,17.35
2023-12-21 05:00:01,14.37,1512.6,81.1,-0.60,0.17,17.35
2023-12-21 05:10:01,14.36,1512.6,81.0,-0.60,0.18,17.35
2023-12-21 05:20:01,14.36,1512.6,81.1,-0.60,0.17,17.35
2023-12-21 05:30:01,14.37,1512.6,81.1,-0.60,0.17,17.35
2023-12-21 05:40:01,14.37,1512.6,81.1,-0.60,0.17,17.35
2023-12-21 05:50:01,14.36,1512.6,81.1,-0.60,0.17,17.35
2023-12-21 06:00:01,14.37,1512.6,81.0,-0.60,0.17,17.35
2023-12-21 06:10:01,14.37,1512.6,81.0,-0.60,0.17,17.35
2023-12-21 06:20:01,14.37,1512.6,81.1,-0.60,0.17,17.35
2023-12-21 06:30:01,14.37,1512.6,81.1,-0.60,0.17,17.36
2023-12-21 06:40:01,14.37,1512.6,81.1,-0.60,0.18,17.37
2023-12-21 06:50:01,14.36,1512.6,81.0,-0.60,0.17,17.37
2023-12-21 07:00:01,14.36,1512.6,81.0,-0.60,0.17,17.38
2023-12-21 07:10:01,14.36,1512.6,81.0,-0.60,0.17,17.38
2023-12-21 07:20:01,14.37,1512.6,81.1,-0.60,0.17,17.38
2023-12-21 07:30:01,14.37,1512.6,81.0,-0.60,0.18,17.37
2023-12-21 07:40:01,14.37,1512.6,81.0,-0.59,0.17,17.37
2023-12-21 07:50:01,14.36,1512.6,81.0,-0.60,0.18,17.35
2023-12-21 08:00:01,14.37,1512.6,81.1,-0.60,0.18,17.34
2023-12-21 08:10:01,14.37,1512.6,81.0,-0.60,0.17,17.33
2023-12-21 08:20:01,14.37,1512.6,81.1,-0.60,0.18,17.33
2023-12-21 08:30:01,14.37,1512.6,81.1,-0.60,0.17,17.32
2023-12-21 08:40:01,14.37,1512.6,81.1,-0.60,0.17,17.32
2023-12-21 08:50:01,14.37,1512.6,81.1,-0.59,0.17,17.32
2023-12-21 09:00:01,14.36,1512.6,81.1,-0.60,0.17,17.32
2023-12-21 09:10:01,14.37,1512.6,81.0,-0.60,0.17,17.31
2023-12-21 09:20:01,14.36,1512.6,81.1,-0.60,0.17,17.31
2023-12-21 09:30:01,14.37,1512.6,81.0,-0.60,0.17,17.30
2023-12-21 09:40:01,14.37,1512.6,81.1,-0.60,0.17,17.30
2023-12-21 09:50:01,14.36,1512.6,81.1,-0.60,0.17,17.30
2023-12-21 10:00:01,14.36,1512.6,81.0,-0.60,0.17,17.30
2023-12-21 10:10:01,14.36,1512.6,81.0,-0.60,0.17,17.29
2023-12-21 10:20:01,14.36,1512.6,81.0,-0.60,0.17,17.29
2023-12-21 10:30:01,14.37,1512.6,81.0,-0.60,0.17,17.29
2023-12-21 10:40:01,14.37,1512.6,81.0,-0.60,0.17,17.29
2023-12-21 10:50:01,14.36,1512.6,81.0,-0.60,0.17,17.28
2023-12-21 11:00:01,14.36,1512.6,81.1,-0.60,0.17,17.28
2023-12-21 11:10:01,14.36,1512.6,81.1,-0.60,0.17,17.28
2023-12-21 11:20:01,14.37,1512.6,81.1,-0.60,0.17,17.28
2023-12-21 11:30:01,14.37,1512.6,81.1,-0.60,0.17,17.28
2023-12-21 11:40:01,14.36,1512.6,81.0,-0.60,0.17,17.28
2023-12-21 11:50:01,14.36,1512.6,81.1,-0.60,0.17,17.27
2023-12-21 12:00:01,14.36,1512.6,81.0,-0.60,0.17,17.26
2023-12-21 12:10:01,14.36,1511.2,81.0,-0.60,0.17,17.23
2023-12-21 12:20:01,14.37,1511.1,81.0,-0.60,0.17,17.21
2023-12-21 12:30:01,14.36,1511.1,81.0,-0.60,0.17,17.20
2023-12-21 12:40:01,14.37,1511.1,81.0,-0.60,0.17,17.20
2023-12-21 12:50:01,14.37,1511.1,81.0,-0.60,0.17,17.21
2023-12-21 13:00:01,14.36,1511.1,81.0,-0.60,0.17,17.20
2023-12-21 13:10:01,14.36,1511.1,81.0,-0.60,0.17,17.18
2023-12-21 13:20:01,14.36,1511.1,81.0,-0.60,0.17,17.17
2023-12-21 13:30:01,14.37,1511.1,81.0,-0.61,0.17,17.17
2023-12-21 13:40:01,14.36,1511.1,81.0,-0.60,0.17,17.17
2023-12-21 13:50:01,14.36,1511.1,81.0,-0.60,0.17,17.16
2023-12-21 14:00:01,14.36,1511.1,81.0,-0.60,0.17,17.15
2023-12-21 14:10:01,14.36,1511.1,81.0,-0.60,0.17,17.14
2023-12-21 14:20:01,14.36,1511.1,81.0,-0.60,0.17,17.13
2023-12-21 14:30:01,14.36,1511.1,81.0,-0.60,0.17,17.11
2023-12-21 14:40:01,14.36,1511.1,81.0,-0.61,0.17,17.12
2023-12-21 14:50:01,14.36,1511.1,81.0,-0.60,0.17,17.12
2023-12-21 15:00:01,14.36,1511.1,81.0,-0.60,0.17,17.13
2023-12-21 15:10:01,14.36,1511.1,81.0,-0.60,0.17,17.14
2023-12-21 15:20:01,14.36,1511.1,81.0,-0.61,0.17,17.14
2023-12-21 15:30:01,14.36,1511.1,81.0,-0.61,0.17,17.14
2023-12-21 15:40:01,14.36,1511.1,81.0,-0.61,0.17,17.13
2023-12-21 15:50:01,14.36,1511.1,81.0,-0.62,0.18,17.12
2023-12-21 16:00:01,14.36,1511.1,81.0,-0.61,0.18,17.12
2023-12-21 16:10:01,14.36,1511.1,81.0,-0.61,0.17,17.13
2023-12-21 16:20:01,14.36,1511.1,81.0,-0.62,0.17,17.13
2023-12-21 16:30:01,14.36,1511.1,81.0,-0.62,0.17,17.13
2023-12-21 16:40:01,14.36,1511.1,81.0,-0.62,0.17,17.11
2023-12-21 16:50:01,14.36,1511.1,81.0,-0.61,0.17,17.11
2023-12-21 17:00:01,14.36,1511.1,81.0,-0.61,0.17,17.13
2023-12-21 17:10:01,14.36,1511.1,81.0,-0.63,0.17,17.13
2023-12-21 17:20:01,14.36,1511.1,81.0,-0.63,0.17,17.11
2023-12-21 17:30:01,14.36,1511.1,81.0,-0.63,0.18,17.11
2023-12-21 17:40:01,14.36,1511.1,81.0,-0.63,0.18,17.12
2023-12-21 17:50:01,14.36,1511.1,81.0,-0.63,0.18,17.13
2023-12-21 18:00:01,14.36,1511.1,80.9,-0.63,0.18,17.16
2023-12-21 18:10:01,14.36,1511.1,80.9,-0.62,0.18,17.19
2023-12-21 18:20:01,14.36,1511.1,81.0,-0.63,0.19,17.19
2023-12-21 18:30:01,14.36,1511.1,81.0,-0.62,0.19,17.20
2023-12-21 18:40:01,14.36,1511.9,80.9,-0.61,0.20,17.24
2023-12-21 18:50:01,14.36,1512.3,80.9,-0.62,0.21,17.25
2023-12-21 19:00:01,14.36,1512.3,80.9,-0.62,0.20,17.26
2023-12-21 19:10:01,14.36,1512.6,81.0,-0.62,0.20,17.26
2023-12-21 19:20:01,14.36,1511.5,81.0,-0.64,0.20,17.24
2023-12-21 19:30:01,14.36,1512.6,81.0,-0.64,0.19,17.27
2023-12-21 19:40:01,14.37,1512.5,81.0,-0.64,0.20,17.25
2023-12-21 19:50:01,14.37,1512.4,81.0,-0.64,0.20,17.25
2023-12-21 20:00:01,14.36,1512.6,81.0,-0.62,0.20,17.32
2023-12-21 20:10:01,14.37,1512.6,81.0,-0.64,0.21,17.30
2023-12-21 20:20:01,14.37,1512.6,81.0,-0.64,0.21,17.29
2023-12-21 20:30:01,14.37,1512.6,81.0,-0.62,0.22,17.34
2023-12-21 20:40:01,14.37,1512.6,81.0,-0.63,0.20,17.30
2023-12-21 20:50:01,14.37,1512.6,81.0,-0.63,0.19,17.28
2023-12-21 21:00:01,14.37,1512.6,81.0,-0.63,0.20,17.29
2023-12-21 21:10:01,14.37,1512.6,81.0,-0.63,0.19,17.29
2023-12-21 21:20:01,14.37,1512.6,81.0,-0.63,0.20,17.30
2023-12-21 21:30:01,14.37,1512.6,81.0,-0.63,0.19,17.36
2023-12-21 21:40:01,14.37,1512.6,81.0,-0.64,0.20,17.41
2023-12-21 21:50:01,14.37,1512.6,81.0,-0.64,0.19,17.40
2023-12-21 22:00:01,14.36,1512.6,81.0,-0.64,0.19,17.42
2023-12-21 22:10:01,14.37,1512.6,81.1,-0.64,0.20,17.46
2023-12-21 22:20:01,14.37,1512.6,81.0,-0.64,0.19,17.49
2023-12-21 22:30:01,14.37,1512.6,81.0,-0.63,0.19,17.50
2023-12-21 22:40:01,14.37,1512.6,81.0,-0.63,0.19,17.43
2023-12-21 22:50:01,14.37,1512.6,81.0,-0.63,0.19,17.41
2023-12-21 23:00:01,14.37,1512.6,81.0,-0.63,0.18,17.45
2023-12-21 23:10:01,14.37,1512.6,81.0,-0.63,0.18,17.50
2023-12-21 23:20:01,14.37,1512.6,81.0,-0.63,0.19,17.49
2023-12-21 23:30:01,14.37,1512.6,81.0,-0.62,0.17,17.51
2023-12-21 23:40:01,14.37,1512.6,81.0,-0.62,0.17,17.50
2023-12-21 23:50:01,14.37,1512.6,81.0,-0.63,0.18,17.44
2023-12-22 00:00:01,14.37,1512.6,81.0,-0.63,0.18,17.45
2023-12-22 00:10:01,14.37,1512.6,81.0,-0.62,0.18,17.46
2023-12-22 00:20:01,14.37,1512.6,81.0,-0.63,0.18,17.42
2023-12-22 00:30:01,14.37,1512.6,81.0,-0.63,0.18,17.37
2023-12-22 00:40:01,14.37,1512.6,81.0,-0.63,0.18,17.38
2023-12-22 00:50:01,14.37,1512.6,81.0,-0.63,0.19,17.35
2023-12-22 01:00:01,14.37,1512.6,81.0,-0.63,0.19,17.35
2023-12-22 01:10:01,14.37,1512.6,81.0,-0.62,0.18,17.34
2023-12-22 01:20:01,14.37,1512.6,81.0,-0.63,0.18,17.34
2023-12-22 01:30:01,14.37,1512.6,81.0,-0.63,0.18,17.33
2023-12-22 01:40:01,14.37,1512.6,81.0,-0.63,0.19,17.31
2023-12-22 01:50:01,14.37,1512.6,81.0,-0.63,0.19,17.30
2023-12-22 02:00:01,14.37,1512.6,81.0,-0.63,0.19,17.28
2023-12-22 02:10:01,14.37,1512.6,81.0,-0.63,0.19,17.26
2023-12-22 02:20:01,14.37,1512.5,81.0,-0.63,0.19,17.25
2023-12-22 02:30:01,14.37,1512.0,81.0,-0.64,0.19,17.25
2023-12-22 02:40:01,14.37,1511.1,81.0,-0.63,0.19,17.24
2023-12-22 02:50:01,14.37,1511.1,81.0,-0.63,0.19,17.23
2023-12-22 03:00:01,14.37,1511.1,81.0,-0.63,0.19,17.23
2023-12-22 03:10:01,14.37,1511.1,81.0,-0.63,0.19,17.23
2023-12-22 03:20:01,14.37,1511.1,81.0,-0.63,0.19,17.22
2023-12-22 03:30:01,14.37,1511.1,81.0,-0.64,0.19,17.22
2023-12-22 03:40:01,14.37,1511.1,81.0,-0.63,0.18,17.23
2023-12-22 03:50:01,14.37,1511.2,81.0,-0.63,0.19,17.24
2023-12-22 04:00:01,14.37,1512.5,81.0,-0.63,0.19,17.26
2023-12-22 04:10:01,14.37,1512.6,81.0,-0.64,0.19,17.29
2023-12-22 04:20:01,14.37,1512.6,81.0,-0.64,0.20,17.32
2023-12-22 04:30:01,14.37,1512.6,81.0,-0.63,0.20,17.30
2023-12-22 04:40:01,14.36,1512.6,81.0,-0.64,0.20,17.27
2023-12-22 04:50:01,14.37,1512.6,81.0,-0.63,0.19,17.27
2023-12-22 05:00:01,14.37,1512.6,81.0,-0.64,0.19,17.26
2023-12-22 05:10:01,14.37,1512.6,81.0,-0.63,0.19,17.26
2023-12-22 05:20:01,14.37,1512.6,81.0,-0.63,0.19,17.27
2023-12-22 05:30:01,14.37,1512.6,81.0,-0.63,0.20,17.29
2023-12-22 05:40:01,14.37,1512.6,81.0,-0.63,0.20,17.27
2023-12-22 05:50:01,14.37,1512.5,81.0,-0.63,0.20,17.25
2023-12-22 06:00:01,14.37,1512.2,81.0,-0.64,0.19,17.25
2023-12-22 06:10:01,14.37,1512.2,81.0,-0.63,0.19,17.25
2023-12-22 06:20:01,14.37,1512.4,81.0,-0.63,0.19,17.25
2023-12-22 06:30:01,14.37,1512.4,81.0,-0.63,0.19,17.25
2023-12-22 06:40:01,14.37,1512.4,81.0,-0.63,0.19,17.25
2023-12-22 06:50:01,14.37,1512.5,81.0,-0.63,0.19,17.25
2023-12-22 07:00:01,14.37,1512.6,81.0,-0.63,0.19,17.26
2023-12-22 07:10:01,14.37,1512.6,81.0,-0.63,0.19,17.27
2023-12-22 07:20:01,14.37,1512.6,81.0,-0.63,0.19,17.26
2023-12-22 07:30:01,14.37,1512.6,81.0,-0.63,0.19,17.26
2023-12-22 07:40:01,14.37,1512.6,81.0,-0.63,0.19,17.26
2023-12-22 07:50:01,14.37,1512.2,81.0,-0.63,0.18,17.25
2023-12-22 08:00:01,14.37,1511.1,81.0,-0.62,0.17,17.21
2023-12-22 08:10:01,14.37,1511.1,81.0,-0.63,0.16,17.18
2023-12-22 08:20:01,14.37,1511.1,81.0,-0.64,0.17,17.19
2023-12-22 08:30:01,14.37,1511.1,81.0,-0.63,0.18,17.20
2023-12-22 08:40:01,14.36,1511.1,81.0,-0.63,0.18,17.21
2023-12-22 08:50:01,14.37,1511.1,81.0,-0.63,0.17,17.20
2023-12-22 09:00:01,14.36,1511.1,81.0,-0.63,0.18,17.20
2023-12-22 09:10:01,14.36,1511.1,81.0,-0.63,0.18,17.21
2023-12-22 09:20:01,14.37,1511.1,81.0,-0.63,0.18,17.19
2023-12-22 09:30:01,14.37,1511.1,81.0,-0.63,0.18,17.19
2023-12-22 09:40:01,14.37,1511.1,81.0,-0.63,0.18,17.22
2023-12-22 09:50:01,14.36,1511.1,81.0,-0.62,0.18,17.22
2023-12-22 10:00:01,14.37,1511.1,81.0,-0.63,0.19,17.21
2023-12-22 10:10:01,14.36,1511.1,81.0,-0.63,0.18,17.19
2023-12-22 10:20:01,14.37,1511.1,81.0,-0.62,0.18,17.21
2023-12-22 10:30:01,14.37,1511.1,81.0,-0.63,0.19,17.23
2023-12-22 10:40:01,14.37,1511.1,81.0,-0.62,0.18,17.23
2023-12-22 10:50:01,14.37,1511.1,81.0,-0.62,0.18,17.23
2023-12-22 11:00:01,14.37,1511.1,81.0,-0.62,0.18,17.23
2023-12-22 11:10:01,14.37,1511.1,81.0,-0.63,0.18,17.22
2023-12-22 11:20:01,14.37,1511.1,81.0,-0.62,0.18,17.22
2023-12-22 11:30:01,14.37,1511.1,81.0,-0.62,0.18,17.19
2023-12-22 11:40:01,14.37,1511.1,81.0,-0.62,0.17,17.14
2023-12-22 11:50:01,14.36,1511.1,81.0,-0.61,0.17,17.13
2023-12-22 12:00:01,14.37,1511.1,81.0,-0.62,0.18,17.14
2023-12-22 12:10:01,14.37,1511.1,81.0,-0.62,0.18,17.16
2023-12-22 12:20:01,14.36,1511.1,81.0,-0.62,0.18,17.15
2023-12-22 12:30:01,14.36,1511.1,81.0,-0.62,0.18,17.14
2023-12-22 12:40:01,14.37,1511.1,81.0,-0.62,0.18,17.14
2023-12-22 12:50:01,14.37,1511.1,81.0,-0.62,0.17,17.13
2023-12-22 13:00:01,14.37,1511.1,81.0,-0.63,0.18,17.12
2023-12-22 13:10:01,14.36,1511.1,81.0,-0.63,0.18,17.11
2023-12-22 13:20:01,14.37,1511.1,81.0,-0.62,0.18,17.11
2023-12-22 13:30:01,14.36,1511.1,81.0,-0.62,0.18,17.09
2023-12-22 13:40:01,14.36,1511.1,81.0,-0.62,0.18,17.08
2023-12-22 13:50:01,14.37,1511.1,81.0,-0.63,0.18,17.07
2023-12-22 14:00:01,14.36,1511.1,81.0,-0.63,0.18,17.06
2023-12-22 14:10:01,14.37,1511.1,81.0,-0.62,0.18,17.06
2023-12-22 14:20:01,14.37,1511.1,81.0,-0.63,0.18,17.06
2023-12-22 14:30:01,14.37,1511.1,81.0,-0.62,0.18,17.06
2023-12-22 14:40:01,14.36,1511.1,81.0,-0.62,0.18,17.06
2023-12-22 14:50:01,14.36,1511.1,81.0,-0.62,0.18,17.05
2023-12-22 15:00:01,14.36,1511.1,81.0,-0.62,0.18,17.05
2023-12-22 15:10:01,14.36,1511.1,81.0,-0.63,0.17,17.05
2023-12-22 15:20:01,14.37,1511.1,81.0,-0.62,0.18,17.01
2023-12-22 15:30:01,14.36,1511.1,81.0,-0.62,0.17,16.97
2023-12-22 15:40:01,14.36,1511.1,81.0,-0.62,0.17,16.97
2023-12-22 15:50:01,14.36,1511.1,81.0,-0.62,0.17,16.98
2023-12-22 16:00:01,14.37,1511.1,81.0,-0.63,0.18,17.00
2023-12-22 16:10:01,14.36,1511.1,80.9,-0.62,0.18,17.00
2023-12-22 16:20:01,14.36,1511.1,80.9,-0.63,0.18,17.01
2023-12-22 16:30:01,14.36,1511.1,80.9,-0.63,0.18,17.01
2023-12-22 16:40:01,14.36,1511.1,80.9,-0.62,0.18,17.01
2023-12-22 16:50:01,14.36,1511.1,80.9,-0.62,0.18,17.01
2023-12-22 17:00:01,14.36,1511.1,80.9,-0.62,0.18,17.01
2023-12-22 17:10:01,14.36,1511.1,80.9,-0.62,0.18,17.01
2023-12-22 17:20:01,14.36,1511.1,80.9,-0.62,0.18,17.01
2023-12-22 17:30:01,14.36,1511.1,80.9,-0.62,0.18,16.98
2023-12-22 17:40:01,14.36,1511.1,80.9,-0.62,0.18,16.96
2023-12-22 17:50:01,14.36,1511.1,80.9,-0.63,0.18,16.97
2023-12-22 18:00:01,14.36,1511.1,80.9,-0.63,0.18,16.97
2023-12-22 18:10:01,14.36,1511.1,80.9,-0.62,0.18,16.98
2023-12-22 18:20:01,14.36,1511.1,80.9,-0.62,0.17,16.99
2023-12-22 18:30:01,14.36,1511.1,80.9,-0.62,0.18,17.00
2023-12-22 18:40:01,14.36,1511.1,80.9,-0.63,0.18,17.00
2023-12-22 18:50:01,14.36,1511.1,80.9,-0.62,0.19,17.01
2023-12-22 19:00:01,14.36,1511.1,81.0,-0.62,0.19,17.01
2023-12-22 19:10:01,14.36,1511.1,81.0,-0.62,0.18,17.02
2023-12-22 19:20:01,14.36,1511.1,81.0,-0.63,0.19,17.02
2023-12-22 19:30:01,14.36,1511.1,81.0,-0.63,0.19,17.01
2023-12-22 19:40:01,14.36,1511.1,81.0,-0.63,0.18,17.04
2023-12-22 19:50:01,14.36,1511.1,81.0,-0.63,0.18,17.08
2023-12-22 20:00:01,14.37,1511.1,81.0,-0.63,0.19,17.10
2023-12-22 20:10:01,14.36,1511.1,81.0,-0.63,0.18,17.10
2023-12-22 20:20:01,14.37,1511.1,81.0,-0.63,0.18,17.10
2023-12-22 20:30:01,14.36,1511.1,81.0,-0.63,0.19,17.12
2023-12-22 20:40:01,14.36,1511.1,81.0,-0.63,0.18,17.16
2023-12-22 20:50:01,14.37,1511.1,81.0,-0.62,0.19,17.19
2023-12-22 21:00:01,14.37,1511.1,81.0,-0.63,0.19,17.20
2023-12-22 21:10:01,14.37,1511.1,81.0,-0.62,0.18,17.19
2023-12-22 21:20:01,14.37,1511.1,81.0,-0.62,0.18,17.21
2023-12-22 21:30:01,14.37,1511.1,81.0,-0.63,0.18,17.23
2023-12-22 21:40:01,14.37,1511.1,81.0,-0.63,0.18,17.22
2023-12-22 21:50:01,14.37,1511.1,81.0,-0.62,0.18,17.22
2023-12-22 22:00:01,14.37,1511.1,81.0,-0.63,0.18,17.23
2023-12-22 22:10:01,14.37,1511.2,81.0,-0.63,0.19,17.24
2023-12-22 22:20:01,14.37,1511.1,81.0,-0.62,0.18,17.23
2023-12-22 22:30:01,14.37,1511.1,81.0,-0.62,0.19,17.23
2023-12-22 22:40:01,14.37,1511.1,81.0,-0.63,0.18,17.23
2023-12-22 22:50:01,14.37,1511.1,81.0,-0.63,0.18,17.21
2023-12-22 23:00:01,14.37,1511.1,81.0,-0.63,0.18,17.20
2023-12-22 23:10:01,14.37,1511.1,81.0,-0.62,0.18,17.23
2023-12-22 23:20:01,14.37,1511.5,81.0,-0.63,0.18,17.24
2023-12-22 23:30:01,14.37,1512.3,81.0,-0.62,0.18,17.25
2023-12-22 23:40:01,14.37,1512.5,81.0,-0.62,0.19,17.25
2023-12-22 23:50:01,14.37,1512.5,81.0,-0.62,0.19,17.25
2023-12-23 00:00:01,14.37,1512.3,81.0,-0.62,0.19,17.25
2023-12-23 00:10:01,14.37,1511.6,81.0,-0.62,0.19,17.24
2023-12-23 00:20:01,14.37,1512.4,81.0,-0.62,0.19,17.25
2023-12-23 00:30:01,14.37,1512.2,81.0,-0.62,0.18,17.25
2023-12-23 00:40:01,14.37,1511.7,81.0,-0.62,0.19,17.24
2023-12-23 00:50:01,14.37,1511.2,81.0,-0.62,0.19,17.24
2023-12-23 01:00:01,14.37,1511.1,81.0,-0.62,0.19,17.23
2023-12-23 01:10:01,14.37,1511.1,81.0,-0.62,0.19,17.24
2023-12-23 01:20:01,14.37,1511.1,81.0,-0.62,0.19,17.23
2023-12-23 01:30:01,14.37,1511.1,81.0,-0.62,0.19,17.22
2023-12-23 01:40:01,14.37,1511.1,81.0,-0.62,0.19,17.21
2023-12-23 01:50:01,14.38,1511.1,81.0,-0.62,0.19,17.20
2023-12-23 02:00:01,14.37,1511.1,81.0,-0.62,0.19,17.19
2023-12-23 02:10:01,14.37,1511.1,81.0,-0.63,0.19,17.19
2023-12-23 02:20:01,14.37,1511.1,81.0,-0.62,0.19,17.19
2023-12-23 02:30:01,14.37,1511.1,81.0,-0.63,0.18,17.18
2023-12-23 02:40:01,14.37,1511.1,81.0,-0.62,0.19,17.16
2023-12-23 02:50:01,14.37,1511.1,81.0,-0.63,0.19,17.15
2023-12-23 03:00:01,14.37,1511.1,81.0,-0.63,0.19,17.15
2023-12-23 03:10:01,14.37,1511.1,81.0,-0.62,0.19,17.15
2023-12-23 03:20:01,14.37,1511.1,81.0,-0.62,0.19,17.15
2023-12-23 03:30:01,14.37,1511.1,81.0,-0.62,0.20,17.14
2023-12-23 03:40:01,14.37,1511.1,81.0,-0.62,0.19,17.12
2023-12-23 03:50:01,14.37,1511.1,81.0,-0.63,0.20,17.12
2023-12-23 04:00:01,14.37,1511.1,81.0,-0.62,0.19,17.14
2023-12-23 04:10:01,14.37,1511.1,81.0,-0.63,0.19,17.13
2023-12-23 04:20:01,14.37,1511.1,81.0,-0.63,0.19,17.15
2023-12-23 04:30:01,14.37,1511.1,81.0,-0.62,0.20,17.15
2023-12-23 04:40:01,14.37,1511.1,81.0,-0.62,0.19,17.15
2023-12-23 04:50:01,14.37,1511.1,81.0,-0.62,0.19,17.10
2023-12-23 05:00:01,14.37,1511.1,81.0,-0.62,0.19,17.09
2023-12-23 05:10:01,14.37,1511.1,81.0,-0.62,0.20,17.09
2023-12-23 05:20:01,14.37,1511.1,81.0,-0.62,0.19,17.11
2023-12-23 05:30:01,14.37,1511.1,81.0,-0.63,0.19,17.12
2023-12-23 05:40:01,14.37,1511.1,81.0,-0.62,0.20,17.09
2023-12-23 05:50:01,14.37,1511.1,81.0,-0.62,0.19,17.05
2023-12-23 06:00:01,14.37,1511.1,81.0,-0.63,0.19,17.03
2023-12-23 06:10:01,14.37,1511.1,81.0,-0.63,0.20,17.04
2023-12-23 06:20:01,14.37,1511.1,81.0,-0.63,0.20,17.03
2023-12-23 06:30:01,14.37,1511.1,81.0,-0.63,0.20,17.04
2023-12-23 06:40:01,14.37,1511.1,81.0,-0.63,0.20,17.07
2023-12-23 06:50:01,14.37,1511.1,81.0,-0.62,0.19,17.08
2023-12-23 07:00:01,14.37,1511.1,81.0,-0.62,0.20,17.06
2023-12-23 07:10:01,14.37,1511.1,81.0,-0.63,0.19,17.05
2023-12-23 07:20:01,14.37,1511.1,81.0,-0.63,0.19,17.04
2023-12-23 07:30:01,14.37,1511.1,81.0,-0.63,0.19,17.06
2023-12-23 07:40:01,14.37,1511.1,81.0,-0.62,0.19,17.07
2023-12-23 07:50:01,14.37,1511.1,81.0,-0.62,0.19,17.08
2023-12-23 08:00:01,14.37,1511.1,81.0,-0.62,0.19,17.10
2023-12-23 08:10:01,14.37,1511.1,81.0,-0.62,0.19,17.11
2023-12-23 08:20:01,14.37,1511.1,81.0,-0.62,0.19,17.15
2023-12-23 08:30:01,14.37,1511.1,81.0,-0.62,0.19,17.16
2023-12-23 08:40:01,14.37,1511.1,81.0,-0.62,0.19,17.14
2023-12-23 08:50:01,14.37,1511.1,81.0,-0.62,0.19,17.14
2023-12-23 09:00:01,14.37,1511.1,81.0,-0.62,0.19,17.18
2023-12-23 09:10:01,14.37,1511.1,81.0,-0.62,0.20,17.19
2023-12-23 09:20:01,14.37,1511.1,81.0,-0.62,0.20,17.19
2023-12-23 09:30:01,14.37,1511.2,81.0,-0.62,0.19,17.22
2023-12-23 09:40:01,14.37,1512.6,81.0,-0.62,0.19,17.27
2023-12-23 09:50:01,14.37,1512.6,81.0,-0.62,0.19,17.29
2023-12-23 10:00:01,14.37,1512.5,81.0,-0.62,0.19,17.25
2023-12-23 10:10:01,14.37,1511.2,81.0,-0.62,0.19,17.24
2023-12-23 10:20:01,14.37,1511.1,81.0,-0.62,0.19,17.23
2023-12-23 10:30:01,14.37,1511.1,81.0,-0.61,0.19,17.14
2023-12-23 10:40:01,14.38,1511.1,81.0,-0.62,0.19,17.12
2023-12-23 10:50:01,14.38,1511.1,81.0,-0.62,0.19,17.11
2023-12-23 11:00:01,14.37,1511.1,81.0,-0.62,0.19,17.11
2023-12-23 11:10:01,14.37,1511.1,81.0,-0.62,0.19,17.11
2023-12-23 11:20:01,14.37,1511.1,81.0,-0.62,0.19,17.11
2023-12-23 11:30:01,14.38,1511.1,81.0,-0.62,0.19,17.09
2023-12-23 11:40:01,14.37,1511.1,81.0,-0.62,0.19,17.04
2023-12-23 11:50:01,14.37,1511.1,81.0,-0.62,0.19,17.02
2023-12-23 12:00:01,14.37,1511.1,81.0,-0.62,0.19,17.04
2023-12-23 12:10:01,14.37,1511.1,81.0,-0.62,0.19,17.06
2023-12-23 12:20:01,14.37,1511.1,81.0,-0.61,0.19,17.07
2023-12-23 12:30:01,14.37,1511.1,81.0,-0.62,0.18,17.06
2023-12-23 12:40:01,14.37,1511.1,81.0,-0.62,0.19,17.04
2023-12-23 12:50:01,14.37,1511.1,81.0,-0.62,0.19,17.01
2023-12-23 13:00:01,14.37,1511.1,81.0,-0.62,0.19,17.00
2023-12-23 13:10:01,14.37,1511.1,81.0,-0.62,0.19,17.00
2023-12-23 13:20:01,14.37,1511.1,81.0,-0.62,0.18,17.01
2023-12-23 13:30:01,14.37,1511.1,81.0,-0.62,0.19,17.02
2023-12-23 13:40:01,14.37,1511.1,81.0,-0.62,0.18,17.05
2023-12-23 13:50:01,14.37,1511.1,81.0,-0.62,0.18,17.07
2023-12-23 14:00:01,14.37,1511.1,81.0,-0.62,0.19,17.09
2023-12-23 14:10:01,14.37,1511.1,81.0,-0.62,0.18,17.06
2023-12-23 14:20:01,14.37,1511.1,81.0,-0.62,0.18,17.00
2023-12-23 14:30:01,14.37,1511.1,81.0,-0.62,0.18,16.97
2023-12-23 14:40:01,14.37,1511.1,81.0,-0.62,0.18,16.97
2023-12-23 14:50:01,14.37,1511.1,81.0,-0.62,0.18,16.98
2023-12-23 15:00:01,14.37,1511.1,81.0,-0.62,0.18,16.98
2023-12-23 15:10:01,14.37,1511.1,81.0,-0.62,0.18,16.96
2023-12-23 15:20:01,14.37,1511.1,81.0,-0.62,0.18,16.95
2023-12-23 15:30:01,14.37,1511.1,81.0,-0.62,0.18,16.98
2023-12-23 15:40:01,14.37,1511.1,81.0,-0.62,0.18,17.01
2023-12-23 15:50:01,14.37,1511.1,81.0,-0.62,0.18,17.02
2023-12-23 16:00:01,14.37,1511.1,81.0,-0.62,0.19,17.02
2023-12-23 16:10:01,14.37,1511.1,81.0,-0.62,0.19,17.02
2023-12-23 16:20:01,14.37,1511.1,80.9,-0.62,0.19,17.02
2023-12-23 16:30:01,14.37,1511.1,80.9,-0.62,0.18,17.02
2023-12-23 16:40:01,14.37,1511.1,80.9,-0.62,0.18,17.02
2023-12-23 16:50:01,14.37,1511.1,80.9,-0.62,0.18,17.01
2023-12-23 17:00:01,14.37,1511.1,80.9,-0.62,0.18,16.99
2023-12-23 17:10:01,14.37,1511.1,80.9,-0.61,0.18,16.98
2023-12-23 17:20:01,14.37,1511.1,80.9,-0.62,0.18,16.99
2023-12-23 17:30:01,14.37,1511.1,80.9,-0.62,0.18,16.99
2023-12-23 17:40:01,14.37,1511.1,80.9,-0.62,0.18,16.99
2023-12-23 17:50:01,14.37,1511.1,80.9,-0.62,0.19,17.00
2023-12-23 18:00:01,14.37,1511.1,80.9,-0.62,0.18,17.01
2023-12-23 18:10:01,14.37,1511.1,80.9,-0.62,0.19,17.02
2023-12-23 18:20:01,14.37,1511.1,80.9,-0.62,0.19,17.03
2023-12-23 18:30:01,14.37,1511.1,80.9,-0.62,0.19,17.04
2023-12-23 18:40:01,14.37,1511.1,80.9,-0.62,0.19,17.05
2023-12-23 18:50:01,14.37,1511.1,80.9,-0.62,0.18,17.05
2023-12-23 19:00:01,14.37,1511.1,81.0,-0.62,0.19,17.07
2023-12-23 19:10:01,14.37,1511.1,81.0,-0.62,0.19,17.09
2023-12-23 19:20:01,14.37,1511.1,81.0,-0.62,0.19,17.11
2023-12-23 19:30:01,14.38,1511.1,81.0,-0.62,0.19,17.12
2023-12-23 19:40:01,14.37,1511.1,81.0,-0.62,0.19,17.18
2023-12-23 19:50:01,14.38,1511.1,81.0,-0.62,0.19,17.20
2023-12-23 20:00:01,14.37,1511.1,81.0,-0.62,0.19,17.21
2023-12-23 20:10:01,14.37,1511.1,81.0,-0.62,0.19,17.22
2023-12-23 20:20:01,14.38,1511.1,81.0,-0.62,0.19,17.22
2023-12-23 20:30:01,14.38,1511.1,81.0,-0.62,0.19,17.20
2023-12-23 20:40:01,14.38,1511.1,81.0,-0.62,0.19,17.22
2023-12-23 20:50:01,14.37,1511.5,81.0,-0.62,0.19,17.24
2023-12-23 21:00:01,14.38,1511.1,81.0,-0.61,0.19,17.20
2023-12-23 21:10:01,14.38,1511.1,81.0,-0.62,0.19,17.20
2023-12-23 21:20:01,14.38,1511.7,81.1,-0.62,0.19,17.25
2023-12-23 21:30:01,14.38,1512.6,81.0,-0.61,0.19,17.36
2023-12-23 21:40:01,14.38,1512.6,81.0,-0.61,0.20,17.37
2023-12-23 21:50:01,14.38,1512.6,81.0,-0.61,0.19,17.36
2023-12-23 22:00:01,14.38,1512.6,81.0,-0.61,0.19,17.35
2023-12-23 22:10:01,14.38,1512.6,81.0,-0.61,0.19,17.36
2023-12-23 22:20:01,14.38,1512.6,81.0,-0.61,0.19,17.36
2023-12-23 22:30:01,14.38,1512.6,81.0,-0.61,0.19,17.36
2023-12-23 22:40:01,14.38,1512.6,81.0,-0.61,0.19,17.36
2023-12-23 22:50:01,14.39,1512.6,81.0,-0.61,0.19,17.36
2023-12-23 23:00:01,14.38,1512.6,81.0,-0.61,0.19,17.37
2023-12-23 23:10:01,14.39,1512.6,81.0,-0.61,0.19,17.38
2023-12-23 23:20:01,14.39,1512.6,81.0,-0.61,0.19,17.44
2023-12-23 23:30:01,14.39,1512.6,81.0,-0.61,0.19,17.47
2023-12-23 23:40:01,14.39,1512.6,81.0,-0.61,0.19,17.48
2023-12-23 23:50:01,14.39,1512.6,81.0,-0.60,0.19,17.48
2023-12-24 00:00:01,14.39,1512.6,81.0,-0.61,0.19,17.47
2023-12-24 00:10:01,14.39,1512.6,81.0,-0.61,0.19,17.47
2023-12-24 00:20:01,14.39,1512.6,81.0,-0.61,0.18,17.47
2023-12-24 00:30:01,14.39,1512.6,81.0,-0.61,0.19,17.47
2023-12-24 00:40:01,14.39,1512.6,81.0,-0.61,0.19,17.46
2023-12-24 00:50:01,14.39,1512.6,81.0,-0.60,0.19,17.46
2023-12-24 01:00:01,14.39,1512.6,81.0,-0.61,0.19,17.44
2023-12-24 01:10:01,14.39,1512.6,81.0,-0.61,0.19,17.44
2023-12-24 01:20:01,14.39,1512.6,81.0,-0.61,0.19,17.42
2023-12-24 01:30:01,14.39,1512.6,81.0,-0.61,0.19,17.40
2023-12-24 01:40:01,14.39,1512.6,81.0,-0.61,0.19,17.42
2023-12-24 01:50:01,14.39,1512.6,81.0,-0.61,0.18,17.43
2023-12-24 02:00:01,14.39,1512.6,81.0,-0.61,0.19,17.44
2023-12-24 02:10:01,14.39,1512.6,81.0,-0.61,0.19,17.45
2023-12-24 02:20:01,14.39,1512.6,81.0,-0.61,0.20,17.45
2023-12-24 02:30:01,14.39,1512.6,81.0,-0.61,0.19,17.45
2023-12-24 02:40:01,14.39,1512.6,81.0,-0.61,0.19,17.44
2023-12-24 02:50:01,14.39,1512.6,81.0,-0.62,0.20,17.44
2023-12-24 03:00:01,14.39,1512.6,81.0,-0.61,0.20,17.44
2023-12-24 03:10:01,14.39,1512.6,81.0,-0.61,0.19,17.43
2023-12-24 03:20:01,14.39,1512.6,81.0,-0.61,0.19,17.42
2023-12-24 03:30:01,14.39,1512.6,81.0,-0.61,0.19,17.42
2023-12-24 03:40:01,14.39,1512.6,81.0,-0.62,0.20,17.42
2023-12-24 03:50:01,14.39,1512.6,81.0,-0.61,0.19,17.43
2023-12-24 04:00:01,14.39,1512.6,81.0,-0.61,0.20,17.41
2023-12-24 04:10:01,14.39,1512.6,81.0,-0.60,0.20,17.38
2023-12-24 04:20:01,14.39,1512.6,81.0,-0.60,0.20,17.37
2023-12-24 04:30:01,14.40,1512.6,81.0,-0.61,0.21,17.36
2023-12-24 04:40:01,14.39,1512.6,81.0,-0.62,0.20,17.38
2023-12-24 04:50:01,14.39,1512.6,81.0,-0.62,0.20,17.39
2023-12-24 05:00:01,14.39,1512.6,81.0,-0.62,0.21,17.39
2023-12-24 05:10:01,14.39,1512.6,81.0,-0.61,0.19,17.36
2023-12-24 05:20:01,14.39,1512.6,81.0,-0.60,0.19,17.36
2023-12-24 05:30:01,14.39,1512.6,81.0,-0.60,0.19,17.35
2023-12-24 05:40:01,14.39,1512.6,81.0,-0.62,0.21,17.35
2023-12-24 05:50:01,14.39,1512.6,81.0,-0.63,0.21,17.34
2023-12-24 06:00:01,14.39,1512.6,81.0,-0.62,0.21,17.35
2023-12-24 06:10:01,14.39,1512.6,81.0,-0.60,0.21,17.32
2023-12-24 06:20:01,14.39,1512.6,81.0,-0.60,0.20,17.32
2023-12-24 06:30:01,14.39,1512.6,81.0,-0.62,0.21,17.34
2023-12-24 06:40:01,14.39,1512.6,81.0,-0.62,0.20,17.37
2023-12-24 06:50:01,14.39,1512.6,81.0,-0.62,0.20,17.38
2023-12-24 07:00:01,14.39,1512.6,81.0,-0.61,0.19,17.38
2023-12-24 07:10:01,14.39,1512.6,81.0,-0.61,0.20,17.37
2023-12-24 07:20:01,14.39,1512.6,81.0,-0.61,0.21,17.35
2023-12-24 07:30:01,14.39,1512.6,81.0,-0.61,0.20,17.36
2023-12-24 07:40:01,14.39,1512.6,81.0,-0.61,0.20,17.36
2023-12-24 07:50:01,14.39,1512.6,81.0,-0.62,0.20,17.35
2023-12-24 08:00:01,14.39,1512.6,81.0,-0.62,0.20,17.39
2023-12-24 08:10:01,14.39,1512.6,81.0,-0.62,0.20,17.40
2023-12-24 08:20:01,14.39,1512.6,81.0,-0.61,0.19,17.38
2023-12-24 08:30:01,14.39,1512.6,81.0,-0.62,0.19,17.33
2023-12-24 08:40:01,14.39,1512.6,81.0,-0.62,0.20,17.35
2023-12-24 08:50:01,14.39,1512.6,81.0,-0.62,0.20,17.33
2023-12-24 09:00:01,14.39,1512.6,81.0,-0.62,0.20,17.36
2023-12-24 09:10:01,14.40,1512.6,81.0,-0.62,0.19,17.38
2023-12-24 09:20:01,14.39,1512.6,81.0,-0.62,0.21,17.38
2023-12-24 09:30:01,14.39,1512.2,81.0,-0.61,0.20,17.27
2023-12-24 09:40:01,14.39,1512.5,81.0,-0.62,0.20,17.26
2023-12-24 09:50:01,14.39,1512.6,81.0,-0.62,0.20,17.26
2023-12-24 10:00:01,14.39,1512.6,81.0,-0.62,0.21,17.28
2023-12-24 10:10:01,14.39,1511.4,81.0,-0.62,0.22,17.22
2023-12-24 10:20:01,14.39,1511.1,81.0,-0.62,0.21,17.21
2023-12-24 10:30:01,14.39,1511.1,81.0,-0.61,0.21,17.21
2023-12-24 10:40:01,14.39,1511.7,81.0,-0.61,0.20,17.24
2023-12-24 10:50:01,14.39,1511.5,81.0,-0.62,0.21,17.24
2023-12-24 11:00:01,14.39,1511.6,81.0,-0.62,0.21,17.24
2023-12-24 11:10:01,14.39,1512.6,81.0,-0.62,0.21,17.27
2023-12-24 11:20:01,14.39,1512.6,81.0,-0.62,0.20,17.31
2023-12-24 11:30:01,14.39,1512.6,81.0,-0.62,0.20,17.33
2023-12-24 11:40:01,14.39,1512.6,81.0,-0.62,0.20,17.33
2023-12-24 11:50:01,14.39,1512.6,81.0,-0.62,0.20,17.32
2023-12-24 12:00:01,14.39,1512.6,81.0,-0.62,0.20,17.32
2023-12-24 12:10:01,14.39,1512.6,81.0,-0.61,0.20,17.32
2023-12-24 12:20:01,14.39,1512.6,81.0,-0.61,0.20,17.33
2023-12-24 12:30:01,14.39,1512.2,81.0,-0.61,0.20,17.27
2023-12-24 12:40:01,14.39,1511.8,81.0,-0.61,0.20,17.24
2023-12-24 12:50:01,14.39,1512.6,81.0,-0.62,0.20,17.27
2023-12-24 13:00:01,14.39,1512.6,81.0,-0.62,0.20,17.28
2023-12-24 13:10:01,14.39,1512.6,81.0,-0.61,0.20,17.27
2023-12-24 13:20:01,14.39,1512.6,81.0,-0.61,0.20,17.28
2023-12-24 13:30:01,14.39,1512.6,81.0,-0.61,0.19,17.30
2023-12-24 13:40:01,14.39,1512.6,81.0,-0.61,0.19,17.30
2023-12-24 13:50:01,14.39,1512.6,81.0,-0.61,0.20,17.31
2023-12-24 14:00:01,14.39,1512.6,81.0,-0.61,0.19,17.31
2023-12-24 14:10:01,14.40,1512.6,81.0,-0.61,0.20,17.29
2023-12-24 14:20:01,14.39,1511.5,80.9,-0.60,0.19,17.24
2023-12-24 14:30:01,14.39,1511.3,81.0,-0.61,0.20,17.23
2023-12-24 14:40:01,14.39,1512.6,81.0,-0.62,0.20,17.26
2023-12-24 14:50:01,14.39,1512.6,80.9,-0.62,0.20,17.28
2023-12-24 15:00:01,14.40,1512.6,81.0,-0.61,0.20,17.29
2023-12-24 15:10:01,14.39,1512.6,80.9,-0.61,0.20,17.29
2023-12-24 15:20:01,14.39,1512.6,80.9,-0.62,0.20,17.30
2023-12-24 15:30:01,14.39,1512.6,80.9,-0.61,0.20,17.30
2023-12-24 15:40:01,14.39,1512.6,80.9,-0.62,0.20,17.28
2023-12-24 15:50:01,14.39,1511.7,80.9,-0.62,0.21,17.24
2023-12-24 16:00:01,14.40,1511.1,80.9,-0.61,0.20,17.20
2023-12-24 16:10:01,14.39,1511.1,80.9,-0.61,0.19,17.19
2023-12-24 16:20:01,14.39,1511.1,80.9,-0.61,0.18,17.18
2023-12-24 16:30:01,14.39,1511.1,80.9,-0.61,0.19,17.18
2023-12-24 16:40:01,14.39,1511.1,80.9,-0.62,0.20,17.19
2023-12-24 16:50:01,14.39,1511.1,80.9,-0.61,0.20,17.22
2023-12-24 17:00:01,14.39,1511.1,80.9,-0.61,0.19,17.21
2023-12-24 17:10:01,14.39,1511.1,80.9,-0.62,0.20,17.22
2023-12-24 17:20:01,14.39,1511.1,80.9,-0.62,0.20,17.22
2023-12-24 17:30:01,14.39,1511.6,80.9,-0.62,0.20,17.24
2023-12-24 17:40:01,14.40,1512.6,80.9,-0.62,0.20,17.28
2023-12-24 17:50:01,14.39,1512.6,80.9,-0.61,0.20,17.31
2023-12-24 18:00:01,14.39,1511.5,80.9,-0.60,0.21,17.24
2023-12-24 18:10:01,14.39,1512.5,80.9,-0.61,0.20,17.25
2023-12-24 18:20:01,14.39,1512.6,80.9,-0.62,0.20,17.26
2023-12-24 18:30:01,14.39,1512.6,80.9,-0.61,0.21,17.27
2023-12-24 18:40:01,14.39,1512.6,80.9,-0.62,0.20,17.29
2023-12-24 18:50:01,14.39,1512.6,80.9,-0.61,0.20,17.32
2023-12-24 19:00:01,14.39,1512.6,80.9,-0.61,0.20,17.33
2023-12-24 19:10:01,14.40,1512.6,81.0,-0.62,0.20,17.34
2023-12-24 19:20:01,14.39,1512.6,80.9,-0.61,0.22,17.37
2023-12-24 19:30:01,14.40,1512.6,81.0,-0.62,0.21,17.38
2023-12-24 19:40:01,14.40,1512.6,80.9,-0.62,0.21,17.38
2023-12-24 19:50:01,14.39,1512.6,81.0,-0.62,0.21,17.38
2023-12-24 20:00:01,14.40,1512.6,81.0,-0.62,0.20,17.39
2023-12-24 20:10:01,14.40,1512.6,81.0,-0.62,0.20,17.40
2023-12-24 20:20:01,14.40,1512.6,81.0,-0.62,0.20,17.39
2023-12-24 20:30:01,14.40,1512.6,81.0,-0.62,0.21,17.37
2023-12-24 20:40:01,14.40,1512.6,81.0,-0.62,0.20,17.35
2023-12-24 20:50:01,14.40,1512.6,81.0,-0.62,0.19,17.36
2023-12-24 21:00:01,14.40,1512.6,81.0,-0.61,0.20,17.40
2023-12-24 21:10:01,14.40,1512.6,81.0,-0.61,0.20,17.46
2023-12-24 21:20:01,14.40,1512.6,81.0,-0.62,0.20,17.45
2023-12-24 21:30:01,14.40,1512.6,81.0,-0.61,0.20,17.40
2023-12-24 21:40:01,14.40,1512.6,81.0,-0.62,0.20,17.38
2023-12-24 21:50:01,14.40,1512.6,81.0,-0.61,0.20,17.41
2023-12-24 22:00:01,14.40,1512.6,81.0,-0.61,0.20,17.39
2023-12-24 22:10:01,14.40,1512.6,81.0,-0.62,0.20,17.37
2023-12-24 22:20:01,14.40,1512.6,81.0,-0.62,0.20,17.39
2023-12-24 22:30:01,14.40,1512.6,81.0,-0.62,0.20,17.40
2023-12-24 22:40:01,14.40,1512.6,81.0,-0.61,0.20,17.41
2023-12-24 22:50:01,14.40,1512.6,81.0,-0.62,0.20,17.41
2023-12-24 23:00:01,14.40,1512.6,81.0,-0.62,0.20,17.42
2023-12-24 23:10:01,14.40,1512.6,81.0,-0.62,0.20,17.44
2023-12-24 23:20:01,14.40,1512.6,81.0,-0.62,0.20,17.41
2023-12-24 23:30:01,14.40,1512.6,81.0,-0.62,0.20,17.37
2023-12-24 23:40:01,14.40,1512.6,81.0,-0.62,0.20,17.35
2023-12-24 23:50:01,14.40,1512.6,81.0,-0.62,0.20,17.35
2023-12-25 00:00:01,14.40,1512.6,81.0,-0.62,0.20,17.35
2023-12-25 00:10:01,14.40,1512.6,81.0,-0.62,0.20,17.37
2023-12-25 00:20:01,14.40,1512.6,81.0,-0.62,0.20,17.37
2023-12-25 00:30:01,14.40,1512.6,81.0,-0.62,0.20,17.37
2023-12-25 00:40:01,14.40,1512.6,81.0,-0.63,0.20,17.37
2023-12-25 00:50:01,14.40,1512.6,81.0,-0.62,0.20,17.40
2023-12-25 01:00:01,14.40,1512.6,81.0,-0.62,0.20,17.39
2023-12-25 01:10:01,14.40,1512.6,81.0,-0.62,0.21,17.35
2023-12-25 01:20:01,14.40,1512.6,81.0,-0.62,0.20,17.35
2023-12-25 01:30:01,14.40,1512.6,81.0,-0.62,0.20,17.35
2023-12-25 01:40:01,14.40,1512.6,81.0,-0.62,0.20,17.37
2023-12-25 01:50:01,14.40,1512.6,81.0,-0.63,0.20,17.37
2023-12-25 02:00:01,14.40,1512.6,81.0,-0.63,0.20,17.38
2023-12-25 02:10:01,14.40,1512.6,81.0,-0.62,0.20,17.38
2023-12-25 02:20:01,14.40,1512.6,81.0,-0.63,0.20,17.38
2023-12-25 02:30:01,14.40,1512.6,81.0,-0.62,0.20,17.39
2023-12-25 02:40:01,14.40,1512.6,81.0,-0.62,0.21,17.42
2023-12-25 02:50:01,14.40,1512.6,81.0,-0.62,0.21,17.44
2023-12-25 03:00:01,14.40,1512.6,81.0,-0.63,0.20,17.46
2023-12-25 03:10:01,14.40,1512.6,81.0,-0.62,0.21,17.48
2023-12-25 03:20:01,14.40,1512.6,81.0,-0.61,0.20,17.48
2023-12-25 03:30:01,14.40,1512.6,81.0,-0.62,0.20,17.48
2023-12-25 03:40:01,14.40,1512.6,81.0,-0.61,0.20,17.47
2023-12-25 03:50:01,14.40,1512.6,81.0,-0.62,0.20,17.46
2023-12-25 04:00:01,14.40,1512.6,81.0,-0.62,0.20,17.45
2023-12-25 04:10:01,14.40,1512.6,81.0,-0.61,0.20,17.44
2023-12-25 04:20:01,14.40,1512.6,81.0,-0.63,0.20,17.44
2023-12-25 04:30:01,14.40,1512.6,81.0,-0.62,0.20,17.46
2023-12-25 04:40:01,14.40,1512.6,81.0,-0.62,0.20,17.45
2023-12-25 04:50:01,14.40,1512.6,81.0,-0.62,0.20,17.46
2023-12-25 05:00:01,14.40,1512.6,81.0,-0.62,0.20,17.47
2023-12-25 05:10:01,14.40,1512.6,81.0,-0.62,0.20,17.47
2023-12-25 05:20:01,14.40,1512.6,81.0,-0.62,0.21,17.47
2023-12-25 05:30:01,14.40,1512.6,81.0,-0.59,0.23,17.40
2023-12-25 05:40:01,14.40,1512.6,81.0,-0.61,0.21,17.41
2023-12-25 05:50:01,14.40,1512.6,81.0,-0.62,0.20,17.43
2023-12-25 06:00:01,14.40,1512.6,81.0,-0.62,0.20,17.43
2023-12-25 06:10:01,14.40,1512.6,81.0,-0.62,0.20,17.45
2023-12-25 06:20:01,14.40,1512.6,81.0,-0.62,0.20,17.47
2023-12-25 06:30:01,14.40,1512.6,81.0,-0.62,0.20,17.43
2023-12-25 06:40:01,14.40,1512.6,81.0,-0.62,0.21,17.39
2023-12-25 06:50:01,14.40,1512.6,81.0,-0.60,0.21,17.34
2023-12-25 07:00:01,14.40,1512.6,81.0,-0.62,0.21,17.34
2023-12-25 07:10:01,14.40,1512.6,81.0,-0.62,0.21,17.42
2023-12-25 07:20:01,14.40,1512.6,81.0,-0.63,0.22,17.46
2023-12-25 07:30:01,14.40,1512.6,81.0,-0.63,0.21,17.43
2023-12-25 07:40:01,14.40,1512.6,81.0,-0.63,0.21,17.41
2023-12-25 07:50:01,14.40,1512.6,80.9,-0.64,0.21,17.33
2023-12-25 08:00:01,14.40,1512.6,80.9,-0.63,0.21,17.32
2023-12-25 08:10:01,14.40,1512.6,81.0,-0.63,0.21,17.34
2023-12-25 08:20:01,14.40,1511.9,80.9,-0.60,0.23,17.26
2023-12-25 08:30:01,14.40,1512.4,80.9,-0.62,0.22,17.27
2023-12-25 08:40:01,14.40,1512.6,80.9,-0.64,0.22,17.41
2023-12-25 08:50:01,14.40,1512.6,80.9,-0.63,0.22,17.43
2023-12-25 09:00:01,14.40,1512.6,80.9,-0.63,0.22,17.43
2023-12-25 09:10:01,14.40,1512.6,80.9,-0.63,0.21,17.46
2023-12-25 09:20:01,14.40,1512.6,80.9,-0.62,0.22,17.48
2023-12-25 09:30:01,14.40,1512.6,80.9,-0.63,0.22,17.50
2023-12-25 09:40:01,14.40,1512.6,80.9,-0.63,0.22,17.50
2023-12-25 09:50:01,14.40,1512.6,80.9,-0.63,0.22,17.49
2023-12-25 10:00:01,14.40,1512.6,80.9,-0.63,0.22,17.49
2023-12-25 10:10:01,14.40,1512.6,80.9,-0.62,0.22,17.49
2023-12-25 10:20:01,14.40,1512.6,80.9,-0.62,0.22,17.48
2023-12-25 10:30:01,14.40,1512.6,80.9,-0.62,0.22,17.47
2023-12-25 10:40:01,14.40,1512.6,80.9,-0.62,0.22,17.44
2023-12-25 10:50:01,14.40,1512.6,80.9,-0.62,0.21,17.45
2023-12-25 11:00:01,14.40,1512.6,80.9,-0.62,0.22,17.45
2023-12-25 11:10:01,14.40,1512.6,80.9,-0.62,0.22,17.42
2023-12-25 11:20:01,14.40,1512.6,80.9,-0.63,0.22,17.42
2023-12-25 11:30:01,14.40,1512.6,80.9,-0.62,0.22,17.42
2023-12-25 11:40:01,14.40,1512.6,80.9,-0.63,0.22,17.40
2023-12-25 11:50:01,14.40,1512.6,80.9,-0.62,0.22,17.38
2023-12-25 12:00:01,14.40,1512.6,80.9,-0.62,0.22,17.35
2023-12-25 12:10:01,14.40,1512.6,80.9,-0.63,0.22,17.33
2023-12-25 12:20:01,14.40,1512.6,80.9,-0.62,0.22,17.37
2023-12-25 12:30:01,14.40,1512.6,80.9,-0.62,0.22,17.37
2023-12-25 12:40:01,14.40,1512.6,80.9,-0.62,0.22,17.35
2023-12-25 12:50:01,14.40,1512.6,80.9,-0.62,0.21,17.31
2023-12-25 13:00:01,14.40,1511.4,80.9,-0.62,0.21,17.24
2023-12-25 13:10:01,14.40,1512.5,80.9,-0.62,0.21,17.25
2023-12-25 13:20:01,14.40,1512.3,80.9,-0.63,0.22,17.25
2023-12-25 13:30:01,14.40,1511.1,80.9,-0.63,0.21,17.19
2023-12-25 13:40:01,14.40,1511.1,80.9,-0.62,0.21,17.10
2023-12-25 13:50:01,14.40,1511.1,80.9,-0.62,0.21,17.07
2023-12-25 14:00:01,14.40,1511.1,80.9,-0.63,0.21,17.05
2023-12-25 14:10:01,14.40,1511.1,80.9,-0.63,0.21,17.05
2023-12-25 14:20:01,14.40,1511.1,80.9,-0.63,0.21,17.07
2023-12-25 14:30:01,14.40,1511.1,80.9,-0.63,0.21,17.15
2023-12-25 14:40:01,14.40,1511.1,80.9,-0.62,0.21,17.17
2023-12-25 14:50:01,14.40,1511.1,80.9,-0.62,0.21,17.14
2023-12-25 15:00:01,14.40,1511.1,80.9,-0.62,0.21,17.09
2023-12-25 15:10:01,14.40,1511.1,80.9,-0.63,0.21,17.06
2023-12-25 15:20:01,14.40,1511.1,80.9,-0.63,0.21,17.05
2023-12-25 15:30:01,14.40,1511.1,80.9,-0.63,0.21,17.03
2023-12-25 15:40:01,14.40,1511.1,80.9,-0.62,0.21,16.97
2023-12-25 15:50:01,14.40,1511.1,80.9,-0.62,0.21,16.99
2023-12-25 16:00:01,14.40,1511.1,80.9,-0.63,0.21,16.99
2023-12-25 16:10:01,14.40,1511.1,80.9,-0.63,0.21,16.98
2023-12-25 16:20:01,14.40,1511.1,80.9,-0.63,0.20,16.97
2023-12-25 16:30:01,14.40,1511.1,80.9,-0.63,0.20,16.98
2023-12-25 16:40:01,14.40,1511.1,80.9,-0.63,0.20,17.03
2023-12-25 16:50:01,14.40,1511.1,80.9,-0.63,0.20,17.04
2023-12-25 17:00:01,14.40,1511.1,80.9,-0.63,0.20,17.06
2023-12-25 17:10:01,14.40,1511.1,80.9,-0.63,0.20,17.08
2023-12-25 17:20:01,14.40,1511.1,80.9,-0.63,0.20,17.08
2023-12-25 17:30:01,14.40,1511.1,80.8,-0.62,0.21,17.08
2023-12-25 17:40:01,14.40,1511.1,80.9,-0.62,0.20,17.06
2023-12-25 17:50:01,14.40,1511.1,80.8,-0.63,0.21,17.07
2023-12-25 18:00:01,14.40,1511.1,80.9,-0.63,0.21,17.11
2023-12-25 18:10:01,14.40,1511.1,80.8,-0.63,0.22,17.12
2023-12-25 18:20:01,14.40,1511.1,80.9,-0.63,0.21,17.13
2023-12-25 18:30:01,14.40,1511.1,80.9,-0.62,0.21,17.15
2023-12-25 18:40:01,14.40,1511.1,80.9,-0.62,0.20,17.16
2023-12-25 18:50:01,14.40,1511.1,80.9,-0.62,0.21,17.18
2023-12-25 19:00:01,14.40,1511.1,80.9,-0.62,0.20,17.20
2023-12-25 19:10:01,14.40,1512.3,80.9,-0.62,0.23,17.28
2023-12-25 19:20:01,14.40,1512.6,80.9,-0.62,0.22,17.32
2023-12-25 19:30:01,14.40,1512.6,80.9,-0.63,0.20,17.32
2023-12-25 19:40:01,14.40,1512.6,80.9,-0.62,0.21,17.35
2023-12-25 19:50:01,14.40,1512.6,81.0,-0.62,0.21,17.41
2023-12-25 20:00:01,14.40,1512.6,81.0,-0.64,0.22,17.43
2023-12-25 20:10:01,14.40,1512.6,81.0,-0.64,0.21,17.44
2023-12-25 20:20:01,14.40,1512.6,81.0,-0.65,0.21,17.47
2023-12-25 20:30:01,14.40,1512.6,81.0,-0.64,0.22,17.48
2023-12-25 20:40:01,14.40,1512.6,81.0,-0.64,0.22,17.52
2023-12-25 20:50:01,14.40,1512.6,81.0,-0.63,0.21,17.53
2023-12-25 21:00:01,14.40,1512.6,81.0,-0.64,0.21,17.51
2023-12-25 21:10:01,14.40,1512.6,81.0,-0.64,0.21,17.50
2023-12-25 21:20:01,14.40,1512.6,81.0,-0.64,0.21,17.46
2023-12-25 21:30:01,14.40,1512.6,81.0,-0.65,0.21,17.44
2023-12-25 21:40:01,14.40,1512.6,81.0,-0.65,0.21,17.45
2023-12-25 21:50:01,14.40,1512.6,81.0,-0.65,0.21,17.47
2023-12-25 22:00:01,14.40,1512.6,81.0,-0.64,0.21,17.46
2023-12-25 22:10:01,14.40,1512.6,81.0,-0.66,0.21,17.46
2023-12-25 22:20:01,14.40,1512.6,81.0,-0.66,0.22,17.47
2023-12-25 22:30:01,14.40,1512.6,81.0,-0.67,0.22,17.47
2023-12-25 22:40:01,14.40,1512.6,81.0,-0.66,0.22,17.44
2023-12-25 22:50:01,14.40,1512.6,81.0,-0.67,0.22,17.43
2023-12-25 23:00:01,14.40,1512.6,81.0,-0.69,0.22,17.43
2023-12-25 23:10:01,14.40,1512.6,81.0,-0.68,0.21,17.46
2023-12-25 23:20:01,14.40,1512.6,81.0,-0.70,0.22,17.48
2023-12-25 23:30:01,14.40,1512.6,81.0,-0.69,0.21,17.44
2023-12-25 23:40:01,14.40,1512.6,81.0,-0.71,0.21,17.40
2023-12-25 23:50:01,14.40,1512.6,81.0,-0.70,0.21,17.38
2023-12-26 00:00:01,14.40,1512.6,81.0,-0.70,0.21,17.35
2023-12-26 00:10:01,14.40,1512.6,81.0,-0.70,0.21,17.38
2023-12-26 00:20:01,14.40,1512.6,81.0,-0.70,0.23,17.43
2023-12-26 00:30:01,14.40,1512.6,80.9,-0.71,0.23,17.42
2023-12-26 00:40:01,14.40,1512.6,81.0,-0.73,0.21,17.34
2023-12-26 00:50:01,14.40,1512.6,81.0,-0.72,0.21,17.31
2023-12-26 01:00:01,14.40,1512.6,81.0,-0.72,0.21,17.30
2023-12-26 01:10:01,14.40,1512.6,81.0,-0.79,0.19,17.29
2023-12-26 01:20:01,14.40,1512.6,81.0,-0.77,0.20,17.28
2023-12-26 01:30:01,14.40,1512.6,81.0,-0.76,0.21,17.27
2023-12-26 01:40:01,14.40,1512.6,81.0,-0.77,0.19,17.26
2023-12-26 01:50:01,14.40,1512.6,81.0,-0.78,0.20,17.26
2023-12-26 02:00:01,14.40,1512.6,81.0,-0.76,0.21,17.27
2023-12-26 02:10:01,14.40,1512.6,81.0,-0.79,0.22,17.27
2023-12-26 02:20:01,14.40,1512.6,81.0,-0.79,0.20,17.28
2023-12-26 02:30:01,14.40,1512.6,81.0,-0.79,0.21,17.28
2023-12-26 02:40:01,14.40,1512.6,81.0,-0.81,0.20,17.27
2023-12-26 02:50:01,14.40,1512.6,81.0,-0.80,0.21,17.27
2023-12-26 03:00:01,14.40,1512.6,81.0,-0.80,0.21,17.28
2023-12-26 03:10:01,14.40,1512.6,81.0,-0.82,0.20,17.28
2023-12-26 03:20:01,14.40,1512.6,81.0,-0.81,0.20,17.29
2023-12-26 03:30:01,14.40,1512.6,81.0,-0.81,0.20,17.30
2023-12-26 03:40:01,14.40,1512.6,81.0,-0.81,0.20,17.31
2023-12-26 03:50:01,14.40,1512.6,81.0,-0.78,0.20,17.31
2023-12-26 04:00:01,14.40,1512.6,80.9,-0.80,0.23,17.30
2023-12-26 04:10:01,14.40,1512.6,80.9,-0.81,0.23,17.30
2023-12-26 04:20:01,14.40,1512.6,80.9,-0.84,0.23,17.29
2023-12-26 04:30:01,14.40,1512.6,80.9,-0.83,0.22,17.29
2023-12-26 04:40:01,14.40,1512.6,80.9,-0.82,0.21,17.30
2023-12-26 04:50:01,14.40,1512.6,80.9,-0.81,0.21,17.29
2023-12-26 05:00:01,14.40,1512.6,80.9,-0.80,0.21,17.30
2023-12-26 05:10:01,14.40,1512.6,80.9,-0.81,0.21,17.30
2023-12-26 05:20:01,14.40,1512.6,80.9,-0.81,0.21,17.30
2023-12-26 05:30:01,14.40,1512.6,80.9,-0.81,0.21,17.29
2023-12-26 05:40:01,14.40,1512.6,80.9,-0.81,0.21,17.27
2023-12-26 05:50:01,14.40,1512.6,80.9,-0.81,0.21,17.25
2023-12-26 06:00:01,14.40,1512.6,80.9,-0.81,0.20,17.26
2023-12-26 06:10:01,14.40,1512.6,80.9,-0.82,0.21,17.27
2023-12-26 06:20:01,14.40,1512.6,80.9,-0.82,0.21,17.27
2023-12-26 06:30:01,14.40,1512.6,80.9,-0.81,0.21,17.27
2023-12-26 06:40:01,14.40,1512.6,80.9,-0.82,0.22,17.28
2023-12-26 06:50:01,14.40,1512.6,80.9,-0.82,0.21,17.30
2023-12-26 07:00:01,14.40,1512.6,80.9,-0.82,0.22,17.30
2023-12-26 07:10:01,14.40,1512.6,80.9,-0.81,0.21,17.30
2023-12-26 07:20:01,14.40,1512.6,80.9,-0.82,0.21,17.31
2023-12-26 07:30:01,14.40,1512.6,81.0,-0.83,0.21,17.32
2023-12-26 07:40:01,14.40,1512.6,80.9,-0.83,0.21,17.33
2023-12-26 07:50:01,14.40,1512.6,80.9,-0.83,0.21,17.33
2023-12-26 08:00:01,14.40,1512.6,80.9,-0.84,0.21,17.33
2023-12-26 08:10:01,14.40,1512.6,80.9,-0.84,0.21,17.33
2023-12-26 08:20:01,14.40,1512.6,81.0,-0.83,0.21,17.32
2023-12-26 08:30:01,14.40,1512.6,80.9,-0.83,0.22,17.31
2023-12-26 08:40:01,14.40,1512.6,81.0,-0.84,0.21,17.31
2023-12-26 08:50:01,14.40,1512.6,80.9,-0.85,0.21,17.32
2023-12-26 09:00:01,14.40,1512.6,80.9,-0.85,0.22,17.32
2023-12-26 09:10:01,14.40,1512.6,80.9,-0.84,0.21,17.32
2023-12-26 09:20:01,14.40,1512.6,80.9,-0.83,0.21,17.31
2023-12-26 09:30:01,14.40,1512.6,80.9,-0.84,0.21,17.28
2023-12-26 09:40:01,14.40,1512.6,80.9,-0.86,0.21,17.27
2023-12-26 09:50:01,14.40,1512.6,80.9,-0.85,0.21,17.28
2023-12-26 10:00:01,14.40,1512.6,80.9,-0.85,0.22,17.29
2023-12-26 10:10:01,14.40,1512.6,80.9,-0.85,0.21,17.29
2023-12-26 10:20:01,14.40,1512.6,80.9,-0.85,0.22,17.30
2023-12-26 10:30:01,14.40,1512.2,80.9,-0.86,0.21,17.26
2023-12-26 10:40:01,14.40,1511.1,80.9,-0.86,0.20,17.23
2023-12-26 10:50:01,14.40,1512.2,80.9,-0.88,0.22,17.25
2023-12-26 11:00:01,14.40,1511.1,80.9,-0.87,0.22,17.19
2023-12-26 11:10:01,14.40,1511.1,80.9,-0.87,0.23,17.16
2023-12-26 11:20:01,14.40,1511.1,80.9,-0.86,0.22,17.18
2023-12-26 11:30:01,14.40,1511.1,80.9,-0.85,0.21,17.20
2023-12-26 11:40:01,14.40,1511.1,80.9,-0.85,0.22,17.17
2023-12-26 11:50:01,14.40,1511.1,80.9,-0.85,0.22,17.12
2023-12-26 12:00:01,14.40,1511.1,80.9,-0.85,0.22,17.12
2023-12-26 12:10:01,14.40,1511.1,80.9,-0.85,0.22,17.11
2023-12-26 12:20:01,14.40,1511.1,80.9,-0.85,0.21,17.12
2023-12-26 12:30:01,14.40,1511.1,80.9,-0.85,0.21,17.14
2023-12-26 12:40:01,14.40,1511.1,80.9,-0.85,0.22,17.16
2023-12-26 12:50:01,14.40,1511.1,80.9,-0.85,0.22,17.16
2023-12-26 13:00:01,14.40,1511.1,80.9,-0.85,0.21,17.12
2023-12-26 13:10:01,14.40,1511.1,80.9,-0.87,0.21,17.10
2023-12-26 13:20:01,14.40,1511.1,80.9,-0.86,0.21,17.12
2023-12-26 13:30:01,14.40,1511.1,80.9,-0.85,0.20,17.14
2023-12-26 13:40:01,14.40,1511.1,80.9,-0.85,0.20,17.15
2023-12-26 13:50:01,14.40,1511.1,80.9,-0.85,0.20,17.16
2023-12-26 14:00:01,14.40,1511.1,80.9,-0.84,0.20,17.17
2023-12-26 14:10:01,14.40,1511.1,80.9,-0.84,0.21,17.15
2023-12-26 14:20:01,14.40,1511.1,80.9,-0.84,0.21,17.13
2023-12-26 14:30:01,14.40,1511.1,80.9,-0.84,0.21,17.09
2023-12-26 14:40:01,14.40,1511.1,80.9,-0.84,0.20,17.05
2023-12-26 14:50:01,14.40,1511.1,80.9,-0.86,0.20,17.04
2023-12-26 15:00:01,14.40,1511.1,80.9,-0.86,0.20,17.07
2023-12-26 15:10:01,14.40,1511.1,80.9,-0.85,0.20,17.09
2023-12-26 15:20:01,14.40,1511.1,80.9,-0.85,0.20,17.10
2023-12-26 15:30:01,14.40,1511.1,80.9,-0.85,0.20,17.11
2023-12-26 15:40:01,14.40,1511.1,80.9,-0.85,0.20,17.12
2023-12-26 15:50:01,14.40,1511.1,80.9,-0.85,0.20,17.13
2023-12-26 16:00:01,14.40,1511.1,80.9,-0.84,0.20,17.13
2023-12-26 16:10:01,14.40,1511.1,80.9,-0.84,0.21,17.14
2023-12-26 16:20:01,14.40,1511.1,80.9,-0.84,0.20,17.12
2023-12-26 16:30:01,14.40,1511.1,80.9,-0.85,0.20,17.10
2023-12-26 16:40:01,14.40,1511.1,80.9,-0.84,0.20,17.13
2023-12-26 16:50:01,14.40,1511.1,80.9,-0.84,0.20,17.15
2023-12-26 17:00:01,14.40,1511.1,80.9,-0.84,0.20,17.17
2023-12-26 17:10:01,14.40,1511.1,80.9,-0.84,0.20,17.19
2023-12-26 17:20:01,14.40,1511.1,80.9,-0.84,0.20,17.19
2023-12-26 17:30:01,14.40,1511.1,80.9,-0.84,0.20,17.18
2023-12-26 17:40:01,14.40,1511.1,80.9,-0.84,0.20,17.16
2023-12-26 17:50:01,14.40,1511.1,80.9,-0.84,0.20,17.14
2023-12-26 18:00:01,14.40,1511.1,80.9,-0.84,0.20,17.14
2023-12-26 18:10:01,14.40,1511.1,80.9,-0.84,0.20,17.13
2023-12-26 18:20:01,14.40,1511.1,80.9,-0.84,0.20,17.14
2023-12-26 18:30:01,14.40,1511.1,80.9,-0.84,0.20,17.16
2023-12-26 18:40:01,14.40,1511.1,80.9,-0.84,0.20,17.18
2023-12-26 18:50:01,14.40,1511.1,80.9,-0.83,0.18,17.20
2023-12-26 19:00:01,14.40,1511.1,80.9,-0.82,0.19,17.23
2023-12-26 19:10:01,14.40,1511.1,80.9,-0.84,0.19,17.22
2023-12-26 19:20:01,14.40,1511.1,81.0,-0.84,0.20,17.21
2023-12-26 19:30:01,14.40,1511.1,81.0,-0.83,0.20,17.23
2023-12-26 19:40:01,14.40,1511.1,81.0,-0.84,0.21,17.23
2023-12-26 19:50:01,14.40,1511.1,81.0,-0.84,0.20,17.21
2023-12-26 20:00:01,14.40,1511.1,81.0,-0.85,0.20,17.22
2023-12-26 20:10:01,14.40,1512.5,81.0,-0.84,0.20,17.26
2023-12-26 20:20:01,14.40,1512.6,81.0,-0.83,0.21,17.28
2023-12-26 20:30:01,14.40,1512.6,81.0,-0.84,0.21,17.26
2023-12-26 20:40:01,14.40,1511.5,81.0,-0.85,0.21,17.24
2023-12-26 20:50:01,14.40,1511.8,81.0,-0.85,0.21,17.25
2023-12-26 21:00:01,14.40,1512.6,81.0,-0.84,0.23,17.28
2023-12-26 21:10:01,14.40,1512.6,81.0,-0.85,0.22,17.28
2023-12-26 21:20:01,14.40,1512.6,81.0,-0.85,0.22,17.29
2023-12-26 21:30:01,14.40,1512.6,81.0,-0.85,0.23,17.28
2023-12-26 21:40:01,14.40,1512.5,81.0,-0.84,0.22,17.26
2023-12-26 21:50:01,14.40,1511.6,81.0,-0.85,0.22,17.24
2023-12-26 22:00:01,14.40,1512.6,81.0,-0.85,0.21,17.27
2023-12-26 22:10:01,14.40,1512.6,81.0,-0.85,0.23,17.31
2023-12-26 22:20:01,14.40,1512.6,81.0,-0.85,0.23,17.29
2023-12-26 22:30:01,14.40,1512.6,81.0,-0.85,0.22,17.26
2023-12-26 22:40:01,14.40,1512.6,80.9,-0.86,0.21,17.28
2023-12-26 22:50:01,14.40,1512.6,80.9,-0.85,0.22,17.31
2023-12-26 23:00:01,14.40,1512.6,80.9,-0.86,0.22,17.29
2023-12-26 23:10:01,14.40,1512.6,80.9,-0.85,0.22,17.26
2023-12-26 23:20:01,14.40,1512.2,80.9,-0.85,0.22,17.25
2023-12-26 23:30:01,14.40,1511.6,80.9,-0.86,0.22,17.24
2023-12-26 23:40:01,14.40,1511.1,80.9,-0.86,0.23,17.22
2023-12-26 23:50:01,14.40,1512.2,80.9,-0.86,0.25,17.25
2023-12-27 00:00:01,14.40,1512.6,80.9,-0.84,0.24,17.29
2023-12-27 00:10:01,14.40,1512.6,80.9,-0.85,0.23,17.29
2023-12-27 00:20:01,14.40,1512.6,80.9,-0.85,0.24,17.29
2023-12-27 00:30:01,14.40,1512.6,80.9,-0.87,0.23,17.29
2023-12-27 00:40:01,14.40,1512.4,80.9,-0.85,0.22,17.25
2023-12-27 00:50:01,14.40,1511.1,80.9,-0.85,0.22,17.23
2023-12-27 01:00:01,14.40,1511.1,80.9,-0.86,0.22,17.23
2023-12-27 01:10:01,14.40,1511.1,80.9,-0.85,0.22,17.21
2023-12-27 01:20:01,14.40,1511.1,80.9,-0.85,0.23,17.22
2023-12-27 01:30:01,14.40,1511.1,80.9,-0.85,0.22,17.23
2023-12-27 01:40:01,14.40,1512.6,80.9,-0.84,0.22,17.26
2023-12-27 01:50:01,14.40,1512.6,80.9,-0.85,0.22,17.27
2023-12-27 02:00:01,14.40,1512.6,80.9,-0.85,0.23,17.27
2023-12-27 02:10:01,14.40,1512.6,80.9,-0.84,0.23,17.27
2023-12-27 02:20:01,14.40,1512.6,80.9,-0.85,0.23,17.28
2023-12-27 02:30:01,14.40,1512.6,80.9,-0.85,0.22,17.29
2023-12-27 02:40:01,14.40,1512.6,80.9,-0.84,0.22,17.30
2023-12-27 02:50:01,14.40,1512.6,80.9,-0.85,0.22,17.30
2023-12-27 03:00:01,14.40,1512.6,80.9,-0.85,0.22,17.30
2023-12-27 03:10:01,14.40,1512.6,80.9,-0.84,0.22,17.30
2023-12-27 03:20:01,14.40,1512.6,80.9,-0.84,0.22,17.29
2023-12-27 03:30:01,14.40,1512.6,80.9,-0.85,0.21,17.28
2023-12-27 03:40:01,14.40,1512.6,80.9,-0.84,0.22,17.28
2023-12-27 03:50:01,14.40,1512.6,80.9,-0.84,0.22,17.27
2023-12-27 04:00:01,14.40,1512.6,80.9,-0.84,0.21,17.26
2023-12-27 04:10:01,14.40,1512.5,80.9,-0.84,0.21,17.25
2023-12-27 04:20:01,14.40,1511.9,80.9,-0.84,0.22,17.24
2023-12-27 04:30:01,14.40,1511.2,80.9,-0.83,0.21,17.24
2023-12-27 04:40:01,14.40,1511.1,80.9,-0.83,0.21,17.24
2023-12-27 04:50:01,14.40,1511.1,80.9,-0.83,0.21,17.23
2023-12-27 05:00:01,14.40,1511.1,80.9,-0.83,0.21,17.23
2023-12-27 05:10:01,14.40,1511.1,80.9,-0.83,0.21,17.24
2023-12-27 05:20:01,14.40,1511.7,80.9,-0.83,0.21,17.24
2023-12-27 05:30:01,14.40,1511.1,80.9,-0.83,0.21,17.21
2023-12-27 05:40:01,14.40,1511.1,80.9,-0.83,0.21,17.19
2023-12-27 05:50:01,14.40,1511.1,80.9,-0.84,0.21,17.20
2023-12-27 06:00:01,14.40,1511.1,80.9,-0.84,0.21,17.21
2023-12-27 06:10:01,14.40,1511.1,80.9,-0.84,0.21,17.20
2023-12-27 06:20:01,14.40,1511.1,80.9,-0.84,0.21,17.21
2023-12-27 06:30:01,14.40,1511.1,80.9,-0.84,0.22,17.20
2023-12-27 06:40:01,14.40,1511.1,80.9,-0.84,0.21,17.21
2023-12-27 06:50:01,14.40,1511.1,80.9,-0.83,0.22,17.20
2023-12-27 07:00:01,14.40,1511.1,80.9,-0.84,0.21,17.19
2023-12-27 07:10:01,14.40,1511.1,80.9,-0.84,0.22,17.18
2023-12-27 07:20:01,14.40,1511.1,80.9,-0.84,0.21,17.17
2023-12-27 07:30:01,14.40,1511.1,80.9,-0.84,0.21,17.15
2023-12-27 07:40:01,14.40,1511.1,80.9,-0.83,0.21,17.11
2023-12-27 07:50:01,14.40,1511.1,80.9,-0.84,0.21,17.11
2023-12-27 08:00:01,14.40,1511.1,80.9,-0.83,0.22,17.10
2023-12-27 08:10:01,14.40,1511.1,80.9,-0.83,0.21,17.10
2023-12-27 08:20:01,14.40,1511.1,80.9,-0.83,0.21,17.10
2023-12-27 08:30:01,14.40,1511.1,80.9,-0.83,0.22,17.10
2023-12-27 08:40:01,14.40,1511.1,80.9,-0.84,0.21,17.11
2023-12-27 08:50:01,14.40,1511.1,80.9,-0.83,0.21,17.12
2023-12-27 09:00:01,14.40,1511.1,80.9,-0.83,0.21,17.13
2023-12-27 09:10:01,14.40,1511.1,80.9,-0.83,0.21,17.15
2023-12-27 09:20:01,14.40,1511.1,80.9,-0.83,0.21,17.15
2023-12-27 09:30:01,14.40,1511.1,80.9,-0.84,0.21,17.13
2023-12-27 09:40:01,14.40,1511.1,80.9,-0.84,0.21,17.12
2023-12-27 09:50:01,14.40,1511.1,80.9,-0.84,0.21,17.13
2023-12-27 10:00:01,14.40,1511.1,80.9,-0.84,0.21,17.13
2023-12-27 10:10:01,14.40,1511.1,80.9,-0.84,0.21,17.14
2023-12-27 10:20:01,14.40,1511.1,80.9,-0.84,0.22,17.13
2023-12-27 10:30:01,14.40,1511.1,80.9,-0.84,0.21,17.12
2023-12-27 10:40:01,14.40,1511.1,80.9,-0.84,0.21,17.12
2023-12-27 10:50:01,14.40,1511.1,80.9,-0.83,0.21,17.11
2023-12-27 11:00:01,14.40,1511.1,80.9,-0.84,0.21,17.08
2023-12-27 11:10:01,14.40,1511.1,80.9,-0.84,0.21,17.08
2023-12-27 11:20:01,14.40,1511.1,80.9,-0.83,0.22,17.05
2023-12-27 11:30:01,14.40,1511.1,80.9,-0.83,0.23,17.03
2023-12-27 11:40:01,14.40,1511.1,80.9,-0.83,0.22,17.02
2023-12-27 11:50:01,14.40,1511.1,80.9,-0.84,0.22,17.02
2023-12-27 12:00:01,14.40,1511.1,80.9,-0.84,0.22,17.02
2023-12-27 12:10:01,14.40,1511.1,80.9,-0.84,0.21,17.03
2023-12-27 12:20:01,14.40,1511.1,80.9,-0.85,0.22,17.06
2023-12-27 12:30:01,14.40,1511.1,80.9,-0.85,0.22,17.09
2023-12-27 12:40:01,14.40,1511.1,80.9,-0.85,0.22,17.10
2023-12-27 12:50:01,14.40,1511.1,80.9,-0.84,0.21,17.10
2023-12-27 13:00:01,14.40,1511.1,80.9,-0.85,0.20,17.10
2023-12-27 13:10:01,14.40,1511.1,80.9,-0.84,0.21,17.10
2023-12-27 13:20:01,14.40,1511.1,80.9,-0.84,0.22,17.08
2023-12-27 13:30:01,14.40,1511.1,80.9,-0.84,0.22,17.06
2023-12-27 13:40:01,14.40,1511.1,80.9,-0.84,0.20,17.06
2023-12-27 13:50:01,14.40,1511.1,80.9,-0.84,0.21,17.07
2023-12-27 14:00:01,14.40,1511.1,80.9,-0.84,0.22,17.06
2023-12-27 14:10:01,14.40,1511.1,80.9,-0.84,0.22,17.02
2023-12-27 14:20:01,14.40,1511.1,80.9,-0.83,0.22,16.96
2023-12-27 14:30:01,14.40,1511.1,80.9,-0.84,0.22,16.91
2023-12-27 14:40:01,14.40,1511.1,80.9,-0.85,0.22,16.89
2023-12-27 14:50:01,14.40,1511.1,80.8,-0.85,0.22,16.93
2023-12-27 15:00:01,14.40,1511.1,80.9,-0.84,0.22,16.95
2023-12-27 15:10:01,14.40,1511.1,80.8,-0.84,0.22,16.96
2023-12-27 15:20:01,14.40,1511.1,80.9,-0.84,0.22,16.96
2023-12-27 15:30:01,14.40,1511.1,80.8,-0.84,0.21,16.94
2023-12-27 15:40:01,14.40,1511.1,80.8,-0.85,0.22,16.92
2023-12-27 15:50:01,14.40,1511.1,80.8,-0.84,0.21,16.90
2023-12-27 16:00:01,14.40,1511.1,80.8,-0.84,0.21,16.89
2023-12-27 16:10:01,14.40,1511.1,80.8,-0.84,0.21,16.89
2023-12-27 16:20:01,14.40,1511.1,80.8,-0.84,0.21,16.90
2023-12-27 16:30:01,14.40,1511.1,80.8,-0.85,0.21,16.91
2023-12-27 16:40:01,14.40,1511.1,80.8,-0.84,0.20,16.90
2023-12-27 16:50:01,14.40,1511.1,80.8,-0.84,0.21,16.90
2023-12-27 17:00:01,14.40,1511.1,80.8,-0.84,0.21,16.90
2023-12-27 17:10:01,14.40,1511.1,80.8,-0.84,0.21,16.90
2023-12-27 17:20:01,14.40,1511.1,80.8,-0.86,0.22,16.90
2023-12-27 17:30:01,14.40,1511.1,80.8,-0.85,0.22,16.94
2023-12-27 17:40:01,14.40,1511.1,80.8,-0.85,0.21,16.96
2023-12-27 17:50:01,14.40,1511.1,80.8,-0.86,0.21,16.94
2023-12-27 18:00:01,14.40,1511.1,80.8,-0.85,0.21,16.91
2023-12-27 18:10:01,14.40,1511.1,80.8,-0.85,0.21,16.91
2023-12-27 18:20:01,14.40,1511.1,80.8,-0.86,0.21,16.94
2023-12-27 18:30:01,14.40,1511.1,80.8,-0.85,0.21,17.01
2023-12-27 18:40:01,14.40,1511.1,80.8,-0.85,0.22,17.02
2023-12-27 18:50:01,14.40,1511.1,80.8,-0.85,0.22,16.99
2023-12-27 19:00:01,14.40,1511.1,80.8,-0.85,0.22,16.99
2023-12-27 19:10:01,14.40,1511.1,80.9,-0.85,0.22,17.01
2023-12-27 19:20:01,14.40,1511.1,80.9,-0.85,0.23,17.03
2023-12-27 19:30:01,14.40,1511.1,80.9,-0.86,0.23,17.08
2023-12-27 19:40:01,14.40,1511.1,80.8,-0.87,0.25,17.08
2023-12-27 19:50:01,14.40,1511.1,80.9,-0.87,0.25,17.10
2023-12-27 20:00:01,14.40,1511.1,80.8,-0.87,0.24,17.13
2023-12-27 20:10:01,14.40,1511.1,80.8,-0.87,0.25,17.15
2023-12-27 20:20:01,14.40,1511.1,80.8,-0.87,0.25,17.15
2023-12-27 20:30:01,14.40,1511.1,80.8,-0.86,0.24,17.16
2023-12-27 20:40:01,14.40,1511.1,80.8,-0.87,0.24,17.19
2023-12-27 20:50:01,14.40,1511.1,80.8,-0.87,0.24,17.20
2023-12-27 21:00:01,14.40,1511.1,80.9,-0.88,0.23,17.23
2023-12-27 21:10:01,14.40,1512.3,80.9,-0.87,0.23,17.25
2023-12-27 21:20:01,14.40,1512.6,80.7,-0.89,0.32,17.26
2023-12-27 21:30:01,14.40,1511.5,80.6,-0.90,0.33,17.24
2023-12-27 21:40:01,14.40,1511.1,80.6,-0.90,0.30,17.23
2023-12-27 21:50:01,14.40,1511.1,80.6,-0.90,0.27,17.23
2023-12-27 22:00:01,14.40,1511.3,80.6,-0.90,0.27,17.24
2023-12-27 22:10:01,14.40,1512.4,80.6,-0.91,0.27,17.25
2023-12-27 22:20:01,14.40,1512.5,80.6,-0.92,0.27,17.25
2023-12-27 22:30:01,14.40,1512.6,80.6,-0.93,0.27,17.27
2023-12-27 22:40:01,14.40,1512.6,80.6,-0.92,0.26,17.27
2023-12-27 22:50:01,14.40,1512.6,80.6,-0.94,0.26,17.30
2023-12-27 23:00:01,14.40,1512.6,80.6,-0.91,0.25,17.32
2023-12-27 23:10:01,14.40,1512.6,80.6,-0.93,0.27,17.35
2023-12-27 23:20:01,14.40,1512.6,80.6,-0.95,0.28,17.34
2023-12-27 23:30:01,14.40,1512.6,80.6,-0.94,0.26,17.34
2023-12-27 23:40:01,14.40,1512.6,80.6,-0.94,0.27,17.33
2023-12-27 23:50:01,14.40,1512.6,80.6,-0.95,0.27,17.32
2023-12-28 00:00:01,14.40,1512.6,80.6,-0.94,0.26,17.32
2023-12-28 00:10:01,14.40,1512.6,80.6,-0.94,0.26,17.32
2023-12-28 00:20:01,14.40,1512.6,80.6,-0.96,0.26,17.28
2023-12-28 00:30:01,14.40,1512.0,80.6,-0.98,0.26,17.25
2023-12-28 00:40:01,14.40,1512.4,80.5,-0.97,0.27,17.25
2023-12-28 00:50:01,14.40,1512.6,80.5,-0.97,0.26,17.27
2023-12-28 01:00:01,14.40,1512.6,80.5,-0.98,0.27,17.28
2023-12-28 01:10:01,14.40,1512.6,80.5,-0.97,0.28,17.29
2023-12-28 01:20:01,14.40,1512.6,80.5,-0.98,0.27,17.29
2023-12-28 01:30:01,14.40,1512.6,80.5,-0.97,0.26,17.29
2023-12-28 01:40:01,14.40,1512.6,80.5,-0.98,0.27,17.29
2023-12-28 01:50:01,14.40,1512.6,80.5,-0.97,0.27,17.28
2023-12-28 02:00:01,14.40,1512.6,80.5,-0.98,0.27,17.27
2023-12-28 02:10:01,14.40,1512.6,80.5,-0.98,0.27,17.26
2023-12-28 02:20:01,14.40,1512.6,80.5,-0.98,0.26,17.26
2023-12-28 02:30:01,14.40,1512.6,80.5,-0.98,0.28,17.26
2023-12-28 02:40:01,14.40,1512.6,80.5,-0.99,0.29,17.25
2023-12-28 02:50:01,14.40,1512.5,80.5,-0.99,0.28,17.25
2023-12-28 03:00:01,14.40,1512.0,80.5,-0.99,0.27,17.25
2023-12-28 03:10:01,14.40,1511.1,80.5,-0.99,0.27,17.23
2023-12-28 03:20:01,14.40,1511.1,80.5,-0.99,0.28,17.23
2023-12-28 03:30:01,14.40,1511.1,80.4,-0.99,0.28,17.23
2023-12-28 03:40:01,14.40,1511.1,80.5,-0.98,0.27,17.23
2023-12-28 03:50:01,14.40,1511.1,80.5,-0.98,0.27,17.24
2023-12-28 04:00:01,14.40,1511.3,80.4,-0.98,0.28,17.24
2023-12-28 04:10:01,14.40,1511.5,80.4,-0.99,0.28,17.24
2023-12-28 04:20:01,14.40,1511.1,80.4,-0.98,0.28,17.24
2023-12-28 04:30:01,14.40,1511.1,80.4,-0.98,0.28,17.24
2023-12-28 04:40:01,14.40,1511.1,80.4,-0.98,0.28,17.23
2023-12-28 04:50:01,14.40,1511.1,80.4,-0.97,0.28,17.23
2023-12-28 05:00:01,14.40,1511.1,80.4,-0.97,0.27,17.22
2023-12-28 05:10:01,14.40,1511.1,80.5,-0.96,0.26,17.22
2023-12-28 05:20:01,14.40,1511.1,80.5,-0.96,0.27,17.22
2023-12-28 05:30:01,14.40,1511.1,80.4,-0.95,0.29,17.20
2023-12-28 05:40:01,14.40,1511.1,80.4,-0.97,0.27,17.20
2023-12-28 05:50:01,14.40,1511.1,80.4,-0.96,0.27,17.21
2023-12-28 06:00:01,14.40,1511.1,80.4,-0.97,0.27,17.21
2023-12-28 06:10:01,14.40,1511.1,80.4,-0.97,0.26,17.21
2023-12-28 06:20:01,14.40,1511.1,80.4,-0.97,0.26,17.21
2023-12-28 06:30:01,14.40,1511.1,80.4,-0.96,0.26,17.21
2023-12-28 06:40:01,14.40,1511.1,80.4,-0.96,0.26,17.21
2023-12-28 06:50:01,14.40,1511.1,80.4,-0.96,0.26,17.21
2023-12-28 07:00:01,14.40,1511.1,80.4,-0.96,0.25,17.21
2023-12-28 07:10:01,14.40,1511.1,80.4,-0.97,0.26,17.20
2023-12-28 07:20:01,14.40,1511.1,80.4,-0.96,0.27,17.20
2023-12-28 07:30:01,14.40,1511.1,80.5,-0.96,0.26,17.20
2023-12-28 07:40:01,14.40,1511.1,80.5,-0.97,0.26,17.20
2023-12-28 07:50:01,14.40,1511.1,80.5,-0.96,0.26,17.21
2023-12-28 08:00:01,14.40,1511.1,80.5,-0.97,0.26,17.19
2023-12-28 08:10:01,14.40,1511.1,80.5,-0.96,0.26,17.20
2023-12-28 08:20:01,14.40,1511.1,80.5,-0.97,0.26,17.21
2023-12-28 08:30:01,14.40,1511.1,80.5,-0.96,0.26,17.19
2023-12-28 08:40:01,14.40,1511.1,80.5,-0.96,0.25,17.16
2023-12-28 08:50:01,14.40,1511.1,80.5,-0.97,0.26,17.15
2023-12-28 09:00:01,14.40,1511.1,80.5,-0.96,0.26,17.15
2023-12-28 09:10:01,14.40,1511.1,80.5,-0.96,0.26,17.15
2023-12-28 09:20:01,14.40,1511.1,80.5,-0.96,0.26,17.12
2023-12-28 09:30:01,14.40,1511.1,80.5,-0.97,0.26,17.09
2023-12-28 09:40:01,14.40,1511.1,80.5,-0.97,0.26,17.05
2023-12-28 09:50:01,14.40,1511.1,80.5,-0.98,0.25,17.05
2023-12-28 10:00:01,14.40,1511.1,80.5,-0.98,0.26,17.10
2023-12-28 10:10:01,14.40,1511.1,80.5,-0.97,0.26,17.13
2023-12-28 10:20:01,14.40,1511.1,80.5,-0.97,0.27,17.14
2023-12-28 10:30:01,14.40,1511.1,80.5,-0.97,0.26,17.13
2023-12-28 10:40:01,14.40,1511.1,80.4,-0.97,0.27,17.07
2023-12-28 10:50:01,14.40,1511.1,80.5,-0.98,0.27,17.06
2023-12-28 11:00:01,14.40,1511.1,80.4,-0.97,0.27,17.05
2023-12-28 11:10:01,14.40,1511.1,80.4,-0.97,0.28,17.04
2023-12-28 11:20:01,14.40,1511.1,80.4,-0.98,0.27,17.03
2023-12-28 11:30:01,14.40,1511.1,80.4,-0.98,0.27,17.03
2023-12-28 11:40:01,14.40,1511.1,80.4,-0.98,0.28,17.03
2023-12-28 11:50:01,14.40,1511.1,80.4,-1.00,0.30,17.03
2023-12-28 12:00:01,14.40,1511.1,80.4,-1.00,0.29,17.04
2023-12-28 12:10:01,14.40,1511.1,80.4,-0.99,0.29,17.06
2023-12-28 12:20:01,14.40,1511.1,80.4,-0.99,0.28,17.03
2023-12-28 12:30:01,14.40,1511.1,80.4,-1.00,0.28,17.03
2023-12-28 12:40:01,14.40,1511.1,80.4,-1.00,0.28,17.05
2023-12-28 12:50:01,14.40,1511.1,80.4,-1.00,0.28,17.07
2023-12-28 13:00:01,14.40,1511.1,80.3,-1.00,0.29,17.06
2023-12-28 13:10:01,14.40,1511.1,80.3,-1.01,0.32,17.04
2023-12-28 13:20:01,14.40,1511.1,80.3,-1.00,0.30,17.03
2023-12-28 13:30:01,14.40,1511.1,80.3,-1.00,0.30,17.05
2023-12-28 13:40:01,14.40,1511.1,80.3,-1.00,0.29,17.03
2023-12-28 13:50:01,14.40,1511.1,80.3,-1.00,0.29,16.99
2023-12-28 14:00:01,14.40,1511.1,80.2,-1.01,0.30,16.98
2023-12-28 14:10:01,14.40,1511.1,80.2,-1.01,0.30,16.97
2023-12-28 14:20:01,14.40,1511.1,80.2,-1.01,0.32,17.03
2023-12-28 14:30:01,14.40,1511.1,80.2,-1.03,0.32,17.07
2023-12-28 14:40:01,14.40,1511.1,80.2,-1.02,0.31,17.09
2023-12-28 14:50:01,14.40,1511.1,80.2,-1.02,0.32,17.03
2023-12-28 15:00:01,14.40,1511.1,80.1,-1.02,0.32,16.96
2023-12-28 15:10:01,14.40,1511.1,80.1,-1.02,0.33,16.92
2023-12-28 15:20:01,14.40,1511.1,80.1,-1.03,0.34,16.96
2023-12-28 15:30:01,14.40,1511.1,80.1,-1.03,0.34,17.02
2023-12-28 15:40:01,14.40,1511.1,80.1,-1.02,0.36,16.96
2023-12-28 15:50:01,14.40,1511.1,80.0,-1.05,0.35,16.94
2023-12-28 16:00:01,14.40,1511.1,80.0,-1.03,0.31,16.95
2023-12-28 16:10:01,14.40,1511.1,80.0,-1.03,0.31,17.01
2023-12-28 16:20:01,14.40,1511.1,80.0,-1.02,0.30,16.99
2023-12-28 16:30:01,14.40,1511.1,80.0,-1.04,0.31,16.97
2023-12-28 16:40:01,14.40,1511.1,80.0,-1.05,0.32,16.97
2023-12-28 16:50:01,14.40,1511.1,80.0,-1.04,0.32,16.95
2023-12-28 17:00:01,14.40,1511.1,80.0,-1.04,0.32,16.94
2023-12-28 17:10:01,14.40,1511.1,80.0,-1.05,0.35,16.96
2023-12-28 17:20:01,14.40,1511.1,80.0,-1.08,0.36,16.98
2023-12-28 17:30:01,14.40,1511.1,79.9,-1.07,0.34,16.97
2023-12-28 17:40:01,14.40,1511.1,79.9,-1.04,0.37,17.00
2023-12-28 17:50:01,14.40,1511.1,79.9,-1.05,0.34,17.03
2023-12-28 18:00:01,14.40,1511.1,79.9,-1.04,0.32,17.06
2023-12-28 18:10:01,14.40,1511.1,79.9,-1.05,0.32,17.08
2023-12-28 18:20:01,14.40,1511.1,79.9,-1.08,0.33,17.08
2023-12-28 18:30:01,14.40,1511.1,79.9,-1.07,0.33,17.06
2023-12-28 18:40:01,14.40,1511.1,79.9,-1.07,0.33,17.06
2023-12-28 18:50:01,14.40,1511.1,79.9,-1.07,0.34,17.07
2023-12-28 19:00:01,14.40,1511.1,79.9,-1.09,0.37,17.09
2023-12-28 19:10:01,14.40,1511.1,79.9,-1.10,0.36,17.10
2023-12-28 19:20:01,14.40,1511.1,79.9,-1.12,0.35,17.11
2023-12-28 19:30:01,14.40,1511.1,79.9,-1.11,0.33,17.11
2023-12-28 19:40:01,14.40,1511.1,79.9,-1.14,0.33,17.14
2023-12-28 19:50:01,14.40,1511.1,79.9,-1.14,0.33,17.17
2023-12-28 20:00:01,14.40,1511.1,79.9,-1.16,0.32,17.18
2023-12-28 20:10:01,14.40,1511.1,79.9,-1.18,0.38,17.19
2023-12-28 20:20:01,14.40,1511.1,79.7,-1.09,0.37,17.22
2023-12-28 20:30:01,14.40,1511.2,79.6,-1.14,0.37,17.24
2023-12-28 20:40:01,14.40,1512.5,79.6,-1.17,0.33,17.25
2023-12-28 20:50:01,14.40,1512.5,79.5,-1.24,0.37,17.25
2023-12-28 21:00:01,14.40,1512.5,79.5,-1.28,0.37,17.25
2023-12-28 21:10:01,14.40,1512.5,79.6,-1.33,0.37,17.25
2023-12-28 21:20:01,14.40,1512.6,79.5,-1.34,0.36,17.26
2023-12-28 21:30:01,14.40,1512.6,79.5,-1.35,0.38,17.28
2023-12-28 21:40:01,14.40,1512.6,79.6,-1.29,0.25,17.29
2023-12-28 21:50:01,14.40,1512.6,79.9,-1.43,0.25,17.31
2023-12-28 22:00:01,14.40,1512.6,79.9,-1.46,0.28,17.32
2023-12-28 22:10:01,14.40,1512.6,79.8,-1.36,0.23,17.32
2023-12-28 22:20:01,14.40,1512.6,79.2,-1.27,0.28,17.33
2023-12-28 22:30:01,14.40,1512.6,78.2,-1.04,0.27,17.33
2023-12-28 22:40:01,14.40,1512.6,78.0,-1.26,0.35,17.34
2023-12-28 22:50:01,14.40,1512.6,78.1,-1.33,0.30,17.34
2023-12-28 23:00:01,14.40,1512.6,78.4,-1.27,0.13,17.35
2023-12-28 23:10:01,14.40,1512.6,78.7,-1.15,-0.00,17.35
2023-12-28 23:20:01,14.40,1512.6,79.2,-1.06,-0.06,17.35
2023-12-28 23:30:01,14.40,1512.6,79.0,-0.84,-0.19,17.35
2023-12-28 23:40:01,14.40,1512.6,79.1,-0.70,-0.45,17.34
2023-12-28 23:50:01,14.40,1512.6,79.1,-0.67,-0.32,17.32
2023-12-29 00:00:01,14.40,1512.6,79.2,-0.75,-0.28,17.31
2023-12-29 00:10:01,14.40,1512.6,79.2,-0.73,-0.30,17.31
2023-12-29 00:20:01,14.40,1512.6,79.3,-0.78,-0.26,17.30
2023-12-29 00:30:01,14.40,1512.6,79.6,-0.75,-0.46,17.29
2023-12-29 00:40:01,14.40,1512.6,79.7,-0.73,-0.43,17.27
2023-12-29 00:50:01,14.40,1511.8,79.8,-0.65,-0.51,17.24
2023-12-29 01:00:01,14.40,1512.6,79.9,-0.66,-0.48,17.26
2023-12-29 01:10:01,14.40,1512.6,79.9,-0.60,-0.47,17.26
2023-12-29 01:20:01,14.40,1512.6,79.9,-0.53,-0.50,17.27
2023-12-29 01:30:01,14.40,1512.6,79.8,-0.43,-0.53,17.27
2023-12-29 01:40:01,14.40,1512.6,79.9,-0.54,-0.56,17.27
2023-12-29 01:50:01,14.40,1512.6,79.9,-0.49,-0.58,17.28
2023-12-29 02:00:01,14.40,1512.6,80.1,-0.64,-0.54,17.28
2023-12-29 02:10:01,14.40,1512.6,80.1,-0.62,-0.52,17.28
2023-12-29 02:20:01,14.40,1512.6,80.1,-0.44,-0.52,17.27
2023-12-29 02:30:01,14.40,1512.6,80.0,-0.49,-0.57,17.26
2023-12-29 02:40:01,14.40,1512.5,80.0,-0.54,-0.49,17.25
2023-12-29 02:50:01,14.40,1512.0,80.1,-0.57,-0.50,17.25
2023-12-29 03:00:01,14.40,1511.6,80.1,-0.56,-0.54,17.24
2023-12-29 03:10:01,14.40,1511.1,80.1,-0.62,-0.46,17.24
2023-12-29 03:20:01,14.40,1511.1,80.2,-0.64,-0.54,17.23
2023-12-29 03:30:01,14.40,1511.1,80.1,-0.50,-0.59,17.22
2023-12-29 03:40:01,14.40,1511.1,80.2,-0.52,-0.60,17.21
2023-12-29 03:50:01,14.40,1511.1,80.2,-0.58,-0.58,17.21
2023-12-29 04:00:01,14.40,1511.1,80.3,-0.67,-0.49,17.20
2023-12-29 04:10:01,14.40,1511.1,80.2,-0.69,-0.49,17.18
2023-12-29 04:20:01,14.40,1511.1,80.2,-0.67,-0.50,17.16
2023-12-29 04:30:01,14.40,1511.1,80.2,-0.43,-0.63,17.17
2023-12-29 04:40:01,14.40,1511.1,80.3,-0.53,-0.56,17.16
2023-12-29 04:50:01,14.40,1511.1,80.3,-0.66,-0.54,17.15
2023-12-29 05:00:01,14.40,1511.1,80.3,-0.71,-0.51,17.14
2023-12-29 05:10:01,14.40,1511.1,80.3,-0.79,-0.45,17.15
2023-12-29 05:20:01,14.40,1511.1,80.3,-0.75,-0.45,17.14
2023-12-29 05:30:01,14.40,1511.1,80.3,-0.74,-0.43,17.14
2023-12-29 05:40:01,14.40,1511.1,80.3,-0.76,-0.45,17.14
2023-12-29 05:50:01,14.40,1511.1,80.3,-0.81,-0.51,17.14
2023-12-29 06:00:01,14.40,1511.1,80.3,-0.79,-0.48,17.16
2023-12-29 06:10:01,14.40,1511.1,80.3,-0.69,-0.47,17.15
2023-12-29 06:20:01,14.40,1511.1,80.3,-0.77,-0.50,17.15
2023-12-29 06:30:01,14.40,1511.1,80.3,-0.80,-0.47,17.14
2023-12-29 06:40:01,14.40,1511.1,80.3,-0.79,-0.44,17.14
2023-12-29 06:50:01,14.40,1511.1,80.3,-0.75,-0.50,17.13
2023-12-29 07:00:01,14.40,1511.1,80.3,-0.82,-0.49,17.13
2023-12-29 07:10:01,14.40,1511.1,80.3,-0.83,-0.48,17.11
2023-12-29 07:20:01,14.40,1511.1,80.3,-0.82,-0.48,17.09
2023-12-29 07:30:01,14.40,1511.1,80.3,-0.83,-0.48,17.08
2023-12-29 07:40:01,14.40,1511.1,80.3,-0.85,-0.45,17.07
2023-12-29 07:50:01,14.40,1511.1,80.3,-0.86,-0.47,17.04
2023-12-29 08:00:01,14.40,1511.1,80.3,-0.84,-0.46,17.05
2023-12-29 08:10:01,14.40,1511.1,80.4,-0.86,-0.48,17.05
2023-12-29 08:20:01,14.40,1511.1,80.3,-0.87,-0.47,17.04
2023-12-29 08:30:01,14.40,1511.1,80.4,-0.87,-0.49,17.05
2023-12-29 08:40:01,14.40,1511.1,80.3,-0.87,-0.46,17.05
2023-12-29 08:50:01,14.40,1511.1,80.4,-0.88,-0.46,17.05
2023-12-29 09:00:01,14.40,1511.1,80.3,-0.89,-0.48,17.04
2023-12-29 09:10:01,14.40,1511.1,80.4,-0.87,-0.46,17.04
2023-12-29 09:20:01,14.40,1511.1,80.3,-0.85,-0.47,17.03
2023-12-29 09:30:01,14.40,1511.1,80.4,-0.91,-0.46,17.03
2023-12-29 09:40:01,14.40,1511.1,80.4,-0.90,-0.48,17.03
2023-12-29 09:50:01,14.40,1511.1,80.4,-0.85,-0.54,17.03
2023-12-29 10:00:01,14.40,1511.1,80.4,-0.91,-0.48,17.02
2023-12-29 10:10:01,14.40,1511.1,80.4,-0.87,-0.48,17.01
2023-12-29 10:20:01,14.40,1511.1,80.4,-0.88,-0.50,17.02
2023-12-29 10:30:01,14.40,1511.1,80.4,-0.90,-0.49,17.01
2023-12-29 10:40:01,14.40,1511.1,80.4,-0.88,-0.50,17.01
2023-12-29 10:50:01,14.40,1511.1,80.4,-0.77,-0.58,17.04
2023-12-29 11:00:01,14.40,1511.1,80.4,-0.86,-0.55,17.03
2023-12-29 11:10:01,14.40,1511.1,80.4,-0.87,-0.50,17.02
2023-12-29 11:20:01,14.40,1511.1,80.4,-0.86,-0.50,17.03
2023-12-29 11:30:01,14.40,1511.1,80.4,-0.89,-0.49,17.02
2023-12-29 11:40:01,14.40,1511.1,80.4,-0.87,-0.48,17.02
2023-12-29 11:50:01,14.40,1511.1,80.4,-0.89,-0.47,17.02
2023-12-29 12:00:01,14.40,1511.1,80.4,-0.89,-0.45,17.01
2023-12-29 12:10:01,14.40,1511.1,80.4,-0.89,-0.45,17.01
2023-12-29 12:20:01,14.40,1511.1,80.3,-0.90,-0.45,17.01
2023-12-29 12:30:01,14.40,1511.1,80.4,-0.90,-0.47,17.01
2023-12-29 12:40:01,14.40,1511.1,80.3,-0.85,-0.48,17.03
2023-12-29 12:50:01,14.40,1511.1,80.3,-0.81,-0.50,17.03
2023-12-29 13:00:01,14.40,1511.1,80.4,-0.89,-0.51,17.04
2023-12-29 13:10:01,14.40,1511.1,80.4,-0.90,-0.49,17.03
2023-12-29 13:20:01,14.40,1511.1,80.3,-0.87,-0.48,17.03
2023-12-29 13:30:01,14.40,1511.1,80.3,-0.85,-0.51,17.03
2023-12-29 13:40:01,14.40,1511.1,80.3,-0.87,-0.49,17.03
2023-12-29 13:50:01,14.40,1511.1,80.3,-0.89,-0.48,17.05
2023-12-29 14:00:01,14.40,1511.1,80.3,-0.89,-0.48,17.05
2023-12-29 14:10:01,14.40,1511.1,80.3,-0.90,-0.48,17.05
2023-12-29 14:20:01,14.40,1511.1,80.3,-0.90,-0.49,17.04
2023-12-29 14:30:01,14.40,1511.1,80.3,-0.89,-0.49,17.03
2023-12-29 14:40:01,14.40,1511.1,80.3,-0.89,-0.50,17.03
2023-12-29 14:50:01,14.40,1511.1,80.3,-0.85,-0.48,17.03
2023-12-29 15:00:01,14.40,1511.1,80.3,-0.86,-0.52,17.03
2023-12-29 15:10:01,14.40,1511.1,80.3,-0.87,-0.53,17.05
2023-12-29 15:20:01,14.40,1511.1,80.3,-0.89,-0.52,17.04
2023-12-29 15:30:01,14.40,1511.1,80.3,-0.89,-0.49,17.04
2023-12-29 15:40:01,14.40,1511.1,80.3,-0.89,-0.47,17.04
2023-12-29 15:50:01,14.40,1511.1,80.3,-0.86,-0.46,17.05
2023-12-29 16:00:01,14.40,1511.1,80.3,-0.87,-0.48,17.05
2023-12-29 16:10:01,14.40,1511.1,80.3,-0.86,-0.50,17.06
2023-12-29 16:20:01,14.40,1511.1,80.3,-0.86,-0.51,17.06
2023-12-29 16:30:01,14.40,1511.1,80.3,-0.88,-0.46,17.06
2023-12-29 16:40:01,14.40,1511.1,80.3,-0.88,-0.43,17.06
2023-12-29 16:50:01,14.40,1511.1,80.3,-0.91,-0.44,17.06
2023-12-29 17:00:01,14.40,1511.1,80.3,-0.90,-0.45,17.06
2023-12-29 17:10:01,14.40,1511.1,80.3,-0.90,-0.46,17.06
2023-12-29 17:20:01,14.40,1511.1,80.3,-0.89,-0.45,17.06
2023-12-29 17:30:01,14.40,1511.1,80.3,-0.88,-0.46,17.06
2023-12-29 17:40:01,14.40,1511.1,80.3,-0.89,-0.46,17.08
2023-12-29 17:50:01,14.40,1511.1,80.3,-0.90,-0.46,17.07
2023-12-29 18:00:01,14.40,1511.1,80.3,-0.90,-0.47,17.07
2023-12-29 18:10:01,14.40,1511.1,80.3,-0.90,-0.46,17.08
2023-12-29 18:20:01,14.40,1511.1,80.3,-0.91,-0.46,17.09
2023-12-29 18:30:01,14.40,1511.1,80.3,-0.91,-0.46,17.11
2023-12-29 18:40:01,14.40,1511.1,80.3,-0.91,-0.46,17.11
2023-12-29 18:50:01,14.40,1511.1,80.3,-0.91,-0.45,17.10
2023-12-29 19:00:01,14.40,1511.1,80.3,-0.88,-0.45,17.11
2023-12-29 19:10:01,14.40,1511.1,80.3,-0.88,-0.45,17.16
2023-12-29 19:20:01,14.40,1511.1,80.3,-0.90,-0.46,17.18
2023-12-29 19:30:01,14.40,1511.1,80.3,-0.90,-0.44,17.18
2023-12-29 19:40:01,14.40,1511.1,80.3,-0.91,-0.45,17.17
2023-12-29 19:50:01,14.40,1511.1,80.3,-0.88,-0.45,17.16
2023-12-29 20:00:01,14.40,1511.1,80.4,-0.88,-0.44,17.19
2023-12-29 20:10:01,14.40,1511.1,80.4,-0.89,-0.44,17.19
2023-12-29 20:20:01,14.40,1511.1,80.4,-0.90,-0.45,17.21
2023-12-29 20:30:01,14.40,1511.7,80.4,-0.90,-0.45,17.24
2023-12-29 20:40:01,14.40,1512.1,80.4,-0.88,-0.47,17.25
2023-12-29 20:50:01,14.40,1511.9,80.4,-0.89,-0.48,17.24
2023-12-29 21:00:01,14.40,1512.2,80.4,-0.90,-0.47,17.25
2023-12-29 21:10:01,14.40,1512.5,80.4,-0.90,-0.45,17.25
2023-12-29 21:20:01,14.40,1512.6,80.4,-0.90,-0.45,17.26
2023-12-29 21:30:01,14.40,1512.5,80.4,-0.90,-0.45,17.25
2023-12-29 21:40:01,14.40,1512.6,80.4,-0.89,-0.46,17.28
2023-12-29 21:50:01,14.40,1512.6,80.4,-0.89,-0.46,17.29
2023-12-29 22:00:01,14.40,1512.6,80.4,-0.89,-0.43,17.30
2023-12-29 22:10:01,14.40,1512.6,80.4,-0.89,-0.45,17.30
2023-12-29 22:20:01,14.40,1512.6,80.4,-0.87,-0.46,17.30
2023-12-29 22:30:01,14.40,1512.6,80.4,-0.90,-0.46,17.30
2023-12-29 22:40:01,14.40,1512.6,80.3,-0.91,-0.46,17.30
2023-12-29 22:50:01,14.40,1512.6,80.4,-0.84,-0.49,17.30
2023-12-29 23:00:01,14.40,1512.6,80.4,-0.89,-0.47,17.28
2023-12-29 23:10:01,14.40,1512.6,80.4,-0.89,-0.46,17.29
2023-12-29 23:20:01,14.40,1512.6,80.3,-0.87,-0.46,17.29
2023-12-29 23:30:01,14.40,1512.6,80.3,-0.90,-0.43,17.29
2023-12-29 23:40:01,14.40,1512.6,80.3,-0.90,-0.44,17.29
2023-12-29 23:50:01,14.40,1512.6,80.3,-0.88,-0.44,17.28
2023-12-30 00:00:01,14.40,1512.6,80.3,-0.89,-0.45,17.28
2023-12-30 00:10:01,14.40,1512.6,80.3,-0.90,-0.44,17.28
2023-12-30 00:20:01,14.40,1512.6,80.3,-0.88,-0.46,17.26
2023-12-30 00:30:01,14.40,1511.4,80.3,-0.91,-0.47,17.24
2023-12-30 00:40:01,14.40,1511.1,80.3,-0.90,-0.47,17.22
2023-12-30 00:50:01,14.40,1511.1,80.3,-0.87,-0.46,17.22
2023-12-30 01:00:01,14.40,1511.1,80.3,-0.89,-0.45,17.21
2023-12-30 01:10:01,14.40,1511.1,80.3,-0.89,-0.45,17.21
2023-12-30 01:20:01,14.40,1511.1,80.3,-0.89,-0.44,17.20
2023-12-30 01:30:01,14.40,1511.1,80.3,-0.86,-0.44,17.21
2023-12-30 01:40:01,14.40,1511.1,80.3,-0.88,-0.44,17.19
2023-12-30 01:50:01,14.40,1511.1,80.3,-0.88,-0.45,17.17
2023-12-30 02:00:01,14.40,1511.1,80.3,-0.89,-0.45,17.17
2023-12-30 02:10:01,14.40,1511.1,80.3,-0.92,-0.45,17.17
2023-12-30 02:20:01,14.40,1511.1,80.3,-0.93,-0.44,17.16
2023-12-30 02:30:01,14.40,1511.1,80.3,-0.92,-0.44,17.16
2023-12-30 02:40:01,14.40,1511.1,80.3,-0.92,-0.43,17.15
2023-12-30 02:50:01,14.40,1511.1,80.3,-0.94,-0.43,17.14
2023-12-30 03:00:01,14.40,1511.1,80.3,-0.95,-0.44,17.16
2023-12-30 03:10:01,14.40,1511.1,80.3,-0.95,-0.44,17.16
2023-12-30 03:20:01,14.40,1511.1,80.3,-0.93,-0.43,17.16
2023-12-30 03:30:01,14.40,1511.1,80.3,-0.93,-0.43,17.16
2023-12-30 03:40:01,14.40,1511.1,80.3,-0.90,-0.45,17.16
2023-12-30 03:50:01,14.40,1511.1,80.3,-0.91,-0.43,17.15
2023-12-30 04:00:01,14.40,1511.1,80.3,-0.93,-0.43,17.15
2023-12-30 04:10:01,14.40,1511.1,80.3,-0.94,-0.42,17.15
2023-12-30 04:20:01,14.40,1511.1,80.3,-0.94,-0.42,17.14
2023-12-30 04:30:01,14.40,1511.1,80.3,-0.93,-0.42,17.15
2023-12-30 04:40:01,14.40,1511.1,80.3,-0.93,-0.42,17.14
2023-12-30 04:50:01,14.40,1511.1,80.3,-0.93,-0.42,17.14
2023-12-30 05:00:01,14.40,1511.1,80.3,-0.94,-0.42,17.13
2023-12-30 05:10:01,14.40,1511.1,80.3,-0.94,-0.42,17.15
2023-12-30 05:20:01,14.40,1511.1,80.3,-0.94,-0.42,17.15
2023-12-30 05:30:01,14.40,1511.1,80.3,-0.94,-0.42,17.14
2023-12-30 05:40:01,14.40,1511.1,80.3,-0.94,-0.42,17.12
2023-12-30 05:50:01,14.40,1511.1,80.3,-0.95,-0.43,17.10
2023-12-30 06:00:01,14.40,1511.1,80.3,-0.94,-0.42,17.09
2023-12-30 06:10:01,14.40,1511.1,80.3,-0.95,-0.42,17.09
2023-12-30 06:20:01,14.40,1511.1,80.3,-0.95,-0.42,17.09
2023-12-30 06:30:01,14.40,1511.1,80.3,-0.95,-0.43,17.09
2023-12-30 06:40:01,14.40,1511.1,80.3,-0.94,-0.43,17.09
2023-12-30 06:50:01,14.40,1511.1,80.3,-0.94,-0.43,17.08
2023-12-30 07:00:01,14.40,1511.1,80.3,-0.94,-0.43,17.08
2023-12-30 07:10:01,14.40,1511.1,80.3,-0.95,-0.43,17.08
2023-12-30 07:20:01,14.40,1511.1,80.3,-0.94,-0.43,17.08
2023-12-30 07:30:01,14.40,1511.1,80.3,-0.93,-0.43,17.08
2023-12-30 07:40:01,14.40,1511.1,80.3,-0.94,-0.43,17.08
2023-12-30 07:50:01,14.40,1511.1,80.3,-0.94,-0.43,17.09
2023-12-30 08:00:01,14.40,1511.1,80.3,-0.95,-0.43,17.09
2023-12-30 08:10:01,14.40,1511.1,80.3,-0.94,-0.43,17.09
2023-12-30 08:20:01,14.40,1511.1,80.3,-0.95,-0.43,17.09
2023-12-30 08:30:01,14.40,1511.1,80.3,-0.95,-0.43,17.09
2023-12-30 08:40:01,14.40,1511.1,80.3,-0.94,-0.43,17.09
2023-12-30 08:50:01,14.40,1511.1,80.3,-0.94,-0.43,17.09
2023-12-30 09:00:01,14.40,1511.1,80.3,-0.95,-0.43,17.09
2023-12-30 09:10:01,14.40,1511.1,80.3,-0.94,-0.43,17.09
2023-12-30 09:20:01,14.40,1511.1,80.3,-0.95,-0.43,17.08
2023-12-30 09:30:01,14.40,1511.1,80.3,-0.94,-0.43,17.07
2023-12-30 09:40:01,14.40,1511.1,80.3,-0.94,-0.43,17.06
2023-12-30 09:50:01,14.40,1511.1,80.3,-0.94,-0.43,17.06
2023-12-30 10:00:01,14.40,1511.1,80.3,-0.95,-0.43,17.06
2023-12-30 10:10:01,14.40,1511.1,80.3,-0.94,-0.43,17.06
2023-12-30 10:20:01,14.40,1511.1,80.3,-0.95,-0.43,17.06
2023-12-30 10:30:01,14.40,1511.1,80.3,-0.95,-0.43,17.06
2023-12-30 10:40:01,14.40,1511.1,80.3,-0.95,-0.42,17.05
2023-12-30 10:50:01,14.40,1511.1,80.3,-0.95,-0.42,17.05
2023-12-30 11:00:01,14.40,1511.1,80.3,-0.95,-0.42,17.04
2023-12-30 11:10:01,14.40,1511.1,80.3,-0.95,-0.43,17.04
2023-12-30 11:20:01,14.40,1511.1,80.3,-0.94,-0.42,17.04
2023-12-30 11:30:01,14.40,1511.1,80.3,-0.95,-0.42,17.02
2023-12-30 11:40:01,14.40,1511.1,80.3,-0.95,-0.42,17.00
2023-12-30 11:50:01,14.40,1511.1,80.3,-0.96,-0.42,16.98
2023-12-30 12:00:01,14.40,1511.1,80.3,-0.96,-0.42,16.99
2023-12-30 12:10:01,14.40,1511.1,80.3,-0.96,-0.42,16.99
2023-12-30 12:20:01,14.40,1511.1,80.3,-0.95,-0.43,17.00
2023-12-30 12:30:01,14.40,1511.1,80.3,-0.96,-0.43,17.00
2023-12-30 12:40:01,14.40,1511.1,80.3,-0.96,-0.43,17.00
2023-12-30 12:50:01,14.40,1511.1,80.3,-0.97,-0.42,16.99
2023-12-30 13:00:01,14.40,1511.1,80.3,-0.97,-0.43,16.98
2023-12-30 13:10:01,14.40,1511.1,80.3,-0.97,-0.43,17.00
2023-12-30 13:20:01,14.40,1511.1,80.3,-0.96,-0.43,17.00
2023-12-30 13:30:01,14.40,1511.1,80.3,-0.97,-0.43,16.99
2023-12-30 13:40:01,14.40,1511.1,80.3,-0.97,-0.43,16.98
2023-12-30 13:50:01,14.40,1511.1,80.3,-0.97,-0.43,16.99
2023-12-30 14:00:01,14.40,1511.1,80.3,-0.98,-0.42,16.98
2023-12-30 14:10:01,14.40,1511.1,80.3,-0.96,-0.43,16.97
2023-12-30 14:20:01,14.40,1511.1,80.2,-0.97,-0.43,16.96
2023-12-30 14:30:01,14.40,1511.1,80.2,-0.96,-0.44,16.94
2023-12-30 14:40:01,14.40,1511.1,80.2,-0.97,-0.43,16.93
2023-12-30 14:50:01,14.40,1511.1,80.2,-0.97,-0.43,16.92
2023-12-30 15:00:01,14.40,1511.1,80.2,-0.98,-0.42,16.94
2023-12-30 15:10:01,14.40,1511.1,80.2,-0.98,-0.43,16.94
2023-12-30 15:20:01,14.40,1511.1,80.2,-0.98,-0.43,16.93
2023-12-30 15:30:01,14.40,1511.1,80.2,-0.98,-0.43,16.93
2023-12-30 15:40:01,14.40,1511.1,80.2,-0.98,-0.43,16.93
2023-12-30 15:50:01,14.40,1511.1,80.2,-0.99,-0.42,16.92
2023-12-30 16:00:01,14.40,1511.1,80.2,-0.99,-0.42,16.92
2023-12-30 16:10:01,14.40,1511.1,80.2,-0.96,-0.45,16.94
2023-12-30 16:20:01,14.40,1511.1,80.2,-0.93,-0.44,16.96
2023-12-30 16:30:01,14.40,1511.1,80.2,-0.92,-0.46,16.97
2023-12-30 16:40:01,14.40,1511.1,80.2,-0.92,-0.46,16.99
2023-12-30 16:50:01,14.40,1511.1,80.2,-0.93,-0.47,17.00
2023-12-30 17:00:01,14.40,1511.1,80.2,-0.94,-0.46,17.01
2023-12-30 17:10:01,14.40,1511.1,80.2,-0.94,-0.46,17.01
2023-12-30 17:20:01,14.40,1511.1,80.2,-0.94,-0.46,17.02
2023-12-30 17:30:01,14.40,1511.1,80.2,-0.95,-0.46,17.03
2023-12-30 17:40:01,14.40,1511.1,80.2,-0.93,-0.45,17.04
2023-12-30 17:50:01,14.40,1511.1,80.2,-0.94,-0.46,17.04
2023-12-30 18:00:01,14.40,1511.1,80.2,-0.94,-0.46,17.05
2023-12-30 18:10:01,14.40,1511.1,80.2,-0.96,-0.45,17.06
2023-12-30 18:20:01,14.40,1511.1,80.2,-0.95,-0.46,17.05
2023-12-30 18:30:01,14.40,1511.1,80.2,-0.96,-0.45,17.05
2023-12-30 18:40:01,14.40,1511.1,80.2,-0.97,-0.45,17.06
2023-12-30 18:50:01,14.40,1511.1,80.2,-0.96,-0.46,17.08
2023-12-30 19:00:01,14.40,1511.1,80.2,-0.97,-0.45,17.09
2023-12-30 19:10:01,14.40,1511.1,80.2,-0.96,-0.45,17.09
2023-12-30 19:20:01,14.40,1511.1,80.3,-0.96,-0.45,17.11
2023-12-30 19:30:01,14.40,1511.1,80.3,-0.97,-0.45,17.10
2023-12-30 19:40:01,14.40,1511.1,80.3,-0.97,-0.45,17.10
2023-12-30 19:50:01,14.40,1511.1,80.3,-0.98,-0.44,17.12
2023-12-30 20:00:01,14.40,1511.1,80.3,-0.97,-0.45,17.12
2023-12-30 20:10:01,14.40,1511.1,80.3,-0.99,-0.45,17.12
2023-12-30 20:20:01,14.40,1511.1,80.3,-0.99,-0.45,17.12
2023-12-30 20:30:01,14.40,1511.1,80.3,-0.98,-0.45,17.13
2023-12-30 20:40:01,14.40,1511.1,80.3,-0.98,-0.45,17.15
2023-12-30 20:50:01,14.40,1511.1,80.3,-0.98,-0.44,17.14
2023-12-30 21:00:01,14.40,1511.1,80.3,-0.98,-0.45,17.14
2023-12-30 21:10:01,14.40,1511.1,80.3,-0.99,-0.44,17.14
2023-12-30 21:20:01,14.40,1511.1,80.3,-0.99,-0.45,17.15
2023-12-30 21:30:01,14.40,1511.1,80.3,-0.99,-0.46,17.17
2023-12-30 21:40:01,14.40,1511.1,80.3,-0.98,-0.46,17.17
2023-12-30 21:50:01,14.40,1511.1,80.3,-0.98,-0.46,17.18
2023-12-30 22:00:01,14.40,1511.1,80.3,-0.98,-0.45,17.17
2023-12-30 22:10:01,14.40,1511.1,80.3,-0.98,-0.44,17.17
2023-12-30 22:20:01,14.40,1511.1,80.3,-0.99,-0.44,17.18
2023-12-30 22:30:01,14.40,1511.1,80.3,-0.98,-0.45,17.18
2023-12-30 22:40:01,14.40,1511.1,80.3,-0.99,-0.45,17.18
2023-12-30 22:50:01,14.40,1511.1,80.3,-0.98,-0.45,17.19
2023-12-30 23:00:01,14.40,1511.1,80.3,-0.98,-0.46,17.19
2023-12-30 23:10:01,14.40,1511.1,80.3,-0.98,-0.46,17.19
2023-12-30 23:20:01,14.40,1511.1,80.3,-0.98,-0.46,17.19
2023-12-30 23:30:01,14.40,1511.1,80.3,-0.97,-0.46,17.19
2023-12-30 23:40:01,14.40,1511.1,80.3,-0.97,-0.46,17.19
2023-12-30 23:50:01,14.40,1511.1,80.3,-0.97,-0.46,17.19
2023-12-31 00:00:01,14.40,1511.1,80.3,-1.10,-0.51,17.19
2023-12-31 00:10:01,14.40,1511.1,80.4,-1.12,-0.51,17.18
2023-12-31 00:20:01,14.40,1511.1,80.4,-1.12,-0.51,17.19
2023-12-31 00:30:01,14.40,1511.1,80.3,-1.12,-0.51,17.18
2023-12-31 00:40:01,14.40,1511.1,80.4,-1.12,-0.51,17.17
2023-12-31 00:50:01,14.40,1511.1,80.3,-1.11,-0.52,17.17
2023-12-31 01:00:01,14.40,1511.1,80.3,-1.11,-0.52,17.17
2023-12-31 01:10:01,14.40,1511.1,80.4,-1.12,-0.52,17.17
2023-12-31 01:20:01,14.40,1511.1,80.4,-1.12,-0.51,17.17
2023-12-31 01:30:01,14.40,1511.1,80.3,-1.11,-0.52,17.16
2023-12-31 01:40:01,14.40,1511.1,80.4,-1.10,-0.52,17.16
2023-12-31 01:50:01,14.40,1511.1,80.4,-1.11,-0.52,17.16
2023-12-31 02:00:01,14.40,1511.1,80.4,-1.10,-0.52,17.16
2023-12-31 02:10:01,14.40,1511.1,80.3,-1.10,-0.51,17.15
2023-12-31 02:20:01,14.40,1511.1,80.3,-1.09,-0.51,17.14
2023-12-31 02:30:01,14.40,1511.1,80.3,-1.10,-0.51,17.14
2023-12-31 02:40:01,14.40,1511.1,80.3,-1.10,-0.51,17.13
2023-12-31 02:50:01,14.40,1511.1,80.3,-1.10,-0.51,17.13
2023-12-31 03:00:01,14.40,1511.1,80.3,-1.10,-0.51,17.12
2023-12-31 03:10:01,14.40,1511.1,80.3,-1.10,-0.51,17.12
2023-12-31 03:20:01,14.40,1511.1,80.3,-1.10,-0.51,17.12
2023-12-31 03:30:01,14.40,1511.1,80.3,-1.09,-0.51,17.12
2023-12-31 03:40:01,14.40,1511.1,80.3,-1.10,-0.51,17.14
2023-12-31 03:50:01,14.40,1511.1,80.3,-1.10,-0.51,17.14
2023-12-31 04:00:01,14.40,1511.1,80.3,-1.10,-0.51,17.14
2023-12-31 04:10:01,14.40,1511.1,80.3,-1.10,-0.52,17.12
2023-12-31 04:20:01,14.40,1511.1,80.3,-1.10,-0.52,17.12
2023-12-31 04:30:01,14.40,1511.1,80.3,-1.10,-0.51,17.14
2023-12-31 04:40:01,14.40,1511.1,80.3,-1.10,-0.51,17.15
2023-12-31 04:50:01,14.40,1511.1,80.3,-1.10,-0.51,17.16
2023-12-31 05:00:01,14.40,1511.1,80.3,-1.10,-0.51,17.17
2023-12-31 05:10:01,14.40,1511.1,80.3,-1.10,-0.51,17.18
2023-12-31 05:20:01,14.40,1511.1,80.3,-1.10,-0.52,17.19
2023-12-31 05:30:01,14.40,1511.1,80.3,-1.10,-0.52,17.21
2023-12-31 05:40:01,14.40,1511.1,80.3,-1.11,-0.52,17.22
2023-12-31 05:50:01,14.40,1511.1,80.3,-1.10,-0.52,17.23
2023-12-31 06:00:01,14.40,1511.1,80.3,-1.10,-0.52,17.23
2023-12-31 06:10:01,14.40,1511.1,80.3,-1.10,-0.52,17.24
2023-12-31 06:20:01,14.40,1511.7,80.3,-1.10,-0.52,17.24
2023-12-31 06:30:01,14.40,1512.3,80.3,-1.10,-0.52,17.25
2023-12-31 06:40:01,14.40,1512.5,80.3,-1.10,-0.51,17.25
2023-12-31 06:50:01,14.40,1512.5,80.3,-1.10,-0.51,17.25
2023-12-31 07:00:01,14.40,1512.6,80.3,-1.10,-0.51,17.26
2023-12-31 07:10:01,14.40,1512.6,80.3,-1.11,-0.52,17.26
2023-12-31 07:20:01,14.40,1512.6,80.3,-1.10,-0.52,17.26
2023-12-31 07:30:01,14.40,1512.6,80.3,-1.10,-0.52,17.26
2023-12-31 07:40:01,14.40,1512.6,80.3,-1.10,-0.51,17.26
2023-12-31 07:50:01,14.40,1512.6,80.3,-1.10,-0.51,17.26
2023-12-31 08:00:01,14.40,1512.6,80.3,-1.10,-0.52,17.26
2023-12-31 08:10:01,14.40,1512.6,80.3,-1.10,-0.52,17.26
2023-12-31 08:20:01,14.40,1512.6,80.3,-1.10,-0.52,17.26
2023-12-31 08:30:01,14.40,1512.6,80.3,-1.10,-0.52,17.26
2023-12-31 08:40:01,14.40,1512.6,80.3,-1.10,-0.51,17.26
2023-12-31 08:50:01,14.40,1512.6,80.3,-1.10,-0.51,17.26
2023-12-31 09:00:01,14.40,1512.6,80.3,-1.10,-0.51,17.26
2023-12-31 09:10:01,14.40,1512.6,80.3,-1.10,-0.52,17.26
2023-12-31 09:20:01,14.40,1512.6,80.3,-1.10,-0.52,17.26
2023-12-31 09:30:01,14.40,1512.6,80.3,-1.10,-0.51,17.26
2023-12-31 09:40:01,14.40,1512.6,80.3,-1.10,-0.52,17.26
2023-12-31 09:50:01,14.40,1512.6,80.3,-1.10,-0.52,17.26
2023-12-31 10:00:01,14.40,1512.5,80.3,-1.10,-0.52,17.25
2023-12-31 10:10:01,14.40,1512.5,80.3,-1.10,-0.51,17.25
2023-12-31 10:20:01,14.40,1512.5,80.3,-1.10,-0.52,17.25
2023-12-31 10:30:01,14.40,1512.5,80.3,-1.10,-0.51,17.25
2023-12-31 10:40:01,14.40,1512.5,80.3,-1.10,-0.50,17.25
2023-12-31 10:50:01,14.40,1512.3,80.3,-1.10,-0.50,17.25
2023-12-31 11:00:01,14.40,1512.1,80.3,-1.10,-0.51,17.25
2023-12-31 11:10:01,14.40,1512.0,80.3,-1.10,-0.51,17.25
2023-12-31 11:20:01,14.40,1512.0,80.3,-1.10,-0.51,17.25
2023-12-31 11:30:01,14.40,1512.0,80.3,-1.10,-0.51,17.25
2023-12-31 11:40:01,14.40,1512.2,80.3,-1.11,-0.50,17.25
2023-12-31 11:50:01,14.40,1512.3,80.3,-1.10,-0.51,17.25
2023-12-31 12:00:01,14.40,1512.5,80.3,-1.11,-0.51,17.25
2023-12-31 12:10:01,14.40,1512.5,80.3,-1.11,-0.51,17.25
2023-12-31 12:20:01,14.40,1512.5,80.3,-1.11,-0.51,17.25
2023-12-31 12:30:01,14.40,1512.6,80.3,-1.11,-0.50,17.26
2023-12-31 12:40:01,14.40,1512.6,80.3,-1.11,-0.51,17.26
2023-12-31 12:50:01,14.40,1512.6,80.3,-1.11,-0.51,17.26
2023-12-31 13:00:01,14.40,1512.6,80.3,-1.11,-0.51,17.26
2023-12-31 13:10:01,14.40,1512.6,80.3,-1.10,-0.51,17.27
2023-12-31 13:20:01,14.40,1512.6,80.3,-1.11,-0.51,17.27
2023-12-31 13:30:01,14.40,1512.6,80.3,-1.11,-0.51,17.27
2023-12-31 13:40:01,14.40,1512.6,80.3,-1.11,-0.51,17.27
2023-12-31 13:50:01,14.40,1512.6,80.3,-1.11,-0.50,17.27
2023-12-31 14:00:01,14.40,1512.6,80.3,-1.11,-0.51,17.28
2023-12-31 14:10:01,14.40,1512.6,80.3,-1.10,-0.51,17.28
2023-12-31 14:20:01,14.40,1512.6,80.3,-1.11,-0.51,17.28
2023-12-31 14:30:01,14.40,1512.6,80.3,-1.11,-0.50,17.28
2023-12-31 14:40:01,14.40,1512.6,80.3,-1.11,-0.51,17.28
2023-12-31 14:50:01,14.40,1512.6,80.3,-1.11,-0.51,17.29
2023-12-31 15:00:01,14.40,1512.6,80.3,-1.11,-0.50,17.29
2023-12-31 15:10:01,14.40,1512.6,80.3,-1.11,-0.51,17.29
2023-12-31 15:20:01,14.40,1512.6,80.3,-1.11,-0.51,17.29
2023-12-31 15:30:01,14.40,1512.6,80.3,-1.11,-0.51,17.29
2023-12-31 15:40:01,14.40,1512.6,80.3,-1.11,-0.51,17.29
2023-12-31 15:50:01,14.40,1512.6,80.3,-1.11,-0.51,17.29
2023-12-31 16:00:01,14.40,1512.6,80.3,-1.11,-0.51,17.30
2023-12-31 16:10:01,14.40,1512.6,80.3,-1.11,-0.50,17.30
2023-12-31 16:20:01,14.40,1512.6,80.3,-1.11,-0.51,17.30
2023-12-31 16:30:01,14.40,1512.6,80.3,-1.11,-0.51,17.30
2023-12-31 16:40:01,14.40,1512.6,80.3,-1.11,-0.51,17.30
2023-12-31 16:50:01,14.40,1512.6,80.3,-1.11,-0.51,17.30
2023-12-31 17:00:01,14.40,1512.6,80.3,-1.11,-0.51,17.30
2023-12-31 17:10:01,14.40,1512.6,80.3,-1.11,-0.51,17.30
2023-12-31 17:20:01,14.40,1512.6,80.3,-1.11,-0.51,17.30
2023-12-31 17:30:01,14.40,1512.6,80.3,-1.11,-0.51,17.30
2023-12-31 17:40:01,14.40,1512.6,80.3,-1.11,-0.51,17.31
2023-12-31 17:50:01,14.40,1512.6,80.3,-1.11,-0.51,17.31
2023-12-31 18:00:01,14.40,1512.6,80.3,-1.11,-0.51,17.31
2023-12-31 18:10:01,14.40,1512.6,80.3,-1.11,-0.51,17.31
2023-12-31 18:20:01,14.40,1512.6,80.3,-1.11,-0.51,17.31
2023-12-31 18:30:01,14.40,1512.6,80.3,-1.11,-0.51,17.31
2023-12-31 18:40:01,14.40,1512.6,80.3,-1.11,-0.51,17.31
2023-12-31 18:50:01,14.40,1512.6,80.3,-1.11,-0.51,17.31
2023-12-31 19:00:01,14.40,1512.6,80.3,-1.11,-0.51,17.31
2023-12-31 19:10:01,14.40,1512.6,80.3,-1.11,-0.51,17.31
2023-12-31 19:20:01,14.40,1512.6,80.3,-1.11,-0.51,17.31
2023-12-31 19:30:01,14.40,1512.6,80.3,-1.11,-0.51,17.31
2023-12-31 19:40:01,14.40,1512.6,80.3,-1.10,-0.51,17.32
2023-12-31 19:50:01,14.40,1512.6,80.4,-1.11,-0.51,17.32
2023-12-31 20:00:01,14.40,1512.6,80.4,-1.11,-0.51,17.32
2023-12-31 20:10:01,14.40,1512.6,80.4,-1.11,-0.51,17.32
2023-12-31 20:20:01,14.40,1512.6,80.4,-1.11,-0.51,17.32
2023-12-31 20:30:01,14.40,1512.6,80.4,-1.11,-0.51,17.32
2023-12-31 20:40:01,14.40,1512.6,80.4,-1.11,-0.51,17.32
2023-12-31 20:50:01,14.40,1512.6,80.4,-1.11,-0.50,17.32
2023-12-31 21:00:01,14.40,1512.6,80.4,-1.11,-0.51,17.32
2023-12-31 21:10:01,14.40,1512.6,80.4,-1.11,-0.51,17.32
2023-12-31 21:20:01,14.40,1512.6,80.4,-1.11,-0.51,17.32
2023-12-31 21:30:01,14.40,1512.6,80.4,-1.11,-0.51,17.32
2023-12-31 21:40:01,14.40,1512.6,80.4,-1.11,-0.51,17.32
2023-12-31 21:50:01,14.40,1512.6,80.4,-1.10,-0.50,17.32
2023-12-31 22:00:01,14.40,1512.6,80.4,-1.11,-0.51,17.32
2023-12-31 22:10:01,14.40,1512.6,80.4,-1.11,-0.51,17.32
2023-12-31 22:20:01,14.40,1512.6,80.4,-1.11,-0.51,17.32
2023-12-31 22:30:01,14.40,1512.6,80.4,-1.11,-0.50,17.32
2023-12-31 22:40:01,14.40,1512.6,80.4,-1.11,-0.51,17.32
2023-12-31 22:50:01,14.40,1512.6,80.4,-1.11,-0.51,17.32
2023-12-31 23:00:01,14.40,1512.6,80.4,-1.11,-0.51,17.33
2023-12-31 23:10:01,14.40,1512.6,80.4,-1.11,-0.50,17.33
2023-12-31 23:20:01,14.40,1512.6,80.4,-1.11,-0.51,17.33
2023-12-31 23:30:01,14.40,1512.6,80.4,-1.10,-0.51,17.33
2023-12-31 23:40:01,14.40,1512.6,80.4,-1.11,-0.51,17.33
2023-12-31 23:50:01,14.40,1512.6,80.4,-1.11,-0.51,17.33
2024-01-01 00:00:01,14.40,1512.6,80.4,-1.11,-0.51,17.33
2024-01-01 00:10:01,14.40,1512.6,80.4,-1.10,-0.51,17.33
2024-01-01 00:20:01,14.40,1512.6,80.3,-1.11,-0.51,17.33
2024-01-01 00:30:01,14.40,1512.6,80.4,-1.11,-0.50,17.33
2024-01-01 00:40:01,14.40,1512.6,80.3,-1.11,-0.51,17.33
2024-01-01 00:50:01,14.40,1512.6,80.3,-1.11,-0.51,17.33
2024-01-01 01:00:01,14.40,1512.6,80.3,-1.11,-0.51,17.33
2024-01-01 01:10:01,14.40,1512.6,80.3,-1.11,-0.51,17.33
2024-01-01 01:20:01,14.40,1512.6,80.3,-1.11,-0.51,17.33
2024-01-01 01:30:01,14.40,1512.6,80.3,-1.11,-0.51,17.33
2024-01-01 01:40:01,14.40,1512.6,80.3,-1.11,-0.51,17.33
2024-01-01 01:50:01,14.40,1512.6,80.3,-1.11,-0.51,17.33
2024-01-01 02:00:01,14.40,1512.6,80.3,-1.11,-0.51,17.33
2024-01-01 02:10:01,14.40,1512.6,80.3,-1.11,-0.51,17.33
2024-01-01 02:20:01,14.40,1512.6,80.3,-1.11,-0.51,17.33
2024-01-01 02:30:01,14.40,1512.6,80.3,-1.11,-0.51,17.33
2024-01-01 02:40:01,14.40,1512.6,80.3,-1.11,-0.51,17.33
2024-01-01 02:50:01,14.40,1512.6,80.3,-1.11,-0.51,17.33
2024-01-01 03:00:01,14.40,1512.6,80.3,-1.11,-0.51,17.33
2024-01-01 03:10:01,14.40,1512.6,80.3,-1.11,-0.50,17.33
2024-01-01 03:20:01,14.40,1512.6,80.3,-1.11,-0.51,17.34
2024-01-01 03:30:01,14.40,1512.6,80.3,-1.11,-0.51,17.34
2024-01-01 03:40:01,14.40,1512.6,80.3,-1.11,-0.51,17.34
2024-01-01 03:50:01,14.40,1512.6,80.3,-1.11,-0.51,17.34
2024-01-01 04:00:01,14.40,1512.6,80.3,-1.11,-0.51,17.34
2024-01-01 04:10:01,14.40,1512.6,80.3,-1.11,-0.51,17.34
2024-01-01 04:20:01,14.40,1512.6,80.3,-1.11,-0.51,17.34
2024-01-01 04:30:01,14.40,1512.6,80.3,-1.11,-0.51,17.34
2024-01-01 04:40:01,14.40,1512.6,80.3,-1.11,-0.51,17.34
2024-01-01 04:50:01,14.40,1512.6,80.3,-1.12,-0.51,17.34
2024-01-01 05:00:01,14.40,1512.6,80.3,-1.11,-0.51,17.34
2024-01-01 05:10:01,14.40,1512.6,80.3,-1.11,-0.51,17.34
2024-01-01 05:20:01,14.40,1512.6,80.3,-1.11,-0.51,17.34
2024-01-01 05:30:01,14.40,1512.6,80.3,-1.11,-0.51,17.34
2024-01-01 05:40:01,14.40,1512.6,80.3,-1.11,-0.51,17.34
2024-01-01 05:50:01,14.40,1512.6,80.3,-1.11,-0.51,17.34
2024-01-01 06:00:01,14.40,1512.6,80.3,-1.11,-0.51,17.34
2024-01-01 06:10:01,14.40,1512.6,80.3,-1.11,-0.51,17.34
2024-01-01 06:20:01,14.40,1512.6,80.3,-1.11,-0.51,17.34
2024-01-01 06:30:01,14.40,1512.6,80.3,-1.11,-0.51,17.34
2024-01-01 06:40:01,14.40,1512.6,80.3,-1.11,-0.51,17.34
2024-01-01 06:50:01,14.40,1512.6,80.3,-1.11,-0.51,17.34
2024-01-01 07:00:01,14.40,1512.6,80.3,-1.11,-0.51,17.34
2024-01-01 07:10:01,14.40,1512.6,80.3,-1.11,-0.50,17.34
2024-01-01 07:20:01,14.40,1512.6,80.3,-1.11,-0.51,17.34
2024-01-01 07:30:01,14.40,1512.6,80.3,-1.11,-0.51,17.34
2024-01-01 07:40:01,14.40,1512.6,80.3,-1.11,-0.51,17.34
2024-01-01 07:50:01,14.40,1512.6,80.3,-1.11,-0.51,17.34
2024-01-01 08:00:01,14.40,1512.6,80.3,-1.11,-0.51,17.34
2024-01-01 08:10:01,14.40,1512.6,80.3,-1.11,-0.51,17.34
2024-01-01 08:20:01,14.40,1512.6,80.3,-1.11,-0.50,17.34
2024-01-01 08:30:01,14.40,1512.6,80.3,-1.11,-0.51,17.34
2024-01-01 08:40:01,14.40,1512.6,80.3,-1.11,-0.51,17.34
2024-01-01 08:50:01,14.40,1512.6,80.3,-1.11,-0.51,17.34
2024-01-01 09:00:01,14.40,1512.6,80.3,-1.11,-0.51,17.34
2024-01-01 09:10:01,14.40,1512.6,80.3,-1.11,-0.51,17.34
2024-01-01 09:20:01,14.40,1512.6,80.3,-1.11,-0.51,17.34
2024-01-01 09:30:01,14.40,1512.6,80.3,-1.11,-0.51,17.34
2024-01-01 09:45:06,14.40,1512.6,80.3,-1.11,-0.51,17.34
2024-01-01 09:55:06,14.40,1512.6,80.3,-1.11,-0.51,17.34
2024-01-01 10:05:06,14.40,1512.6,80.3,-1.11,-0.51,17.34
2024-01-01 10:15:06,14.40,1512.6,80.3,-1.11,-0.50,17.34
2024-01-01 10:25:06,14.40,1512.6,80.3,-1.11,-0.51,17.34
2024-01-01 10:35:06,14.40,1512.6,80.3,-1.11,-0.51,17.34
2024-01-01 10:45:06,14.40,1512.6,80.3,-1.12,-0.51,17.34
2024-01-01 10:55:06,14.40,1512.6,80.3,-1.11,-0.51,17.34
2024-01-01 11:05:06,14.40,1512.6,80.3,-1.11,-0.51,17.34
2024-01-01 11:15:06,14.40,1512.6,80.3,-1.11,-0.51,17.34
2024-01-01 11:25:06,14.40,1512.6,80.3,-1.11,-0.50,17.34
2024-01-01 11:35:06,14.40,1512.6,80.3,-1.11,-0.51,17.34
2024-01-01 11:45:06,14.40,1512.6,80.3,-1.11,-0.51,17.34
2024-01-01 11:55:06,14.40,1512.6,80.3,-1.11,-0.51,17.34
2024-01-01 12:05:06,14.40,1512.6,80.3,-1.11,-0.51,17.34
2024-01-01 12:15:06,14.40,1512.6,80.3,-1.11,-0.51,17.34
2024-01-01 12:25:06,14.40,1512.6,80.3,-1.11,-0.51,17.34
2024-01-01 12:35:06,14.40,1512.6,80.3,-1.11,-0.51,17.34
2024-01-01 12:45:06,14.40,1512.6,80.3,-1.11,-0.51,17.34
2024-01-01 12:55:06,14.40,1512.6,80.3,-1.11,-0.51,17.34
2024-01-01 13:05:06,14.40,1512.6,80.3,-1.11,-0.51,17.34
2024-01-01 13:15:06,14.40,1512.6,80.3,-1.11,-0.51,17.34
2024-01-01 13:25:06,14.40,1512.6,80.3,-1.11,-0.51,17.34
2024-01-01 13:35:06,14.40,1512.6,80.3,-1.11,-0.51,17.34
2024-01-01 13:45:06,14.40,1512.6,80.3,-1.11,-0.51,17.34
2024-01-01 13:55:06,14.40,1512.6,80.3,-1.11,-0.51,17.34
2024-01-01 14:05:06,14.40,1512.6,80.3,-1.11,-0.51,17.34
2024-01-01 14:15:06,14.40,1512.6,80.3,-1.11,-0.51,17.34
2024-01-01 14:25:06,14.40,1512.6,80.3,-1.11,-0.51,17.34
2024-01-01 14:35:06,14.40,1512.6,80.3,-1.11,-0.51,17.34
2024-01-01 14:45:06,14.40,1512.6,80.3,-1.11,-0.50,17.33
2024-01-01 14:55:06,14.40,1512.6,80.3,-1.11,-0.51,17.33
2024-01-01 15:05:06,14.40,1512.6,80.3,-1.11,-0.50,17.33
2024-01-01 15:15:06,14.40,1512.6,80.3,-1.11,-0.51,17.33
2024-01-01 15:25:06,14.40,1512.6,80.3,-1.11,-0.51,17.33
2024-01-01 15:35:06,14.40,1512.6,80.3,-1.11,-0.51,17.33
2024-01-01 15:45:06,14.40,1512.6,80.3,-1.11,-0.51,17.33
2024-01-01 15:55:06,14.40,1512.6,80.2,-1.11,-0.51,17.33
2024-01-01 16:05:06,14.40,1512.6,80.3,-1.11,-0.51,17.33
2024-01-01 16:15:06,14.40,1512.6,80.3,-1.12,-0.51,17.32
2024-01-01 16:25:06,14.40,1512.6,80.3,-1.11,-0.51,17.32
2024-01-01 16:35:06,14.40,1512.6,80.3,-1.11,-0.51,17.32
2024-01-01 16:45:06,14.40,1512.6,80.2,-1.11,-0.51,17.32
2024-01-01 16:55:06,14.40,1512.6,80.3,-1.11,-0.51,17.32
2024-01-01 17:05:06,14.40,1512.6,80.2,-1.11,-0.51,17.32
2024-01-01 17:15:06,14.40,1512.6,80.2,-1.11,-0.50,17.32
2024-01-01 17:25:06,14.40,1512.6,80.3,-1.11,-0.51,17.31
2024-01-01 17:35:06,14.40,1512.6,80.2,-1.11,-0.51,17.31
2024-01-01 17:45:06,14.40,1512.6,80.2,-1.11,-0.50,17.31
2024-01-01 17:55:06,14.40,1512.6,80.3,-1.11,-0.51,17.31
2024-01-01 18:05:06,14.40,1512.6,80.3,-1.11,-0.51,17.31
2024-01-01 18:15:06,14.40,1512.6,80.3,-1.11,-0.51,17.31
2024-01-01 18:25:06,14.40,1512.6,80.3,-1.11,-0.50,17.31
2024-01-01 18:35:06,14.40,1512.6,80.3,-1.12,-0.51,17.30
2024-01-01 18:45:06,14.40,1512.6,80.3,-1.11,-0.51,17.30
2024-01-01 18:55:06,14.40,1512.6,80.4,-1.11,-0.51,17.30
2024-01-01 19:05:06,14.40,1512.6,80.4,-1.11,-0.51,17.30
2024-01-01 19:15:06,14.40,1512.6,80.4,-1.11,-0.51,17.30
2024-01-01 19:25:06,14.40,1512.6,80.4,-1.11,-0.51,17.30
2024-01-01 19:35:06,14.40,1512.6,80.4,-1.11,-0.51,17.30
2024-01-01 19:45:06,14.40,1512.6,80.4,-1.11,-0.50,17.29
2024-01-01 19:55:06,14.40,1512.6,80.4,-1.11,-0.51,17.29
2024-01-01 20:05:06,14.40,1512.6,80.4,-1.11,-0.51,17.29
2024-01-01 20:15:06,14.40,1512.6,80.4,-1.11,-0.51,17.29
2024-01-01 20:25:06,14.40,1512.6,80.4,-1.11,-0.51,17.29
2024-01-01 20:35:06,14.40,1512.6,80.4,-1.11,-0.51,17.29
2024-01-01 20:45:06,14.40,1512.6,80.4,-1.11,-0.51,17.29
2024-01-01 20:55:06,14.40,1512.6,80.4,-1.11,-0.51,17.28
2024-01-01 21:05:06,14.40,1512.6,80.4,-1.11,-0.51,17.28
2024-01-01 21:15:06,14.40,1512.6,80.4,-1.12,-0.51,17.28
2024-01-01 21:25:06,14.40,1512.6,80.4,-1.11,-0.51,17.28
2024-01-01 21:35:06,14.40,1512.6,80.4,-1.11,-0.50,17.28
2024-01-01 21:45:06,14.40,1512.6,80.4,-1.11,-0.51,17.28
2024-01-01 21:55:06,14.40,1512.6,80.4,-1.11,-0.51,17.28
2024-01-01 22:05:06,14.40,1512.6,80.4,-1.11,-0.50,17.28
2024-01-01 22:15:06,14.40,1512.6,80.4,-1.11,-0.51,17.28
2024-01-01 22:25:06,14.40,1512.6,80.4,-1.11,-0.51,17.28
2024-01-01 22:35:06,14.40,1512.6,80.4,-1.11,-0.51,17.27
2024-01-01 22:45:06,14.40,1512.6,80.4,-1.11,-0.51,17.27
2024-01-01 22:55:06,14.40,1512.6,80.4,-1.11,-0.51,17.27
2024-01-01 23:05:06,14.40,1512.6,80.4,-1.11,-0.50,17.27
2024-01-01 23:15:06,14.40,1512.6,80.4,-1.11,-0.51,17.27
2024-01-01 23:25:06,14.40,1512.6,80.4,-1.11,-0.51,17.27
2024-01-01 23:35:06,14.40,1512.6,80.4,-1.11,-0.51,17.27
2024-01-01 23:45:06,14.40,1512.6,80.4,-1.11,-0.51,17.27
2024-01-01 23:55:06,14.40,1512.6,80.4,-1.11,-0.51,17.27
2024-01-02 00:05:06,14.40,1512.6,80.4,-1.11,-0.51,17.27
2024-01-02 00:15:06,14.40,1512.6,80.3,-1.11,-0.51,17.27
2024-01-02 00:25:06,14.40,1512.6,80.3,-1.11,-0.51,17.27
2024-01-02 00:35:06,14.40,1512.6,80.3,-1.11,-0.51,17.27
2024-01-02 00:45:06,14.40,1512.6,80.3,-1.11,-0.51,17.27
2024-01-02 00:55:06,14.40,1512.6,80.3,-1.11,-0.51,17.27
2024-01-02 01:05:06,14.40,1512.6,80.3,-1.11,-0.51,17.27
2024-01-02 01:15:06,14.40,1512.6,80.3,-1.11,-0.51,17.27
2024-01-02 01:25:06,14.40,1512.6,80.3,-1.11,-0.51,17.27
2024-01-02 01:35:06,14.40,1512.6,80.3,-1.11,-0.51,17.27
2024-01-02 01:45:06,14.40,1512.6,80.3,-1.11,-0.51,17.27
2024-01-02 01:55:06,14.40,1512.6,80.3,-1.11,-0.50,17.28
2024-01-02 02:05:06,14.40,1512.6,80.3,-1.11,-0.50,17.28
2024-01-02 02:15:06,14.40,1512.6,80.3,-1.11,-0.51,17.28
2024-01-02 02:25:06,14.40,1512.6,80.4,-1.11,-0.51,17.28
2024-01-02 02:35:06,14.40,1512.6,80.4,-1.11,-0.51,17.28
2024-01-02 02:45:06,14.40,1512.6,80.4,-1.11,-0.51,17.28
2024-01-02 02:55:06,14.40,1512.6,80.3,-1.11,-0.50,17.28
2024-01-02 03:05:06,14.40,1512.6,80.3,-1.11,-0.51,17.28
2024-01-02 03:15:06,14.40,1512.6,80.3,-1.11,-0.51,17.28
2024-01-02 03:25:06,14.40,1512.6,80.3,-1.11,-0.50,17.28
2024-01-02 03:35:06,14.40,1512.6,80.3,-1.11,-0.50,17.28
2024-01-02 03:45:06,14.40,1512.6,80.3,-1.11,-0.51,17.28
2024-01-02 03:55:06,14.40,1512.6,80.3,-1.11,-0.50,17.28
2024-01-02 04:05:06,14.40,1512.6,80.3,-1.11,-0.51,17.28
2024-01-02 04:15:06,14.40,1512.6,80.3,-1.11,-0.50,17.28
2024-01-02 04:25:06,14.40,1512.6,80.3,-1.11,-0.51,17.28
2024-01-02 04:35:06,14.40,1512.6,80.3,-1.11,-0.50,17.28
2024-01-02 04:45:06,14.40,1512.6,80.3,-1.11,-0.51,17.28
2024-01-02 04:55:06,14.40,1512.6,80.3,-1.11,-0.51,17.28
2024-01-02 05:05:06,14.40,1512.6,80.3,-1.11,-0.51,17.28
2024-01-02 05:15:06,14.40,1512.6,80.3,-1.11,-0.51,17.28
2024-01-02 05:25:06,14.40,1512.6,80.3,-1.11,-0.51,17.28
2024-01-02 05:35:06,14.40,1512.6,80.3,-1.11,-0.51,17.28
2024-01-02 05:45:06,14.40,1512.6,80.3,-1.11,-0.51,17.28
2024-01-02 05:55:06,14.40,1512.6,80.3,-1.11,-0.51,17.28
2024-01-02 06:05:06,14.40,1512.6,80.3,-1.11,-0.50,17.28
2024-01-02 06:15:06,14.40,1512.6,80.3,-1.11,-0.51,17.28
2024-01-02 06:25:06,14.40,1512.6,80.3,-1.11,-0.51,17.28
2024-01-02 06:35:06,14.40,1512.6,80.3,-1.11,-0.51,17.28
2024-01-02 06:45:06,14.40,1512.6,80.3,-1.11,-0.51,17.28
2024-01-02 06:55:06,14.40,1512.6,80.3,-1.11,-0.51,17.28
2024-01-02 07:05:06,14.40,1512.6,80.3,-1.11,-0.51,17.28
2024-01-02 07:15:06,14.40,1512.6,80.3,-1.11,-0.50,17.28
2024-01-02 07:25:06,14.40,1512.6,80.3,-1.11,-0.50,17.28
2024-01-02 07:35:06,14.40,1512.6,80.3,-1.11,-0.50,17.28
2024-01-02 07:45:06,14.40,1512.6,80.3,-1.11,-0.50,17.28
2024-01-02 07:55:06,14.40,1512.6,80.3,-1.11,-0.50,17.28
2024-01-02 08:05:06,14.40,1512.6,80.3,-1.11,-0.50,17.28
2024-01-02 08:15:06,14.40,1512.6,80.3,-1.11,-0.50,17.28
2024-01-02 08:25:06,14.40,1512.6,80.3,-1.11,-0.50,17.28
2024-01-02 08:35:06,14.40,1512.6,80.3,-1.11,-0.51,17.28
2024-01-02 08:45:06,14.40,1512.6,80.3,-1.11,-0.50,17.28
2024-01-02 08:55:06,14.40,1512.6,80.3,-1.11,-0.51,17.28
2024-01-02 09:05:06,14.40,1512.6,80.3,-1.11,-0.51,17.28
2024-01-02 09:15:06,14.40,1512.6,80.3,-1.11,-0.50,17.27
2024-01-02 09:25:06,14.40,1512.6,80.3,-1.11,-0.51,17.27
2024-01-02 09:35:06,14.40,1512.6,80.3,-1.11,-0.51,17.27
2024-01-02 09:45:06,14.40,1512.6,80.3,-1.11,-0.50,17.27
2024-01-02 09:55:06,14.40,1512.6,80.3,-1.11,-0.51,17.27
2024-01-02 10:05:06,14.40,1512.6,80.3,-1.11,-0.51,17.27
2024-01-02 10:15:06,14.40,1512.6,80.3,-1.11,-0.51,17.27
2024-01-02 10:25:06,14.40,1512.6,80.3,-1.11,-0.50,17.27
2024-01-02 10:35:06,14.40,1512.6,80.3,-1.11,-0.51,17.27
2024-01-02 10:45:06,14.40,1512.6,80.3,-1.11,-0.51,17.27
2024-01-02 10:55:06,14.40,1512.6,80.3,-1.11,-0.51,17.26
2024-01-02 11:05:06,14.40,1512.6,80.3,-1.11,-0.51,17.26
2024-01-02 11:15:06,14.40,1512.6,80.3,-1.11,-0.51,17.26
2024-01-02 11:25:06,14.40,1512.6,80.3,-1.11,-0.51,17.26
2024-01-02 11:35:06,14.40,1512.6,80.3,-1.11,-0.51,17.26
2024-01-02 11:45:06,14.40,1512.6,80.3,-1.11,-0.51,17.26
2024-01-02 11:55:06,14.40,1512.6,80.4,-1.11,-0.50,17.26
2024-01-02 12:05:06,14.40,1512.6,80.3,-1.11,-0.51,17.26
2024-01-02 12:15:06,14.40,1512.5,80.3,-1.11,-0.51,17.25
2024-01-02 12:25:06,14.40,1512.5,80.3,-1.11,-0.50,17.25
2024-01-02 12:35:06,14.40,1512.5,80.3,-1.11,-0.51,17.25
2024-01-02 12:45:06,14.40,1512.4,80.3,-1.11,-0.50,17.25
2024-01-02 12:55:06,14.40,1512.4,80.3,-1.11,-0.51,17.25
2024-01-02 13:05:06,14.40,1512.2,80.3,-1.11,-0.50,17.25
2024-01-02 13:15:06,14.40,1511.7,80.3,-1.11,-0.50,17.24
2024-01-02 13:25:06,14.40,1511.2,80.3,-1.11,-0.51,17.24
2024-01-02 13:35:06,14.40,1511.1,80.3,-1.11,-0.51,17.24
2024-01-02 13:45:06,14.40,1511.1,80.3,-1.11,-0.51,17.24
2024-01-02 13:55:06,14.40,1511.1,80.3,-1.11,-0.51,17.23
2024-01-02 14:05:06,14.40,1511.1,80.3,-1.11,-0.51,17.23
2024-01-02 14:15:06,14.40,1511.1,80.3,-1.11,-0.51,17.23
2024-01-02 14:25:06,14.40,1511.1,80.3,-1.10,-0.51,17.23
2024-01-02 14:35:06,14.40,1511.1,80.3,-1.10,-0.51,17.22
2024-01-02 14:45:06,14.40,1511.1,80.3,-1.11,-0.51,17.22
2024-01-02 14:55:06,14.40,1511.1,80.3,-1.10,-0.51,17.21
2024-01-02 15:05:06,14.40,1511.1,80.3,-1.10,-0.50,17.20
2024-01-02 15:15:06,14.40,1511.1,80.3,-1.11,-0.51,17.19
2024-01-02 15:25:06,14.40,1511.1,80.3,-1.10,-0.51,17.18
2024-01-02 15:35:06,14.40,1511.1,80.3,-1.11,-0.51,17.17
2024-01-02 15:45:06,14.40,1511.1,80.3,-1.10,-0.50,17.16
2024-01-02 15:55:06,14.40,1511.1,80.3,-1.10,-0.51,17.15
2024-01-02 16:05:06,14.40,1511.1,80.3,-1.10,-0.51,17.14
2024-01-02 16:15:06,14.40,1511.1,80.3,-1.11,-0.51,17.13
2024-01-02 16:25:06,14.40,1511.1,80.3,-1.10,-0.51,17.12
2024-01-02 16:35:06,14.40,1511.1,80.3,-1.11,-0.51,17.11
2024-01-02 16:45:06,14.40,1511.1,80.3,-1.10,-0.51,17.10
2024-01-02 16:55:06,14.40,1511.1,80.3,-1.10,-0.51,17.10
2024-01-02 17:05:06,14.40,1511.1,80.2,-1.10,-0.51,17.09
2024-01-02 17:15:06,14.40,1511.1,80.2,-1.10,-0.51,17.08
2024-01-02 17:25:06,14.40,1511.1,80.2,-1.11,-0.51,17.07
2024-01-02 17:35:06,14.40,1511.1,80.2,-1.10,-0.51,17.07
2024-01-02 17:45:06,14.40,1511.1,80.2,-1.10,-0.51,17.06
2024-01-02 17:55:06,14.40,1511.1,80.2,-1.11,-0.51,17.06
2024-01-02 18:05:06,14.40,1511.1,80.2,-1.11,-0.51,17.05
2024-01-02 18:15:06,14.40,1511.1,80.2,-1.10,-0.51,17.05
2024-01-02 18:25:06,14.40,1511.1,80.2,-1.10,-0.51,17.04
2024-01-02 18:35:06,14.40,1511.1,80.2,-1.10,-0.51,17.03
2024-01-02 18:45:06,14.40,1511.1,80.3,-1.11,-0.51,17.02
2024-01-02 18:55:06,14.40,1511.1,80.3,-1.10,-0.51,17.02
2024-01-02 19:05:06,14.40,1511.1,80.3,-1.10,-0.51,17.02
2024-01-02 19:15:06,14.40,1511.1,80.3,-1.10,-0.51,17.01
2024-01-02 19:25:06,14.40,1511.1,80.4,-1.11,-0.51,17.01
2024-01-02 19:35:06,14.40,1511.1,80.3,-1.11,-0.51,17.01
2024-01-02 19:45:06,14.40,1511.1,80.4,-1.10,-0.51,17.01
2024-01-02 19:55:06,14.40,1511.1,80.4,-1.11,-0.51,17.02
2024-01-02 20:05:06,14.40,1511.1,80.4,-1.11,-0.51,17.02
2024-01-02 20:15:06,14.40,1511.1,80.4,-1.11,-0.50,17.02
2024-01-02 20:25:06,14.40,1511.1,80.4,-1.10,-0.51,17.02
2024-01-02 20:35:06,14.40,1511.1,80.4,-1.11,-0.50,17.03
2024-01-02 20:45:06,14.40,1511.1,80.4,-1.11,-0.51,17.03
2024-01-02 20:55:06,14.40,1511.1,80.4,-1.11,-0.51,17.03
2024-01-02 21:05:06,14.40,1511.1,80.4,-1.10,-0.51,17.04
2024-01-02 21:15:06,14.40,1511.1,80.4,-1.11,-0.50,17.04
2024-01-02 21:25:06,14.40,1511.1,80.4,-1.10,-0.51,17.04
2024-01-02 21:35:06,14.40,1511.1,80.4,-1.10,-0.51,17.05
2024-01-02 21:45:06,14.40,1511.1,80.4,-1.10,-0.51,17.05
2024-01-02 21:55:06,14.40,1511.1,80.4,-1.10,-0.50,17.05
2024-01-02 22:05:06,14.40,1511.1,80.4,-1.10,-0.50,17.06
2024-01-02 22:15:06,14.40,1511.1,80.4,-1.10,-0.50,17.07
2024-01-02 22:25:06,14.40,1511.1,80.4,-1.10,-0.50,17.07
2024-01-02 22:35:06,14.40,1511.1,80.4,-1.10,-0.50,17.07
2024-01-02 22:45:06,14.40,1511.1,80.4,-1.10,-0.51,17.08
2024-01-02 22:55:06,14.40,1511.1,80.4,-1.11,-0.51,17.08
2024-01-02 23:05:06,14.40,1511.1,80.4,-1.11,-0.51,17.09
2024-01-02 23:15:06,14.40,1511.1,80.4,-1.11,-0.51,17.09
2024-01-02 23:25:06,14.40,1511.1,80.4,-1.11,-0.51,17.10
2024-01-02 23:35:06,14.40,1511.1,80.4,-1.11,-0.51,17.10
2024-01-02 23:45:06,14.40,1511.1,80.4,-1.11,-0.51,17.11
2024-01-02 23:55:06,14.40,1511.1,80.4,-1.11,-0.51,17.11
2024-01-03 00:05:06,14.40,1511.1,80.4,-1.11,-0.51,17.12
2024-01-03 00:15:06,14.40,1511.1,80.4,-1.11,-0.51,17.12
2024-01-03 00:25:06,14.40,1511.1,80.4,-1.10,-0.50,17.13
2024-01-03 00:35:06,14.40,1511.1,80.3,-1.10,-0.50,17.13
2024-01-03 00:45:06,14.40,1511.1,80.3,-1.10,-0.50,17.13
2024-01-03 00:55:06,14.40,1511.1,80.4,-1.11,-0.50,17.14
2024-01-03 01:05:06,14.40,1511.1,80.3,-1.10,-0.50,17.13
2024-01-03 01:15:06,14.40,1511.1,80.3,-1.10,-0.51,17.11
2024-01-03 01:25:06,14.40,1511.1,80.3,-1.10,-0.50,17.07
2024-01-03 01:35:06,14.40,1511.1,80.3,-1.10,-0.50,17.05
2024-01-03 01:45:06,14.40,1511.1,80.3,-1.10,-0.50,17.06
2024-01-03 01:55:06,14.40,1511.1,80.3,-1.10,-0.50,17.05
2024-01-03 02:05:06,14.40,1511.1,80.3,-1.09,-0.50,17.03
2024-01-03 02:15:06,14.40,1511.1,80.3,-1.09,-0.50,17.03
2024-01-03 02:25:06,14.40,1511.1,80.3,-1.10,-0.50,17.03
2024-01-03 02:35:06,14.40,1511.1,80.3,-1.10,-0.50,17.09
2024-01-03 02:45:06,14.40,1511.1,80.3,-1.10,-0.50,17.14
2024-01-03 02:55:06,14.40,1511.1,80.3,-1.10,-0.50,17.13
2024-01-03 03:05:06,14.40,1511.1,80.3,-1.09,-0.50,17.11
2024-01-03 03:15:06,14.40,1511.1,80.3,-1.10,-0.50,17.13
2024-01-03 03:25:06,14.40,1511.1,80.3,-1.09,-0.50,17.13
2024-01-03 03:35:06,14.40,1511.1,80.3,-1.10,-0.50,17.14
2024-01-03 03:45:06,14.40,1511.1,80.3,-1.10,-0.50,17.14
2024-01-03 03:55:06,14.40,1511.1,80.3,-1.10,-0.50,17.13
2024-01-03 04:05:06,14.40,1511.1,80.3,-1.09,-0.50,17.11
2024-01-03 04:15:06,14.40,1511.1,80.3,-1.10,-0.50,17.10
2024-01-03 04:25:06,14.40,1511.1,80.3,-1.09,-0.50,17.09
2024-01-03 04:35:06,14.40,1511.1,80.3,-1.10,-0.50,17.04
2024-01-03 04:45:06,14.40,1511.1,80.3,-1.10,-0.50,17.02
2024-01-03 04:55:06,14.40,1511.1,80.3,-1.09,-0.50,17.01
2024-01-03 05:05:06,14.40,1511.1,80.3,-1.10,-0.50,16.99
2024-01-03 05:15:06,14.40,1511.1,80.3,-1.09,-0.50,17.01
2024-01-03 05:25:06,14.40,1511.1,80.3,-1.10,-0.50,17.02
2024-01-03 05:35:06,14.40,1511.1,80.3,-1.10,-0.50,17.04
2024-01-03 05:45:06,14.40,1511.1,80.3,-1.09,-0.50,17.05
2024-01-03 05:55:06,14.40,1511.1,80.3,-1.09,-0.50,17.05
2024-01-03 06:05:06,14.40,1511.1,80.3,-1.09,-0.50,17.02
2024-01-03 06:15:06,14.40,1511.1,80.3,-1.09,-0.50,16.97
2024-01-03 06:25:06,14.40,1511.1,80.3,-1.09,-0.50,16.94
2024-01-03 06:35:06,14.40,1511.1,80.3,-1.09,-0.50,16.87
2024-01-03 06:45:06,14.40,1511.1,80.4,-1.09,-0.50,16.86
2024-01-03 06:55:06,14.40,1511.1,80.4,-1.09,-0.50,16.90
2024-01-03 07:05:06,14.40,1511.1,80.3,-1.10,-0.50,16.94
2024-01-03 07:15:06,14.40,1511.1,80.3,-1.09,-0.50,16.95
2024-01-03 07:25:06,14.40,1511.1,80.3,-1.09,-0.50,16.97
2024-01-03 07:35:06,14.40,1511.1,80.3,-1.09,-0.50,16.99
2024-01-03 07:45:06,14.40,1511.1,80.3,-1.09,-0.50,17.00
2024-01-03 07:55:06,14.40,1511.1,80.3,-1.08,-0.50,17.02
2024-01-03 08:05:06,14.40,1511.1,80.3,-1.09,-0.50,17.02
2024-01-03 08:15:06,14.40,1511.1,80.3,-1.09,-0.50,17.01
2024-01-03 08:25:06,14.40,1511.1,80.3,-1.09,-0.50,17.02
2024-01-03 08:35:06,14.40,1511.1,80.3,-1.09,-0.50,17.00
2024-01-03 08:45:06,14.40,1511.1,80.3,-1.09,-0.51,16.97
2024-01-03 08:55:06,14.40,1511.1,80.3,-1.08,-0.50,16.97
2024-01-03 09:05:06,14.40,1511.1,80.3,-1.09,-0.50,16.98
2024-01-03 09:15:06,14.40,1511.1,80.3,-1.08,-0.50,16.99
2024-01-03 09:25:06,14.40,1511.1,80.3,-1.09,-0.50,17.00
2024-01-03 09:35:06,14.40,1511.1,80.3,-1.09,-0.50,17.02
2024-01-03 09:45:06,14.40,1511.1,80.3,-1.09,-0.50,17.03
2024-01-03 09:55:06,14.40,1511.1,80.3,-1.09,-0.50,17.04
2024-01-03 10:05:06,14.40,1511.1,80.3,-1.09,-0.50,17.05
2024-01-03 10:15:06,14.40,1511.1,80.3,-1.09,-0.50,17.06
2024-01-03 10:25:06,14.40,1511.1,80.3,-1.09,-0.51,17.07
2024-01-03 10:35:06,14.40,1511.1,80.4,-1.09,-0.50,17.07
2024-01-03 10:45:06,14.40,1511.1,80.4,-1.09,-0.50,17.08
2024-01-03 10:55:06,14.40,1511.1,80.3,-1.08,-0.50,17.09
2024-01-03 11:05:06,14.40,1511.1,80.3,-1.09,-0.50,17.09
2024-01-03 11:15:06,14.40,1511.1,80.3,-1.09,-0.50,17.07
2024-01-03 11:25:06,14.40,1511.1,80.3,-1.09,-0.50,17.06
2024-01-03 11:35:06,14.40,1511.1,80.3,-1.09,-0.51,17.05
2024-01-03 11:45:06,14.40,1511.1,80.3,-1.09,-0.50,17.05
2024-01-03 11:55:06,14.40,1511.1,80.3,-1.08,-0.51,17.03
2024-01-03 12:05:06,14.40,1511.1,80.3,-1.09,-0.50,17.03
2024-01-03 12:15:06,14.40,1511.1,80.3,-1.09,-0.50,17.02
2024-01-03 12:25:06,14.40,1511.1,80.3,-1.08,-0.51,17.02
2024-01-03 12:35:06,14.40,1511.1,80.3,-1.08,-0.50,17.02
2024-01-03 12:45:06,14.40,1511.1,80.3,-1.09,-0.50,17.03
2024-01-03 12:55:06,14.40,1511.1,80.3,-1.09,-0.50,17.03
2024-01-03 13:05:06,14.40,1511.1,80.3,-1.09,-0.51,17.03
2024-01-03 13:15:06,14.40,1511.1,80.3,-1.09,-0.50,17.03
2024-01-03 13:25:06,14.40,1511.1,80.3,-1.09,-0.51,17.04
2024-01-03 13:35:06,14.40,1511.1,80.3,-1.09,-0.50,17.03
2024-01-03 13:45:06,14.40,1511.1,80.3,-1.09,-0.50,17.03
2024-01-03 13:55:06,14.40,1511.1,80.3,-1.08,-0.50,17.02
2024-01-03 14:05:06,14.40,1511.1,80.3,-1.08,-0.50,16.98
2024-01-03 14:15:06,14.40,1511.1,80.3,-1.09,-0.51,16.96
2024-01-03 14:25:06,14.40,1511.1,80.3,-1.09,-0.50,16.95
2024-01-03 14:35:06,14.40,1511.1,80.3,-1.09,-0.51,16.95
2024-01-03 14:45:06,14.40,1511.1,80.3,-1.09,-0.51,16.95
2024-01-03 14:55:06,14.40,1511.1,80.3,-1.08,-0.50,16.95
2024-01-03 15:05:06,14.40,1511.1,80.3,-1.08,-0.50,16.95
2024-01-03 15:15:06,14.40,1511.1,80.3,-1.09,-0.50,16.96
2024-01-03 15:25:06,14.40,1511.1,80.3,-1.09,-0.50,16.97
2024-01-03 15:35:06,14.40,1511.1,80.3,-1.09,-0.50,16.98
2024-01-03 15:45:06,14.40,1511.1,80.3,-1.08,-0.50,16.98
2024-01-03 15:55:06,14.40,1511.1,80.3,-1.09,-0.50,16.99
2024-01-03 16:05:06,14.40,1511.1,80.3,-1.09,-0.50,16.99
2024-01-03 16:15:06,14.40,1511.1,80.3,-1.08,-0.50,17.00
2024-01-03 16:25:06,14.40,1511.1,80.3,-1.08,-0.50,17.00
2024-01-03 16:35:06,14.40,1511.1,80.3,-1.09,-0.50,17.00
2024-01-03 16:45:06,14.40,1511.1,80.2,-1.09,-0.50,17.01
2024-01-03 16:55:06,14.40,1511.1,80.2,-1.08,-0.51,17.01
2024-01-03 17:05:06,14.40,1511.1,80.2,-1.08,-0.50,17.01
2024-01-03 17:15:06,14.40,1511.1,80.3,-1.09,-0.51,17.01
2024-01-03 17:25:06,14.40,1511.1,80.3,-1.09,-0.51,17.01
2024-01-03 17:35:06,14.40,1511.1,80.2,-1.08,-0.50,17.01
2024-01-03 17:45:06,14.40,1511.1,80.2,-1.08,-0.51,17.01
2024-01-03 17:55:06,14.40,1511.1,80.2,-1.08,-0.50,17.01
2024-01-03 18:05:06,14.40,1511.1,80.2,-1.08,-0.50,17.02
2024-01-03 18:15:06,14.40,1511.1,80.3,-1.08,-0.50,17.02
2024-01-03 18:25:06,14.40,1511.1,80.2,-1.08,-0.50,17.03
2024-01-03 18:35:06,14.40,1511.1,80.2,-1.08,-0.50,17.03
2024-01-03 18:45:06,14.40,1511.1,80.3,-1.09,-0.50,17.03
2024-01-03 18:55:06,14.40,1511.1,80.3,-1.08,-0.50,17.04
2024-01-03 19:05:06,14.40,1511.1,80.3,-1.08,-0.51,17.04
2024-01-03 19:15:06,14.40,1511.1,80.3,-1.08,-0.50,17.03
2024-01-03 19:25:06,14.40,1511.1,80.3,-1.08,-0.50,17.04
2024-01-03 19:35:06,14.40,1511.1,80.3,-1.08,-0.50,17.04
2024-01-03 19:45:06,14.40,1511.1,80.3,-1.08,-0.50,17.04
2024-01-03 19:55:06,14.40,1511.1,80.3,-1.08,-0.50,17.04
2024-01-03 20:05:06,14.40,1511.1,80.3,-1.08,-0.50,17.04
2024-01-03 20:15:06,14.40,1511.1,80.4,-1.08,-0.50,17.04
2024-01-03 20:25:06,14.40,1511.1,80.4,-1.08,-0.50,17.04
2024-01-03 20:35:06,14.40,1511.1,80.4,-1.08,-0.50,17.04
2024-01-03 20:45:06,14.40,1511.1,80.4,-1.08,-0.50,17.05
2024-01-03 20:55:06,14.40,1511.1,80.4,-1.08,-0.50,17.05
2024-01-03 21:05:06,14.40,1511.1,80.4,-1.08,-0.50,17.05
2024-01-03 21:15:06,14.40,1511.1,80.4,-1.09,-0.50,17.06
2024-01-03 21:25:06,14.40,1511.1,80.4,-1.08,-0.50,17.06
2024-01-03 21:35:06,14.40,1511.1,80.4,-1.08,-0.50,17.07
2024-01-03 21:45:06,14.40,1511.1,80.4,-1.08,-0.50,17.05
2024-01-03 21:55:06,14.40,1511.1,80.4,-1.08,-0.50,17.04
2024-01-03 22:05:06,14.40,1511.1,80.4,-1.08,-0.50,17.03
2024-01-03 22:15:06,14.40,1511.1,80.4,-1.08,-0.50,17.02
2024-01-03 22:25:06,14.40,1511.1,80.4,-1.08,-0.51,17.00
2024-01-03 22:35:06,14.40,1511.1,80.4,-1.08,-0.50,16.99
2024-01-03 22:45:06,14.40,1511.1,80.4,-1.08,-0.50,16.99
2024-01-03 22:55:06,14.40,1511.1,80.4,-1.08,-0.50,16.96
2024-01-03 23:05:06,14.40,1511.1,80.4,-1.08,-0.50,16.93
2024-01-03 23:15:06,14.40,1511.1,80.4,-1.08,-0.50,16.92
2024-01-03 23:25:06,14.40,1511.1,80.4,-1.08,-0.50,16.88
2024-01-03 23:35:06,14.40,1511.1,80.4,-1.08,-0.50,16.86
2024-01-03 23:45:06,14.40,1511.1,80.4,-1.08,-0.50,16.85
2024-01-03 23:55:06,14.40,1511.1,80.4,-1.08,-0.50,16.85
2024-01-04 00:05:06,14.40,1511.1,80.4,-1.08,-0.50,16.85
2024-01-04 00:15:06,14.40,1511.1,80.3,-1.08,-0.50,16.84
2024-01-04 00:25:06,14.40,1511.1,80.3,-1.08,-0.50,16.83
2024-01-04 00:35:06,14.40,1511.1,80.3,-1.08,-0.50,16.83
2024-01-04 00:45:06,14.40,1511.1,80.4,-1.08,-0.50,16.82
2024-01-04 00:55:06,14.40,1511.1,80.3,-1.08,-0.50,16.82
2024-01-04 01:05:06,14.40,1511.1,80.3,-1.08,-0.50,16.81
2024-01-04 01:15:06,14.40,1511.1,80.4,-1.08,-0.50,16.81
2024-01-04 01:25:06,14.40,1511.1,80.3,-1.08,-0.50,16.82
2024-01-04 01:35:06,14.40,1511.1,80.3,-1.08,-0.50,16.81
2024-01-04 01:45:06,14.40,1511.1,80.3,-1.08,-0.50,16.78
2024-01-04 01:55:06,14.40,1511.1,80.3,-1.08,-0.50,16.77
2024-01-04 02:05:06,14.40,1511.1,80.3,-1.08,-0.50,16.77
2024-01-04 02:15:06,14.40,1510.4,80.3,-1.08,-0.50,16.75
2024-01-04 02:25:06,14.40,1510.7,80.3,-1.08,-0.49,16.75
2024-01-04 02:35:06,14.40,1509.9,80.3,-1.08,-0.49,16.73
2024-01-04 02:45:06,14.40,1509.6,80.3,-1.09,-0.49,16.72
2024-01-04 02:55:06,14.40,1509.6,80.3,-1.09,-0.49,16.71
2024-01-04 03:05:06,14.40,1509.6,80.3,-1.08,-0.50,16.69
2024-01-04 03:15:06,14.40,1509.6,80.3,-1.08,-0.49,16.71
2024-01-04 03:25:06,14.40,1509.6,80.3,-1.09,-0.49,16.66
2024-01-04 03:35:06,14.40,1509.6,80.3,-1.09,-0.49,16.65
2024-01-04 03:45:06,14.40,1509.6,80.3,-1.09,-0.49,16.65
2024-01-04 03:55:06,14.40,1509.6,80.3,-1.09,-0.49,16.66
2024-01-04 04:05:06,14.40,1509.6,80.3,-1.09,-0.48,16.63
2024-01-04 04:15:06,14.40,1509.6,80.3,-1.10,-0.48,16.62
2024-01-04 04:25:06,14.40,1509.6,80.3,-1.09,-0.48,16.62
2024-01-04 04:35:06,14.40,1509.6,80.3,-1.09,-0.48,16.61
2024-01-04 04:45:06,14.40,1509.6,80.3,-1.09,-0.48,16.63
2024-01-04 04:55:06,14.40,1509.6,80.3,-1.10,-0.48,16.60
2024-01-04 05:05:06,14.40,1509.6,80.3,-1.10,-0.48,16.60
2024-01-04 05:15:06,14.40,1509.6,80.3,-1.10,-0.48,16.61
2024-01-04 05:25:06,14.40,1509.6,80.3,-1.09,-0.48,16.59
2024-01-04 05:35:06,14.40,1509.6,80.3,-1.09,-0.49,16.57
2024-01-04 05:45:06,14.40,1509.6,80.3,-1.10,-0.49,16.57
2024-01-04 05:55:06,14.40,1509.6,80.2,-1.10,-0.49,16.60
2024-01-04 06:05:06,14.40,1509.6,80.2,-1.09,-0.49,16.60
2024-01-04 06:15:06,14.40,1509.6,80.2,-1.09,-0.49,16.60
2024-01-04 06:25:06,14.40,1509.6,80.2,-1.09,-0.49,16.62
2024-01-04 06:35:06,14.40,1509.6,80.2,-1.08,-0.48,16.62
2024-01-04 06:45:06,14.40,1509.6,80.2,-1.09,-0.49,16.60
2024-01-04 06:55:06,14.40,1509.6,80.2,-1.09,-0.49,16.62
2024-01-04 07:05:06,14.40,1509.6,80.2,-1.09,-0.49,16.65
2024-01-04 07:15:06,14.40,1509.6,80.2,-1.09,-0.49,16.64
2024-01-04 07:25:06,14.40,1509.6,80.2,-1.08,-0.49,16.64
2024-01-04 07:35:06,14.40,1509.6,80.2,-1.09,-0.49,16.63
2024-01-04 07:45:06,14.40,1509.6,80.2,-1.08,-0.49,16.64
2024-01-04 07:55:06,14.40,1509.6,80.2,-1.09,-0.49,16.66
2024-01-04 08:05:06,14.40,1509.6,80.2,-1.08,-0.50,16.67
2024-01-04 08:15:06,14.40,1509.6,80.2,-1.09,-0.49,16.69
2024-01-04 08:25:06,14.40,1509.6,80.2,-1.10,-0.49,16.69
2024-01-04 08:35:06,14.40,1509.6,80.3,-1.09,-0.50,16.69
2024-01-04 08:45:06,14.40,1509.6,80.3,-1.09,-0.49,16.69
2024-01-04 08:55:06,14.40,1509.6,80.3,-1.09,-0.49,16.69
2024-01-04 09:05:06,14.40,1509.6,80.3,-1.09,-0.50,16.68
2024-01-04 09:15:06,14.40,1509.6,80.3,-1.10,-0.50,16.69
2024-01-04 09:25:06,14.40,1509.6,80.3,-1.10,-0.50,16.69
2024-01-04 09:35:06,14.40,1509.6,80.3,-1.09,-0.50,16.70
2024-01-04 09:45:06,14.40,1509.6,80.3,-1.10,-0.49,16.71
2024-01-04 09:55:06,14.40,1509.6,80.3,-1.09,-0.50,16.71
2024-01-04 10:05:06,14.40,1509.6,80.3,-1.09,-0.50,16.71
2024-01-04 10:15:06,14.40,1509.6,80.3,-1.09,-0.50,16.72
2024-01-04 10:25:06,14.40,1509.6,80.3,-1.09,-0.50,16.72
2024-01-04 10:35:06,14.40,1509.6,80.3,-1.09,-0.50,16.73
2024-01-04 10:45:06,14.40,1509.6,80.3,-1.09,-0.50,16.73
2024-01-04 10:55:06,14.40,1509.6,80.3,-1.09,-0.50,16.73
2024-01-04 11:05:06,14.40,1509.6,80.3,-1.09,-0.50,16.74
2024-01-04 11:15:06,14.40,1509.6,80.3,-1.09,-0.50,16.74
2024-01-04 11:25:06,14.40,1509.7,80.3,-1.09,-0.50,16.74
2024-01-04 11:35:06,14.40,1510.1,80.2,-1.09,-0.49,16.74
2024-01-04 11:45:06,14.40,1510.7,80.3,-1.10,-0.50,16.75
2024-01-04 11:55:06,14.40,1511.0,80.3,-1.10,-0.50,16.75
2024-01-04 12:05:06,14.40,1511.0,80.3,-1.09,-0.50,16.75
2024-01-04 12:15:06,14.40,1511.1,80.3,-1.10,-0.50,16.76
2024-01-04 12:25:06,14.40,1511.1,80.3,-1.09,-0.50,16.76
2024-01-04 12:35:06,14.40,1511.1,80.3,-1.09,-0.50,16.77
2024-01-04 12:45:06,14.40,1511.1,80.3,-1.09,-0.50,16.77
2024-01-04 12:55:06,14.40,1511.1,80.3,-1.10,-0.50,16.78
2024-01-04 13:05:06,14.40,1511.1,80.3,-1.10,-0.50,16.78
2024-01-04 13:15:06,14.40,1511.1,80.3,-1.09,-0.50,16.79
2024-01-04 13:25:06,14.40,1511.1,80.3,-1.09,-0.50,16.79
2024-01-04 13:35:06,14.40,1511.1,80.3,-1.10,-0.50,16.79
2024-01-04 13:45:06,14.40,1511.1,80.3,-1.09,-0.50,16.80
2024-01-04 13:55:06,14.40,1511.1,80.3,-1.10,-0.50,16.80
2024-01-04 14:05:06,14.40,1511.1,80.2,-1.09,-0.50,16.81
2024-01-04 14:15:06,14.40,1511.1,80.3,-1.10,-0.49,16.81
2024-01-04 14:25:06,14.40,1511.1,80.3,-1.10,-0.50,16.81
2024-01-04 14:35:06,14.40,1511.1,80.3,-1.09,-0.50,16.82
2024-01-04 14:45:06,14.40,1511.1,80.2,-1.09,-0.50,16.82
2024-01-04 14:55:06,14.40,1511.1,80.2,-1.09,-0.50,16.83
2024-01-04 15:05:06,14.40,1511.1,80.2,-1.09,-0.50,16.83
2024-01-04 15:15:06,14.40,1511.1,80.2,-1.10,-0.50,16.83
2024-01-04 15:25:06,14.40,1511.1,80.2,-1.09,-0.50,16.84
2024-01-04 15:35:06,14.40,1511.1,80.2,-1.10,-0.50,16.84
2024-01-04 15:45:06,14.40,1511.1,80.2,-1.09,-0.49,16.84
2024-01-04 15:55:06,14.40,1511.1,80.2,-1.10,-0.50,16.84
2024-01-04 16:05:06,14.40,1511.1,80.2,-1.09,-0.50,16.85
2024-01-04 16:15:06,14.40,1511.1,80.2,-1.10,-0.50,16.85
2024-01-04 16:25:06,14.40,1511.1,80.2,-1.09,-0.50,16.85
2024-01-04 16:35:06,14.40,1511.1,80.2,-1.10,-0.49,16.85
2024-01-04 16:45:06,14.40,1511.1,80.2,-1.10,-0.50,16.86
2024-01-04 16:55:06,14.40,1511.1,80.2,-1.10,-0.50,16.86
2024-01-04 17:05:06,14.40,1511.1,80.2,-1.10,-0.50,16.86
2024-01-04 17:15:06,14.40,1511.1,80.2,-1.09,-0.49,16.86
2024-01-04 17:25:06,14.40,1511.1,80.2,-1.10,-0.50,16.86
2024-01-04 17:35:06,14.40,1511.1,80.2,-1.09,-0.50,16.87
2024-01-04 17:45:06,14.40,1511.1,80.1,-1.09,-0.50,16.87
2024-01-04 17:55:06,14.40,1511.1,80.2,-1.10,-0.50,16.87
2024-01-04 18:05:06,14.40,1511.1,80.2,-1.10,-0.50,16.87
2024-01-04 18:15:06,14.40,1511.1,80.2,-1.10,-0.50,16.87
2024-01-04 18:25:06,14.40,1511.1,80.2,-1.10,-0.50,16.87
2024-01-04 18:35:06,14.40,1511.1,80.2,-1.10,-0.50,16.88
2024-01-04 18:45:06,14.40,1511.1,80.2,-1.09,-0.50,16.88
2024-01-04 18:55:06,14.40,1511.1,80.2,-1.10,-0.50,16.88
2024-01-04 19:05:06,14.40,1511.1,80.2,-1.10,-0.50,16.88
2024-01-04 19:15:06,14.40,1511.1,80.2,-1.10,-0.50,16.88
2024-01-04 19:25:06,14.40,1511.1,80.2,-1.10,-0.50,16.88
2024-01-04 19:35:06,14.40,1511.1,80.2,-1.10,-0.50,16.88
2024-01-04 19:45:06,14.40,1511.1,80.2,-1.10,-0.50,16.88
2024-01-04 19:55:06,14.40,1511.1,80.3,-1.10,-0.50,16.89
2024-01-04 20:05:06,14.40,1511.1,80.3,-1.10,-0.50,16.89
2024-01-04 20:15:06,14.40,1511.1,80.3,-1.10,-0.50,16.89
2024-01-04 20:25:06,14.40,1511.1,80.3,-1.10,-0.50,16.89
2024-01-04 20:35:06,14.40,1511.1,80.3,-1.10,-0.50,16.89
2024-01-04 20:45:06,14.40,1511.1,80.3,-1.10,-0.50,16.89
2024-01-04 20:55:06,14.40,1511.1,80.3,-1.09,-0.50,16.89
2024-01-04 21:05:06,14.40,1511.1,80.3,-1.10,-0.50,16.89
2024-01-04 21:15:06,14.40,1511.1,80.3,-1.10,-0.50,16.90
2024-01-04 21:25:06,14.40,1511.1,80.3,-1.10,-0.50,16.90
2024-01-04 21:35:06,14.40,1511.1,80.3,-1.09,-0.50,16.90
2024-01-04 21:45:06,14.40,1511.1,80.3,-1.10,-0.50,16.90
2024-01-04 21:55:06,14.40,1511.1,80.3,-1.10,-0.50,16.90
2024-01-04 22:05:06,14.40,1511.1,80.3,-1.10,-0.50,16.90
2024-01-04 22:15:06,14.40,1511.1,80.3,-1.10,-0.50,16.90
2024-01-04 22:25:06,14.40,1511.1,80.3,-1.10,-0.50,16.90
2024-01-04 22:35:06,14.40,1511.1,80.3,-1.10,-0.50,16.90
2024-01-04 22:45:06,14.40,1511.1,80.3,-1.10,-0.50,16.91
2024-01-04 22:55:06,14.40,1511.1,80.3,-1.10,-0.50,16.91
2024-01-04 23:05:06,14.40,1511.1,80.3,-1.09,-0.50,16.91
2024-01-04 23:15:06,14.40,1511.1,80.3,-1.10,-0.50,16.91
2024-01-04 23:25:06,14.40,1511.1,80.3,-1.10,-0.50,16.91
2024-01-04 23:35:06,14.40,1511.1,80.3,-1.10,-0.50,16.91
2024-01-04 23:45:06,14.40,1511.1,80.3,-1.09,-0.50,16.91
2024-01-04 23:55:06,14.40,1511.1,80.3,-1.09,-0.50,16.92
2024-01-05 00:05:06,14.40,1511.1,80.3,-1.10,-0.50,16.92
2024-01-05 00:15:06,14.40,1511.1,80.3,-1.10,-0.50,16.92
2024-01-05 00:25:06,14.40,1511.1,80.3,-1.09,-0.50,16.92
2024-01-05 00:35:06,14.40,1511.1,80.3,-1.10,-0.50,16.92
2024-01-05 00:45:06,14.40,1511.1,80.3,-1.10,-0.50,16.92
2024-01-05 00:55:06,14.40,1511.1,80.3,-1.10,-0.50,16.92
2024-01-05 01:05:06,14.40,1511.1,80.3,-1.10,-0.50,16.92
2024-01-05 01:15:06,14.40,1511.1,80.3,-1.10,-0.50,16.93
2024-01-05 01:25:06,14.40,1511.1,80.3,-1.10,-0.50,16.93
2024-01-05 01:35:06,14.40,1511.1,80.3,-1.09,-0.50,16.93
2024-01-05 01:45:06,14.40,1511.1,80.3,-1.10,-0.50,16.93
2024-01-05 01:55:06,14.40,1511.1,80.3,-1.10,-0.50,16.93
2024-01-05 02:05:06,14.40,1511.1,80.3,-1.10,-0.50,16.93
2024-01-05 02:15:06,14.40,1511.1,80.3,-1.10,-0.50,16.93
2024-01-05 02:25:06,14.40,1511.1,80.3,-1.10,-0.50,16.94
2024-01-05 02:35:06,14.40,1511.1,80.3,-1.10,-0.50,16.94
2024-01-05 02:45:06,14.40,1511.1,80.3,-1.09,-0.50,16.94
2024-01-05 02:55:06,14.40,1511.1,80.3,-1.10,-0.50,16.94
2024-01-05 03:05:06,14.40,1511.1,80.3,-1.10,-0.50,16.94
2024-01-05 03:15:06,14.40,1511.1,80.3,-1.10,-0.50,16.94
2024-01-05 03:25:06,14.40,1511.1,80.3,-1.10,-0.50,16.94
2024-01-05 03:35:06,14.40,1511.1,80.3,-1.10,-0.50,16.95
2024-01-05 03:45:06,14.40,1511.1,80.3,-1.10,-0.50,16.95
2024-01-05 03:55:06,14.40,1511.1,80.3,-1.10,-0.50,16.95
2024-01-05 04:05:06,14.40,1511.1,80.3,-1.10,-0.50,16.95
2024-01-05 04:15:06,14.40,1511.1,80.3,-1.10,-0.50,16.95
2024-01-05 04:25:06,14.40,1511.1,80.3,-1.10,-0.50,16.95
2024-01-05 04:35:06,14.40,1511.1,80.2,-1.10,-0.50,16.95
2024-01-05 04:45:06,14.40,1511.1,80.2,-1.10,-0.50,16.96
2024-01-05 04:55:06,14.40,1511.1,80.2,-1.10,-0.50,16.96
2024-01-05 05:05:06,14.40,1511.1,80.3,-1.10,-0.50,16.96
2024-01-05 05:15:06,14.40,1511.1,80.2,-1.10,-0.50,16.96
2024-01-05 05:25:06,14.40,1511.1,80.2,-1.10,-0.50,16.96
2024-01-05 05:35:06,14.40,1511.1,80.3,-1.10,-0.50,16.96
2024-01-05 05:45:06,14.40,1511.1,80.3,-1.10,-0.50,16.96
2024-01-05 05:55:06,14.40,1511.1,80.3,-1.10,-0.50,16.96
2024-01-05 06:05:06,14.40,1511.1,80.3,-1.10,-0.50,16.97
2024-01-05 06:15:06,14.40,1511.1,80.3,-1.10,-0.50,16.97
2024-01-05 06:25:06,14.40,1511.1,80.2,-1.10,-0.50,16.97
2024-01-05 06:35:06,14.40,1511.1,80.2,-1.10,-0.50,16.97
2024-01-05 06:45:06,14.40,1511.1,80.3,-1.10,-0.50,16.97
2024-01-05 06:55:06,14.40,1511.1,80.3,-1.10,-0.50,16.97
2024-01-05 07:05:06,14.40,1511.1,80.3,-1.10,-0.50,16.97
2024-01-05 07:15:06,14.40,1511.1,80.3,-1.10,-0.50,16.97
2024-01-05 07:25:06,14.40,1511.1,80.3,-1.10,-0.50,16.97
2024-01-05 07:35:06,14.40,1511.1,80.3,-1.10,-0.50,16.98
2024-01-05 07:45:06,14.40,1511.1,80.3,-1.10,-0.50,16.98
2024-01-05 07:55:06,14.40,1511.1,80.3,-1.10,-0.50,16.98
2024-01-05 08:05:06,14.40,1511.1,80.3,-1.10,-0.50,16.98
2024-01-05 08:15:06,14.40,1511.1,80.3,-1.10,-0.49,16.98
2024-01-05 08:25:06,14.40,1511.1,80.3,-1.10,-0.50,16.98
2024-01-05 08:35:06,14.40,1511.1,80.3,-1.10,-0.50,16.98
2024-01-05 08:45:06,14.40,1511.1,80.3,-1.10,-0.50,16.98
2024-01-05 08:55:06,14.40,1511.1,80.3,-1.10,-0.50,16.99
2024-01-05 09:05:06,14.40,1511.1,80.3,-1.10,-0.50,16.99
2024-01-05 09:15:06,14.40,1511.1,80.3,-1.10,-0.50,16.99
2024-01-05 09:25:06,14.40,1511.1,80.3,-1.10,-0.50,16.99
2024-01-05 09:35:06,14.40,1511.1,80.3,-1.10,-0.50,16.99
2024-01-05 09:45:06,14.40,1511.1,80.3,-1.10,-0.50,16.99
2024-01-05 09:55:06,14.40,1511.1,80.3,-1.10,-0.50,16.99
2024-01-05 10:05:06,14.40,1511.1,80.3,-1.10,-0.50,16.99
2024-01-05 10:15:06,14.40,1511.1,80.3,-1.10,-0.50,16.99
2024-01-05 10:25:06,14.40,1511.1,80.3,-1.10,-0.50,16.99
2024-01-05 10:35:06,14.40,1511.1,80.3,-1.10,-0.49,16.99
2024-01-05 10:45:06,14.40,1511.1,80.3,-1.10,-0.50,16.99
2024-01-05 10:55:06,14.40,1511.1,80.3,-1.10,-0.50,17.00
2024-01-05 11:05:06,14.40,1511.1,80.3,-1.10,-0.50,17.00
2024-01-05 11:15:06,14.40,1511.1,80.3,-1.10,-0.50,17.00
2024-01-05 11:25:06,14.40,1511.1,80.3,-1.10,-0.50,17.00
2024-01-05 11:35:06,14.40,1511.1,80.3,-1.10,-0.50,17.00
2024-01-05 11:45:06,14.40,1511.1,80.3,-1.10,-0.50,17.00
2024-01-05 11:55:06,14.40,1511.1,80.3,-1.10,-0.50,17.00
2024-01-05 12:05:06,14.40,1511.1,80.3,-1.10,-0.50,17.00
2024-01-05 12:15:06,14.40,1511.1,80.3,-1.10,-0.50,17.00
2024-01-05 12:25:06,14.40,1511.1,80.3,-1.10,-0.50,17.00
2024-01-05 12:35:06,14.40,1511.1,80.3,-1.09,-0.50,17.00
2024-01-05 12:45:06,14.40,1511.1,80.3,-1.10,-0.50,17.00
2024-01-05 12:55:06,14.40,1511.1,80.3,-1.10,-0.50,17.01
2024-01-05 13:05:06,14.40,1511.1,80.3,-1.10,-0.50,17.01
2024-01-05 13:15:06,14.40,1511.1,80.3,-1.10,-0.50,17.01
2024-01-05 13:25:06,14.40,1511.1,80.3,-1.10,-0.50,17.01
2024-01-05 13:35:06,14.40,1511.1,80.3,-1.10,-0.50,17.01
2024-01-05 13:45:06,14.40,1511.1,80.3,-1.10,-0.50,17.01
2024-01-05 13:55:06,14.40,1511.1,80.2,-1.10,-0.50,17.01
2024-01-05 14:05:06,14.40,1511.1,80.3,-1.10,-0.50,17.01
2024-01-05 14:15:06,14.40,1511.1,80.3,-1.09,-0.50,17.01
2024-01-05 14:25:06,14.40,1511.1,80.2,-1.09,-0.50,17.01
2024-01-05 14:35:06,14.40,1511.1,80.3,-1.09,-0.50,17.01
2024-01-05 14:45:06,14.40,1511.1,80.3,-1.10,-0.50,17.01
2024-01-05 14:55:06,14.40,1511.1,80.3,-1.09,-0.50,17.01
2024-01-05 15:05:06,14.40,1511.1,80.3,-1.10,-0.50,17.01
2024-01-05 15:15:06,14.40,1511.1,80.2,-1.09,-0.50,17.01
2024-01-05 15:25:06,14.40,1511.1,80.2,-1.10,-0.50,17.01
2024-01-05 15:35:06,14.40,1511.1,80.2,-1.10,-0.50,17.01
2024-01-05 15:45:06,14.40,1511.1,80.2,-1.10,-0.50,17.01
2024-01-05 15:55:06,14.40,1511.1,80.2,-1.10,-0.50,17.01
2024-01-05 16:05:06,14.40,1511.1,80.2,-1.09,-0.50,17.01
2024-01-05 16:15:06,14.40,1511.1,80.2,-1.09,-0.50,17.01
2024-01-05 16:25:06,14.40,1511.1,80.2,-1.10,-0.50,17.01
2024-01-05 16:35:06,14.40,1511.1,80.2,-1.10,-0.50,17.01
2024-01-05 16:45:06,14.40,1511.1,80.2,-1.09,-0.50,17.01
2024-01-05 16:55:06,14.40,1511.1,80.2,-1.09,-0.50,17.01
2024-01-05 17:05:06,14.40,1511.1,80.2,-1.09,-0.50,17.01
2024-01-05 17:15:06,14.40,1511.1,80.2,-1.10,-0.49,17.02
2024-01-05 17:25:06,14.40,1511.1,80.2,-1.09,-0.49,17.02
2024-01-05 17:35:06,14.40,1511.1,80.2,-1.10,-0.50,17.02
2024-01-05 17:45:06,14.40,1511.1,80.2,-1.10,-0.50,17.02
2024-01-05 17:55:06,14.40,1511.1,80.2,-1.09,-0.50,17.02
2024-01-05 18:05:06,14.40,1511.1,80.2,-1.09,-0.50,17.02
2024-01-05 18:15:06,14.40,1511.1,80.2,-1.10,-0.49,17.02
2024-01-05 18:25:06,14.40,1511.1,80.2,-1.09,-0.50,17.02
2024-01-05 18:35:06,14.40,1511.1,80.2,-1.10,-0.49,17.02
2024-01-05 18:45:06,14.40,1511.1,80.2,-1.09,-0.50,17.02
2024-01-05 18:55:06,14.40,1511.1,80.3,-1.09,-0.49,17.02
2024-01-05 19:05:06,14.40,1511.1,80.3,-1.09,-0.49,17.02
2024-01-05 19:15:06,14.40,1511.1,80.3,-1.10,-0.50,17.02
2024-01-05 19:25:06,14.40,1511.1,80.3,-1.10,-0.50,17.02
2024-01-05 19:35:06,14.40,1511.1,80.3,-1.09,-0.50,17.01
2024-01-05 19:45:06,14.40,1511.1,80.3,-1.09,-0.50,17.01
2024-01-05 19:55:06,14.40,1511.1,80.3,-1.10,-0.50,17.01
2024-01-05 20:05:06,14.40,1511.1,80.3,-1.09,-0.50,17.01
2024-01-05 20:15:06,14.40,1511.1,80.3,-1.10,-0.50,17.01
2024-01-05 20:25:06,14.40,1511.1,80.3,-1.09,-0.50,17.01
2024-01-05 20:35:06,14.40,1511.1,80.3,-1.09,-0.50,17.01
2024-01-05 20:45:06,14.40,1511.1,80.3,-1.09,-0.50,17.01
2024-01-05 20:55:06,14.40,1511.1,80.3,-1.09,-0.50,17.01
2024-01-05 21:05:06,14.40,1511.1,80.3,-1.10,-0.50,17.01
2024-01-05 21:15:06,14.40,1511.1,80.3,-1.09,-0.50,17.01
2024-01-05 21:25:06,14.40,1511.1,80.3,-1.10,-0.50,17.01
2024-01-05 21:35:06,14.40,1511.1,80.3,-1.09,-0.49,17.01
2024-01-05 21:45:06,14.40,1511.1,80.3,-1.10,-0.50,17.01
2024-01-05 21:55:06,14.40,1511.1,80.3,-1.09,-0.49,17.01
2024-01-05 22:05:06,14.40,1511.1,80.3,-1.10,-0.50,17.01
2024-01-05 22:15:06,14.40,1511.1,80.3,-1.09,-0.50,17.01
2024-01-05 22:25:06,14.40,1511.1,80.3,-1.09,-0.50,17.01
2024-01-05 22:35:06,14.40,1511.1,80.3,-1.10,-0.50,17.01
2024-01-05 22:45:06,14.40,1511.1,80.3,-1.09,-0.50,17.01
2024-01-05 22:55:06,14.40,1511.1,80.3,-1.09,-0.50,17.01
2024-01-05 23:05:06,14.40,1511.1,80.3,-1.09,-0.50,17.01
2024-01-05 23:15:06,14.40,1511.1,80.3,-1.09,-0.50,17.01
2024-01-05 23:25:06,14.40,1511.1,80.3,-1.10,-0.50,17.01
2024-01-05 23:35:06,14.40,1511.1,80.3,-1.09,-0.50,17.01
2024-01-05 23:45:06,14.40,1511.1,80.3,-1.09,-0.50,17.01
2024-01-05 23:55:06,14.40,1511.1,80.3,-1.09,-0.50,17.01
2024-01-06 00:05:06,14.40,1511.1,80.3,-1.10,-0.50,17.01
2024-01-06 00:15:06,14.40,1511.1,80.3,-1.10,-0.50,17.01
2024-01-06 00:25:06,14.40,1511.1,80.3,-1.09,-0.50,17.01
2024-01-06 00:35:06,14.40,1511.1,80.3,-1.09,-0.50,17.01
2024-01-06 00:45:06,14.40,1511.1,80.3,-1.09,-0.50,17.01
2024-01-06 00:55:06,14.40,1511.1,80.3,-1.09,-0.50,17.01
2024-01-06 01:05:06,14.40,1511.1,80.3,-1.09,-0.50,17.01
2024-01-06 01:15:06,14.40,1511.1,80.3,-1.10,-0.50,17.01
2024-01-06 01:25:06,14.40,1511.1,80.3,-1.09,-0.50,17.01
2024-01-06 01:35:06,14.40,1511.1,80.3,-1.09,-0.50,17.01
2024-01-06 01:45:06,14.40,1511.1,80.3,-1.09,-0.50,17.01
2024-01-06 01:55:06,14.40,1511.1,80.3,-1.09,-0.50,17.01
2024-01-06 02:05:06,14.40,1511.1,80.3,-1.10,-0.50,17.01
2024-01-06 02:15:06,14.40,1511.1,80.3,-1.09,-0.50,17.01
2024-01-06 02:25:06,14.40,1511.1,80.3,-1.09,-0.50,17.01
2024-01-06 02:35:06,14.40,1511.1,80.3,-1.10,-0.50,17.01
2024-01-06 02:45:06,14.40,1511.1,80.3,-1.09,-0.49,17.02
2024-01-06 02:55:06,14.40,1511.1,80.3,-1.09,-0.50,17.02
2024-01-06 03:05:06,14.40,1511.1,80.3,-1.09,-0.50,17.02
2024-01-06 03:15:06,14.40,1511.1,80.3,-1.10,-0.50,17.02
2024-01-06 03:25:06,14.40,1511.1,80.3,-1.09,-0.50,17.02
2024-01-06 03:35:06,14.40,1511.1,80.3,-1.09,-0.50,17.02
2024-01-06 03:45:06,14.40,1511.1,80.3,-1.09,-0.50,17.02
2024-01-06 03:55:06,14.40,1511.1,80.3,-1.09,-0.50,17.02
2024-01-06 04:05:06,14.40,1511.1,80.3,-1.10,-0.50,17.02
2024-01-06 04:15:06,14.40,1511.1,80.2,-1.09,-0.49,17.02
2024-01-06 04:25:06,14.40,1511.1,80.2,-1.09,-0.50,17.02
2024-01-06 04:35:06,14.40,1511.1,80.3,-1.09,-0.50,17.02
2024-01-06 04:45:06,14.40,1511.1,80.3,-1.10,-0.50,17.02
2024-01-06 04:55:06,14.40,1511.1,80.3,-1.09,-0.50,17.02
2024-01-06 05:05:06,14.40,1511.1,80.3,-1.10,-0.49,17.02
2024-01-06 05:15:06,14.40,1511.1,80.3,-1.10,-0.50,17.03
2024-01-06 05:25:06,14.40,1511.1,80.3,-1.09,-0.49,17.03
2024-01-06 05:35:06,14.40,1511.1,80.3,-1.09,-0.49,17.03
2024-01-06 05:45:06,14.40,1511.1,80.3,-1.09,-0.50,17.03
2024-01-06 05:55:06,14.40,1511.1,80.3,-1.09,-0.50,17.03
2024-01-06 06:05:06,14.40,1511.1,80.3,-1.09,-0.50,17.03
2024-01-06 06:15:06,14.40,1511.1,80.3,-1.09,-0.50,17.03
2024-01-06 06:25:06,14.40,1511.1,80.3,-1.09,-0.49,17.03
2024-01-06 06:35:06,14.40,1511.1,80.2,-1.10,-0.50,17.03
2024-01-06 06:45:06,14.40,1511.1,80.3,-1.09,-0.49,17.03
2024-01-06 06:55:06,14.40,1511.1,80.3,-1.09,-0.50,17.03
2024-01-06 07:05:06,14.40,1511.1,80.3,-1.09,-0.50,17.03
2024-01-06 07:15:06,14.40,1511.1,80.3,-1.10,-0.49,17.03
2024-01-06 07:25:06,14.40,1511.1,80.2,-1.09,-0.50,17.03
2024-01-06 07:35:06,14.40,1511.1,80.3,-1.10,-0.50,17.03
2024-01-06 07:45:06,14.40,1511.1,80.3,-1.09,-0.50,17.03
2024-01-06 07:55:06,14.40,1511.1,80.3,-1.09,-0.50,17.03
2024-01-06 08:05:06,14.40,1511.1,80.3,-1.10,-0.50,17.03
2024-01-06 08:15:06,14.40,1511.1,80.3,-1.09,-0.50,17.03
2024-01-06 08:25:06,14.40,1511.1,80.3,-1.10,-0.50,17.03
2024-01-06 08:35:06,14.40,1511.1,80.3,-1.09,-0.50,17.03
2024-01-06 08:45:06,14.40,1511.1,80.3,-1.09,-0.50,17.03
2024-01-06 08:55:06,14.40,1511.1,80.3,-1.09,-0.49,17.03
2024-01-06 09:05:06,14.40,1511.1,80.3,-1.09,-0.50,17.03
2024-01-06 09:15:06,14.40,1511.1,80.3,-1.09,-0.50,17.03
2024-01-06 09:25:06,14.40,1511.1,80.3,-1.09,-0.50,17.03
2024-01-06 09:35:06,14.40,1511.1,80.3,-1.09,-0.50,17.03
2024-01-06 09:45:06,14.40,1511.1,80.3,-1.09,-0.50,17.03
2024-01-06 09:55:06,14.40,1511.1,80.3,-1.09,-0.49,17.03
2024-01-06 10:05:06,14.40,1511.1,80.3,-1.09,-0.50,17.03
2024-01-06 10:15:06,14.40,1511.1,80.3,-1.09,-0.50,17.03
2024-01-06 10:25:06,14.40,1511.1,80.3,-1.09,-0.50,17.03
2024-01-06 10:35:06,14.40,1511.1,80.3,-1.09,-0.50,17.03
2024-01-06 10:45:06,14.40,1511.1,80.3,-1.10,-0.50,17.03
2024-01-06 10:55:06,14.40,1511.1,80.3,-1.09,-0.49,17.03
2024-01-06 11:05:06,14.40,1511.1,80.3,-1.09,-0.50,17.03
2024-01-06 11:15:06,14.40,1511.1,80.3,-1.10,-0.50,17.03
2024-01-06 11:25:06,14.40,1511.1,80.3,-1.09,-0.50,17.03
2024-01-06 11:35:06,14.40,1511.1,80.3,-1.09,-0.50,17.03
2024-01-06 11:45:06,14.40,1511.1,80.3,-1.09,-0.50,17.03
2024-01-06 11:55:06,14.40,1511.1,80.3,-1.09,-0.49,17.03
2024-01-06 12:05:06,14.40,1511.1,80.3,-1.10,-0.50,17.02
2024-01-06 12:15:06,14.40,1511.1,80.3,-1.09,-0.50,17.02
2024-01-06 12:25:06,14.40,1511.1,80.3,-1.10,-0.50,17.02
2024-01-06 12:35:06,14.40,1511.1,80.3,-1.09,-0.49,17.02
2024-01-06 12:45:06,14.40,1511.1,80.3,-1.10,-0.50,17.02
2024-01-06 12:55:06,14.40,1511.1,80.3,-1.09,-0.50,17.02
2024-01-06 13:05:06,14.40,1511.1,80.3,-1.09,-0.50,17.02
2024-01-06 13:15:06,14.40,1511.1,80.3,-1.10,-0.50,17.02
2024-01-06 13:25:06,14.40,1511.1,80.3,-1.09,-0.50,17.02
2024-01-06 13:35:06,14.40,1511.1,80.3,-1.09,-0.50,17.02
2024-01-06 13:45:06,14.40,1511.1,80.3,-1.09,-0.50,17.01
2024-01-06 13:55:06,14.40,1511.1,80.3,-1.09,-0.50,17.01
2024-01-06 14:05:06,14.40,1511.1,80.3,-1.09,-0.50,17.01
2024-01-06 14:15:06,14.40,1511.1,80.3,-1.09,-0.49,17.01
2024-01-06 14:25:06,14.40,1511.1,80.2,-1.10,-0.50,17.01
2024-01-06 14:35:06,14.40,1511.1,80.3,-1.09,-0.50,17.01
2024-01-06 14:45:06,14.40,1511.1,80.2,-1.09,-0.50,17.01
2024-01-06 14:55:06,14.40,1511.1,80.2,-1.09,-0.50,17.01
2024-01-06 15:05:06,14.40,1511.1,80.2,-1.09,-0.50,17.00
2024-01-06 15:15:06,14.40,1511.1,80.2,-1.09,-0.50,17.00
2024-01-06 15:25:06,14.40,1511.1,80.2,-1.09,-0.50,17.00
2024-01-06 15:35:06,14.40,1511.1,80.2,-1.09,-0.50,17.00
2024-01-06 15:45:06,14.40,1511.1,80.2,-1.09,-0.50,16.99
2024-01-06 15:55:06,14.40,1511.1,80.2,-1.09,-0.50,16.99
2024-01-06 16:05:06,14.40,1511.1,80.2,-1.10,-0.50,16.99
2024-01-06 16:15:06,14.40,1511.1,80.2,-1.10,-0.50,16.99
2024-01-06 16:25:06,14.40,1511.1,80.2,-1.09,-0.50,16.99
2024-01-06 16:35:06,14.40,1511.1,80.2,-1.09,-0.50,16.98
2024-01-06 16:45:06,14.40,1511.1,80.2,-1.09,-0.50,16.98
2024-01-06 16:55:06,14.40,1511.1,80.2,-1.09,-0.50,16.98
2024-01-06 17:05:06,14.40,1511.1,80.2,-1.09,-0.50,16.97
2024-01-06 17:15:06,14.40,1511.1,80.2,-1.09,-0.50,16.97
2024-01-06 17:25:06,14.40,1511.1,80.2,-1.10,-0.50,16.97
2024-01-06 17:35:06,14.40,1511.1,80.2,-1.09,-0.50,16.97
2024-01-06 17:45:06,14.40,1511.1,80.2,-1.10,-0.50,16.96
2024-01-06 17:55:06,14.40,1511.1,80.2,-1.09,-0.50,16.96
2024-01-06 18:05:06,14.40,1511.1,80.2,-1.09,-0.50,16.96
2024-01-06 18:15:06,14.40,1511.1,80.2,-1.10,-0.50,16.96
2024-01-06 18:25:06,14.40,1511.1,80.2,-1.10,-0.50,16.95
2024-01-06 18:35:06,14.40,1511.1,80.2,-1.10,-0.49,16.95
2024-01-06 18:45:06,14.40,1511.1,80.2,-1.09,-0.49,16.95
2024-01-06 18:55:06,14.40,1511.1,80.2,-1.10,-0.50,16.94
2024-01-06 19:05:06,14.40,1511.1,80.2,-1.10,-0.50,16.94
2024-01-06 19:15:06,14.40,1511.1,80.3,-1.10,-0.50,16.94
2024-01-06 19:25:06,14.40,1511.1,80.3,-1.10,-0.49,16.94
2024-01-06 19:35:06,14.40,1511.1,80.3,-1.10,-0.50,16.93
2024-01-06 19:45:06,14.40,1511.1,80.3,-1.10,-0.50,16.93
2024-01-06 19:55:06,14.40,1511.1,80.3,-1.10,-0.49,16.93
2024-01-06 20:05:06,14.40,1511.1,80.3,-1.10,-0.50,16.93
2024-01-06 20:15:06,14.40,1511.1,80.3,-1.10,-0.49,16.93
2024-01-06 20:25:06,14.40,1511.1,80.3,-1.10,-0.50,16.92
2024-01-06 20:35:06,14.40,1511.1,80.3,-1.10,-0.50,16.92
2024-01-06 20:45:06,14.40,1511.1,80.3,-1.10,-0.49,16.92
2024-01-06 20:55:06,14.40,1511.1,80.3,-1.10,-0.49,16.92
2024-01-06 21:05:06,14.40,1511.1,80.3,-1.10,-0.50,16.92
2024-01-06 21:15:06,14.40,1511.1,80.3,-1.10,-0.49,16.92
2024-01-06 21:25:06,14.40,1511.1,80.3,-1.10,-0.50,16.92
2024-01-06 21:35:06,14.40,1511.1,80.3,-1.10,-0.49,16.91
2024-01-06 21:45:06,14.40,1511.1,80.3,-1.10,-0.50,16.91
2024-01-06 21:55:06,14.40,1511.1,80.3,-1.10,-0.49,16.91
2024-01-06 22:05:06,14.40,1511.1,80.3,-1.10,-0.49,16.91
2024-01-06 22:15:06,14.40,1511.1,80.3,-1.10,-0.50,16.91
2024-01-06 22:25:06,14.40,1511.1,80.3,-1.10,-0.49,16.91
2024-01-06 22:35:06,14.40,1511.1,80.3,-1.10,-0.50,16.91
2024-01-06 22:45:06,14.40,1511.1,80.3,-1.10,-0.50,16.91
2024-01-06 22:55:06,14.40,1511.1,80.3,-1.10,-0.49,16.91
2024-01-06 23:05:06,14.40,1511.1,80.3,-1.10,-0.50,16.91
2024-01-06 23:15:06,14.40,1511.1,80.3,-1.10,-0.50,16.91
2024-01-06 23:25:06,14.40,1511.1,80.3,-1.10,-0.49,16.91
2024-01-06 23:35:06,14.40,1511.1,80.3,-1.10,-0.50,16.91
2024-01-06 23:45:06,14.40,1511.1,80.3,-1.10,-0.50,16.90
2024-01-06 23:55:06,14.40,1511.1,80.3,-1.10,-0.50,16.90
2024-01-07 00:05:06,14.40,1511.1,80.3,-1.10,-0.50,16.90
2024-01-07 00:15:06,14.40,1511.1,80.3,-1.10,-0.50,16.90
2024-01-07 00:25:06,14.40,1511.1,80.3,-1.10,-0.50,16.91
2024-01-07 00:35:06,14.40,1511.1,80.3,-1.10,-0.50,16.91
2024-01-07 00:45:06,14.40,1511.1,80.3,-1.10,-0.49,16.91
2024-01-07 00:55:06,14.40,1511.1,80.3,-1.11,-0.50,16.91
2024-01-07 01:05:06,14.40,1511.1,80.3,-1.10,-0.50,16.91
2024-01-07 01:15:06,14.40,1511.1,80.3,-1.10,-0.50,16.91
2024-01-07 01:25:06,14.40,1511.1,80.3,-1.10,-0.49,16.91
2024-01-07 01:35:06,14.40,1511.1,80.3,-1.10,-0.50,16.91
2024-01-07 01:45:06,14.40,1511.1,80.3,-1.10,-0.49,16.91
2024-01-07 01:55:06,14.40,1511.1,80.3,-1.10,-0.50,16.91
2024-01-07 02:05:06,14.40,1511.1,80.3,-1.10,-0.50,16.91
2024-01-07 02:15:06,14.40,1511.1,80.3,-1.10,-0.50,16.91
2024-01-07 02:25:06,14.40,1511.1,80.3,-1.10,-0.50,16.91
2024-01-07 02:35:06,14.40,1511.1,80.3,-1.10,-0.50,16.91
2024-01-07 02:45:06,14.40,1511.1,80.3,-1.10,-0.50,16.91
2024-01-07 02:55:06,14.40,1511.1,80.3,-1.10,-0.50,16.91
2024-01-07 03:05:06,14.40,1511.1,80.3,-1.10,-0.50,16.91
2024-01-07 03:15:06,14.40,1511.1,80.3,-1.10,-0.49,16.91
2024-01-07 03:25:06,14.40,1511.1,80.3,-1.10,-0.50,16.91
2024-01-07 03:35:06,14.40,1511.1,80.3,-1.10,-0.49,16.92
2024-01-07 03:45:06,14.40,1511.1,80.3,-1.10,-0.50,16.92
2024-01-07 03:55:06,14.40,1511.1,80.3,-1.10,-0.50,16.92
2024-01-07 04:05:06,14.40,1511.1,80.3,-1.10,-0.49,16.92
2024-01-07 04:15:06,14.40,1511.1,80.3,-1.10,-0.50,16.92
2024-01-07 04:25:06,14.40,1511.1,80.3,-1.10,-0.50,16.92
2024-01-07 04:35:06,14.40,1511.1,80.3,-1.10,-0.50,16.92
2024-01-07 04:45:06,14.40,1511.1,80.3,-1.10,-0.49,16.92
2024-01-07 04:55:06,14.40,1511.1,80.3,-1.10,-0.49,16.92
2024-01-07 05:05:06,14.40,1511.1,80.3,-1.10,-0.50,16.92
2024-01-07 05:15:06,14.40,1511.1,80.3,-1.10,-0.50,16.92
2024-01-07 05:25:06,14.40,1511.1,80.3,-1.11,-0.50,16.92
2024-01-07 05:35:06,14.40,1511.1,80.3,-1.10,-0.50,16.93
2024-01-07 05:45:06,14.40,1511.1,80.3,-1.10,-0.50,16.93
2024-01-07 05:55:06,14.40,1511.1,80.2,-1.10,-0.50,16.93
2024-01-07 06:05:06,14.40,1511.1,80.2,-1.10,-0.49,16.93
2024-01-07 06:15:06,14.40,1511.1,80.3,-1.10,-0.50,16.93
2024-01-07 06:25:06,14.40,1511.1,80.3,-1.10,-0.50,16.93
2024-01-07 06:35:06,14.40,1511.1,80.3,-1.10,-0.50,16.93
2024-01-07 06:45:06,14.40,1511.1,80.3,-1.10,-0.49,16.93
2024-01-07 06:55:06,14.40,1511.1,80.3,-1.11,-0.49,16.93
2024-01-07 07:05:06,14.40,1511.1,80.3,-1.10,-0.50,16.93
2024-01-07 07:15:06,14.40,1511.1,80.3,-1.10,-0.50,16.93
2024-01-07 07:25:06,14.40,1511.1,80.3,-1.10,-0.50,16.94
2024-01-07 07:35:06,14.40,1511.1,80.3,-1.10,-0.50,16.94
2024-01-07 07:45:06,14.40,1511.1,80.3,-1.10,-0.50,16.94
2024-01-07 07:55:06,14.40,1511.1,80.3,-1.10,-0.50,16.94
2024-01-07 08:05:06,14.40,1511.1,80.3,-1.10,-0.49,16.94
2024-01-07 08:15:06,14.40,1511.1,80.3,-1.10,-0.49,16.94
2024-01-07 08:25:06,14.40,1511.1,80.3,-1.10,-0.50,16.94
2024-01-07 08:35:06,14.40,1511.1,80.3,-1.10,-0.49,16.94
2024-01-07 08:45:06,14.40,1511.1,80.3,-1.10,-0.50,16.94
2024-01-07 08:55:06,14.40,1511.1,80.3,-1.10,-0.49,16.94
2024-01-07 09:05:06,14.40,1511.1,80.3,-1.10,-0.49,16.94
2024-01-07 09:15:06,14.40,1511.1,80.3,-1.10,-0.50,16.94
2024-01-07 09:25:06,14.40,1511.1,80.3,-1.10,-0.49,16.94
2024-01-07 09:35:06,14.40,1511.1,80.3,-1.10,-0.50,16.95
2024-01-07 09:45:06,14.40,1511.1,80.3,-1.10,-0.50,16.95
2024-01-07 09:55:06,14.40,1511.1,80.3,-1.10,-0.50,16.95
2024-01-07 10:05:06,14.40,1511.1,80.3,-1.10,-0.50,16.95
2024-01-07 10:15:06,14.40,1511.1,80.3,-1.10,-0.50,16.95
2024-01-07 10:25:06,14.40,1511.1,80.3,-1.10,-0.50,16.95
2024-01-07 10:35:06,14.40,1511.1,80.3,-1.10,-0.50,16.95
2024-01-07 10:45:06,14.40,1511.1,80.3,-1.10,-0.50,16.95
2024-01-07 10:55:06,14.40,1511.1,80.3,-1.09,-0.49,16.95
2024-01-07 11:05:06,14.40,1511.1,80.3,-1.10,-0.50,16.95
2024-01-07 11:15:06,14.40,1511.1,80.3,-1.10,-0.50,16.95
2024-01-07 11:25:06,14.40,1511.1,80.3,-1.10,-0.50,16.95
2024-01-07 11:35:06,14.40,1511.1,80.3,-1.10,-0.49,16.95
2024-01-07 11:45:06,14.40,1511.1,80.3,-1.10,-0.50,16.95
2024-01-07 11:55:06,14.40,1511.1,80.3,-1.10,-0.50,16.96
2024-01-07 12:05:06,14.40,1511.1,80.3,-1.10,-0.50,16.96
2024-01-07 12:15:06,14.40,1511.1,80.2,-1.10,-0.49,16.96
2024-01-07 12:25:06,14.40,1511.1,80.2,-1.10,-0.49,16.96
2024-01-07 12:35:06,14.40,1511.1,80.2,-1.10,-0.49,16.96
2024-01-07 12:45:06,14.40,1511.1,80.2,-1.10,-0.49,16.96
2024-01-07 12:55:06,14.40,1511.1,80.3,-1.10,-0.49,16.96
2024-01-07 13:05:06,14.40,1511.1,80.2,-1.09,-0.50,16.96
2024-01-07 13:15:06,14.40,1511.1,80.3,-1.09,-0.49,16.96
2024-01-07 13:25:06,14.40,1511.1,80.3,-1.09,-0.49,16.96
2024-01-07 13:35:06,14.40,1511.1,80.2,-1.10,-0.49,16.96
2024-01-07 13:45:06,14.40,1511.1,80.2,-1.10,-0.50,16.96
2024-01-07 13:55:06,14.40,1511.1,80.2,-1.10,-0.49,16.96
2024-01-07 14:05:06,14.40,1511.1,80.3,-1.10,-0.49,16.96
2024-01-07 14:15:06,14.40,1511.1,80.2,-1.10,-0.50,16.96
2024-01-07 14:25:06,14.40,1511.1,80.2,-1.10,-0.49,16.96
2024-01-07 14:35:06,14.40,1511.1,80.2,-1.10,-0.49,16.96
2024-01-07 14:45:06,14.40,1511.1,80.2,-1.10,-0.50,16.96
2024-01-07 14:55:06,14.40,1511.1,80.2,-1.09,-0.49,16.96
2024-01-07 15:05:06,14.40,1511.1,80.2,-1.09,-0.49,16.96
2024-01-07 15:15:06,14.40,1511.1,80.2,-1.10,-0.49,16.96
2024-01-07 15:25:06,14.40,1511.1,80.2,-1.10,-0.49,16.96
2024-01-07 15:35:06,14.40,1511.1,80.2,-1.10,-0.49,16.96
2024-01-07 15:45:06,14.40,1511.1,80.2,-1.10,-0.49,16.96
2024-01-07 15:55:06,14.40,1511.1,80.2,-1.09,-0.49,16.96
2024-01-07 16:05:06,14.40,1511.1,80.2,-1.10,-0.49,16.96
2024-01-07 16:15:06,14.40,1511.1,80.2,-1.09,-0.49,16.96
2024-01-07 16:25:06,14.40,1511.1,80.2,-1.10,-0.49,16.96
2024-01-07 16:35:06,14.40,1511.1,80.2,-1.10,-0.50,16.96
2024-01-07 16:45:06,14.40,1511.1,80.2,-1.10,-0.49,16.96
2024-01-07 16:55:06,14.40,1511.1,80.2,-1.10,-0.49,16.96
2024-01-07 17:05:06,14.40,1511.1,80.2,-1.10,-0.50,16.96
2024-01-07 17:15:06,14.40,1511.1,80.2,-1.10,-0.49,16.96
2024-01-07 17:25:06,14.40,1511.1,80.2,-1.10,-0.49,16.96
2024-01-07 17:35:06,14.40,1511.1,80.2,-1.10,-0.50,16.96
2024-01-07 17:45:06,14.40,1511.1,80.2,-1.09,-0.49,16.96
2024-01-07 17:55:06,14.40,1511.1,80.2,-1.10,-0.49,16.96
2024-01-07 18:05:06,14.40,1511.1,80.2,-1.10,-0.49,16.96
2024-01-07 18:15:06,14.40,1511.1,80.2,-1.10,-0.49,16.97
2024-01-07 18:25:06,14.40,1511.1,80.2,-1.09,-0.49,16.96
2024-01-07 18:35:06,14.40,1511.1,80.2,-1.10,-0.49,16.97
2024-01-07 18:45:06,14.40,1511.1,80.2,-1.10,-0.49,16.97
2024-01-07 18:55:06,14.40,1511.1,80.2,-1.10,-0.49,16.97
2024-01-07 19:05:06,14.40,1511.1,80.2,-1.10,-0.49,16.97
2024-01-07 19:15:06,14.40,1511.1,80.2,-1.10,-0.49,16.97
2024-01-07 19:25:06,14.40,1511.1,80.3,-1.10,-0.49,16.97
2024-01-07 19:35:06,14.40,1511.1,80.3,-1.10,-0.49,16.97
2024-01-07 19:45:06,14.40,1511.1,80.3,-1.10,-0.49,16.97
2024-01-07 19:55:06,14.40,1511.1,80.3,-1.10,-0.50,16.97
2024-01-07 20:05:06,14.40,1511.1,80.3,-1.10,-0.49,16.97
2024-01-07 20:15:06,14.40,1511.1,80.3,-1.09,-0.49,16.97
2024-01-07 20:25:06,14.40,1511.1,80.3,-1.10,-0.50,16.97
2024-01-07 20:35:06,14.40,1511.1,80.3,-1.10,-0.49,16.97
2024-01-07 20:45:06,14.40,1511.1,80.3,-1.10,-0.49,16.97
2024-01-07 20:55:06,14.40,1511.1,80.3,-1.10,-0.49,16.97
2024-01-07 21:05:06,14.40,1511.1,80.3,-1.09,-0.49,16.97
2024-01-07 21:15:06,14.40,1511.1,80.3,-1.10,-0.50,16.96
2024-01-07 21:25:06,14.40,1511.1,80.3,-1.10,-0.49,16.97
2024-01-07 21:35:06,14.40,1511.1,80.3,-1.09,-0.50,16.96
2024-01-07 21:45:06,14.40,1511.1,80.3,-1.10,-0.49,16.96
2024-01-07 21:55:06,14.40,1511.1,80.3,-1.10,-0.50,16.96
2024-01-07 22:05:06,14.40,1511.1,80.3,-1.10,-0.49,16.96
2024-01-07 22:15:06,14.40,1511.1,80.3,-1.10,-0.49,16.96
2024-01-07 22:25:06,14.40,1511.1,80.3,-1.10,-0.50,16.96
2024-01-07 22:35:06,14.40,1511.1,80.3,-1.10,-0.49,16.96
2024-01-07 22:45:06,14.40,1511.1,80.3,-1.10,-0.49,16.96
2024-01-07 22:55:06,14.40,1511.1,80.3,-1.10,-0.49,16.96
2024-01-07 23:05:06,14.40,1511.1,80.3,-1.10,-0.49,16.96
2024-01-07 23:15:06,14.40,1511.1,80.3,-1.10,-0.49,16.96
2024-01-07 23:25:06,14.40,1511.1,80.3,-1.10,-0.49,16.96
2024-01-07 23:35:06,14.40,1511.1,80.3,-1.10,-0.49,16.96
2024-01-07 23:45:06,14.40,1511.1,80.3,-1.10,-0.49,16.96
2024-01-07 23:55:06,14.40,1511.1,80.3,-1.10,-0.49,16.96
2024-01-08 00:05:06,14.40,1511.1,80.3,-1.10,-0.49,16.96
2024-01-08 00:15:06,14.40,1511.1,80.3,-1.10,-0.49,16.96
2024-01-08 00:25:06,14.40,1511.1,80.3,-1.10,-0.49,16.96
2024-01-08 00:35:06,14.40,1511.1,80.3,-1.10,-0.49,16.96
2024-01-08 00:45:06,14.40,1511.1,80.3,-1.10,-0.49,16.96
2024-01-08 00:55:06,14.40,1511.1,80.3,-1.10,-0.49,16.96
2024-01-08 01:05:06,14.40,1511.1,80.3,-1.10,-0.49,16.96
2024-01-08 01:15:06,14.40,1511.1,80.3,-1.10,-0.49,16.96
2024-01-08 01:25:06,14.40,1511.1,80.3,-1.10,-0.49,16.96
2024-01-08 01:35:06,14.40,1511.1,80.3,-1.10,-0.49,16.96
2024-01-08 01:45:06,14.40,1511.1,80.3,-1.10,-0.49,16.96
2024-01-08 01:55:06,14.40,1511.1,80.3,-1.10,-0.49,16.96
2024-01-08 02:05:06,14.40,1511.1,80.2,-1.09,-0.49,16.96
2024-01-08 02:15:06,14.40,1511.1,80.3,-1.10,-0.49,16.96
2024-01-08 02:25:06,14.40,1511.1,80.3,-1.10,-0.49,16.96
2024-01-08 02:35:06,14.40,1511.1,80.3,-1.10,-0.49,16.96
2024-01-08 02:45:06,14.40,1511.1,80.3,-1.09,-0.49,16.96
2024-01-08 02:55:06,14.40,1511.1,80.2,-1.10,-0.49,16.96
2024-01-08 03:05:06,14.40,1511.1,80.3,-1.10,-0.49,16.96
2024-01-08 03:15:06,14.40,1511.1,80.3,-1.10,-0.49,16.96
2024-01-08 03:25:06,14.40,1511.1,80.3,-1.10,-0.49,16.96
2024-01-08 03:35:06,14.40,1511.1,80.3,-1.10,-0.49,16.96
2024-01-08 03:45:06,14.40,1511.1,80.3,-1.10,-0.49,16.96
2024-01-08 03:55:06,14.40,1511.1,80.3,-1.10,-0.49,16.96
2024-01-08 04:05:06,14.40,1511.1,80.3,-1.10,-0.49,16.96
2024-01-08 04:15:06,14.40,1511.1,80.3,-1.10,-0.49,16.96
2024-01-08 04:25:06,14.40,1511.1,80.3,-1.10,-0.49,16.96
2024-01-08 04:35:06,14.40,1511.1,80.3,-1.10,-0.49,16.96
2024-01-08 04:45:06,14.40,1511.1,80.2,-1.09,-0.49,16.96
2024-01-08 04:55:06,14.40,1511.1,80.3,-1.10,-0.49,16.96
2024-01-08 05:05:06,14.40,1511.1,80.3,-1.10,-0.49,16.96
2024-01-08 05:15:06,14.40,1511.1,80.2,-1.10,-0.49,16.96
2024-01-08 05:25:06,14.40,1511.1,80.3,-1.10,-0.49,16.96
2024-01-08 05:35:06,14.40,1511.1,80.3,-1.10,-0.49,16.96
2024-01-08 05:45:06,14.40,1511.1,80.3,-1.10,-0.49,16.96
2024-01-08 05:55:06,14.40,1511.1,80.3,-1.10,-0.49,16.96
2024-01-08 06:05:06,14.40,1511.1,80.3,-1.10,-0.49,16.96
2024-01-08 06:15:06,14.40,1511.1,80.3,-1.10,-0.49,16.96
2024-01-08 06:25:06,14.40,1511.1,80.3,-1.10,-0.49,16.96
2024-01-08 06:35:06,14.40,1511.1,80.3,-1.10,-0.49,16.96
2024-01-08 06:45:06,14.40,1511.1,80.3,-1.10,-0.49,16.96
2024-01-08 06:55:06,14.40,1511.1,80.3,-1.10,-0.49,16.96
2024-01-08 07:05:06,14.40,1511.1,80.3,-1.10,-0.49,16.96
2024-01-08 07:15:06,14.40,1511.1,80.3,-1.10,-0.49,16.95
2024-01-08 07:25:06,14.40,1511.1,80.3,-1.10,-0.49,16.96
2024-01-08 07:35:06,14.40,1511.1,80.3,-1.10,-0.49,16.95
2024-01-08 07:45:06,14.40,1511.1,80.3,-1.10,-0.49,16.95
2024-01-08 07:55:06,14.40,1511.1,80.3,-1.10,-0.49,16.95
2024-01-08 08:05:06,14.40,1511.1,80.3,-1.10,-0.49,16.96
2024-01-08 08:15:06,14.40,1511.1,80.3,-1.10,-0.49,16.95
2024-01-08 08:25:06,14.40,1511.1,80.3,-1.10,-0.49,16.95
2024-01-08 08:35:06,14.40,1511.1,80.3,-1.10,-0.49,16.95
2024-01-08 08:45:06,14.40,1511.1,80.3,-1.10,-0.50,16.95
2024-01-08 08:55:06,14.40,1511.1,80.3,-1.10,-0.49,16.95
2024-01-08 09:05:06,14.40,1511.1,80.3,-1.10,-0.49,16.95
2024-01-08 09:15:06,14.40,1511.1,80.3,-1.10,-0.49,16.95
2024-01-08 09:25:06,14.40,1511.1,80.3,-1.10,-0.49,16.95
2024-01-08 09:35:06,14.40,1511.1,80.3,-1.10,-0.49,16.96
2024-01-08 09:45:06,14.40,1511.1,80.3,-1.10,-0.49,16.95
2024-01-08 09:55:06,14.40,1511.1,80.3,-1.10,-0.49,16.96
2024-01-08 10:05:06,14.40,1511.1,80.3,-1.10,-0.49,16.96
2024-01-08 10:15:06,14.40,1511.1,80.3,-1.10,-0.49,16.95
2024-01-08 10:25:06,14.40,1511.1,80.3,-1.10,-0.49,16.96
2024-01-08 10:35:06,14.40,1511.1,80.3,-1.10,-0.49,16.96
2024-01-08 10:45:06,14.40,1511.1,80.3,-1.10,-0.49,16.96
2024-01-08 10:55:06,14.40,1511.1,80.3,-1.10,-0.49,16.96
2024-01-08 11:05:06,14.40,1511.1,80.3,-1.10,-0.49,16.96
2024-01-08 11:15:06,14.40,1511.1,80.3,-1.10,-0.49,16.95
2024-01-08 11:25:06,14.40,1511.1,80.3,-1.10,-0.49,16.96
2024-01-08 11:35:06,14.40,1511.1,80.3,-1.10,-0.50,16.96
2024-01-08 11:45:06,14.40,1511.1,80.3,-1.10,-0.49,16.95
2024-01-08 11:55:06,14.40,1511.1,80.3,-1.10,-0.49,16.95
2024-01-08 12:05:06,14.40,1511.1,80.3,-1.09,-0.49,16.95
2024-01-08 12:15:06,14.40,1511.1,80.3,-1.09,-0.49,16.95
2024-01-08 12:25:06,14.40,1511.1,80.3,-1.10,-0.49,16.95
2024-01-08 12:35:06,14.40,1511.1,80.2,-1.10,-0.49,16.95
2024-01-08 12:45:06,14.40,1511.1,80.3,-1.10,-0.49,16.95
2024-01-08 12:55:06,14.40,1511.1,80.2,-1.09,-0.49,16.95
2024-01-08 13:05:06,14.40,1511.1,80.3,-1.10,-0.49,16.95
2024-01-08 13:15:06,14.40,1511.1,80.3,-1.10,-0.50,16.95
2024-01-08 13:25:06,14.40,1511.1,80.3,-1.10,-0.49,16.95
2024-01-08 13:35:06,14.40,1511.1,80.3,-1.10,-0.49,16.95
2024-01-08 13:45:06,14.40,1511.1,80.3,-1.09,-0.49,16.95
2024-01-08 13:55:06,14.40,1511.1,80.3,-1.10,-0.49,16.95
2024-01-08 14:05:06,14.40,1511.1,80.3,-1.10,-0.49,16.95
2024-01-08 14:15:06,14.40,1511.1,80.3,-1.10,-0.49,16.95
2024-01-08 14:25:06,14.39,1511.1,80.2,-1.10,-0.49,16.95
2024-01-08 14:35:06,14.39,1511.1,80.2,-1.10,-0.49,16.95
2024-01-08 14:45:06,14.39,1511.1,80.2,-1.10,-0.50,16.95
2024-01-08 14:55:06,14.40,1511.1,80.2,-1.10,-0.50,16.95
2024-01-08 15:05:06,14.39,1511.1,80.2,-1.10,-0.49,16.95
2024-01-08 15:15:06,14.39,1511.1,80.2,-1.10,-0.49,16.95
2024-01-08 15:25:06,14.39,1511.1,80.2,-1.10,-0.49,16.95
2024-01-08 15:35:06,14.40,1511.1,80.2,-1.10,-0.49,16.95
2024-01-08 15:45:06,14.39,1511.1,80.2,-1.10,-0.49,16.95
2024-01-08 15:55:06,14.39,1511.1,80.2,-1.10,-0.49,16.95
2024-01-08 16:05:06,14.39,1511.1,80.2,-1.10,-0.49,16.95
2024-01-08 16:15:06,14.39,1511.1,80.2,-1.10,-0.49,16.95
2024-01-08 16:25:06,14.39,1511.1,80.2,-1.10,-0.49,16.95
2024-01-08 16:35:06,14.39,1511.1,80.2,-1.10,-0.49,16.95
2024-01-08 16:45:06,14.39,1511.1,80.2,-1.10,-0.49,16.95
2024-01-08 16:55:06,14.39,1511.1,80.2,-1.10,-0.49,16.95
2024-01-08 17:05:06,14.39,1511.1,80.2,-1.10,-0.49,16.95
2024-01-08 17:15:06,14.39,1511.1,80.2,-1.10,-0.49,16.95
2024-01-08 17:25:06,14.39,1511.1,80.2,-1.10,-0.49,16.95
2024-01-08 17:35:06,14.39,1511.1,80.2,-1.10,-0.50,16.95
2024-01-08 17:45:06,14.39,1511.1,80.2,-1.10,-0.49,16.95
2024-01-08 17:55:06,14.39,1511.1,80.2,-1.10,-0.49,16.95
2024-01-08 18:05:06,14.39,1511.1,80.2,-1.10,-0.49,16.95
2024-01-08 18:15:06,14.39,1511.1,80.2,-1.10,-0.49,16.95
2024-01-08 18:25:06,14.39,1511.1,80.2,-1.09,-0.49,16.95
2024-01-08 18:35:06,14.39,1511.1,80.2,-1.10,-0.49,16.95
2024-01-08 18:45:06,14.39,1511.1,80.2,-1.10,-0.49,16.95
2024-01-08 18:55:06,14.39,1511.1,80.2,-1.10,-0.49,16.95
2024-01-08 19:05:06,14.39,1511.1,80.3,-1.10,-0.49,16.95
2024-01-08 19:15:06,14.39,1511.1,80.3,-1.10,-0.49,16.95
2024-01-08 19:25:06,14.39,1511.1,80.3,-1.10,-0.49,16.95
2024-01-08 19:35:06,14.39,1511.1,80.3,-1.10,-0.49,16.95
2024-01-08 19:45:06,14.39,1511.1,80.3,-1.10,-0.49,16.95
2024-01-08 19:55:06,14.39,1511.1,80.3,-1.10,-0.49,16.95
2024-01-08 20:05:06,14.39,1511.1,80.3,-1.10,-0.49,16.95
2024-01-08 20:15:06,14.39,1511.1,80.3,-1.10,-0.49,16.95
2024-01-08 20:25:06,14.38,1511.1,80.3,-1.10,-0.49,16.95
2024-01-08 20:35:06,14.38,1511.1,80.3,-1.10,-0.49,16.95
2024-01-08 20:45:06,14.39,1511.1,80.3,-1.10,-0.49,16.95
2024-01-08 20:55:06,14.38,1511.1,80.3,-1.10,-0.49,16.95
2024-01-08 21:05:06,14.38,1511.1,80.3,-1.10,-0.49,16.95
2024-01-08 21:15:06,14.38,1511.1,80.3,-1.10,-0.49,16.95
2024-01-08 21:25:06,14.38,1511.1,80.3,-1.10,-0.49,16.95
2024-01-08 21:35:06,14.38,1511.1,80.3,-1.10,-0.49,16.95
2024-01-08 21:45:06,14.38,1511.1,80.3,-1.10,-0.49,16.95
2024-01-08 21:55:06,14.38,1511.1,80.3,-1.10,-0.49,16.95
2024-01-08 22:05:06,14.38,1511.1,80.3,-1.10,-0.49,16.95
2024-01-08 22:15:06,14.38,1511.1,80.3,-1.11,-0.49,16.95
2024-01-08 22:25:06,14.38,1511.1,80.3,-1.10,-0.49,16.95
2024-01-08 22:35:06,14.38,1511.1,80.3,-1.10,-0.49,16.94
2024-01-08 22:45:06,14.38,1511.1,80.3,-1.10,-0.49,16.94
2024-01-08 22:55:06,14.38,1511.1,80.3,-1.10,-0.49,16.94
2024-01-08 23:05:06,14.38,1511.1,80.3,-1.10,-0.49,16.94
2024-01-08 23:15:06,14.38,1511.1,80.3,-1.10,-0.49,16.94
2024-01-08 23:25:06,14.38,1511.1,80.3,-1.10,-0.49,16.94
2024-01-08 23:35:06,14.38,1511.1,80.3,-1.10,-0.49,16.94
2024-01-08 23:45:06,14.38,1511.1,80.3,-1.10,-0.49,16.94
2024-01-08 23:55:06,14.38,1511.1,80.3,-1.10,-0.49,16.94
2024-01-09 00:05:06,14.38,1511.1,80.3,-1.10,-0.49,16.94
2024-01-09 00:15:06,14.38,1511.1,80.3,-1.10,-0.49,16.94
2024-01-09 00:25:06,14.38,1511.1,80.3,-1.10,-0.49,16.94
2024-01-09 00:35:06,14.38,1511.1,80.3,-1.10,-0.49,16.94
2024-01-09 00:45:06,14.37,1511.1,80.3,-1.10,-0.49,16.94
2024-01-09 00:55:06,14.37,1511.1,80.3,-1.10,-0.49,16.94
2024-01-09 01:05:06,14.37,1511.1,80.3,-1.10,-0.49,16.94
2024-01-09 01:15:06,14.38,1511.1,80.3,-1.10,-0.49,16.94
2024-01-09 01:25:06,14.37,1511.1,80.3,-1.10,-0.49,16.94
2024-01-09 01:35:06,14.38,1511.1,80.3,-1.10,-0.49,16.94
2024-01-09 01:45:06,14.37,1511.1,80.3,-1.10,-0.49,16.94
2024-01-09 01:55:06,14.37,1511.1,80.3,-1.10,-0.49,16.94
2024-01-09 02:05:06,14.37,1511.1,80.3,-1.10,-0.49,16.94
2024-01-09 02:15:06,14.37,1511.1,80.3,-1.10,-0.49,16.94
2024-01-09 02:25:06,14.37,1511.1,80.3,-1.10,-0.49,16.94
2024-01-09 02:35:06,14.38,1511.1,80.3,-1.10,-0.50,16.94
2024-01-09 02:45:06,14.37,1511.1,80.3,-1.10,-0.49,16.94
2024-01-09 02:55:06,14.37,1511.1,80.3,-1.11,-0.49,16.93
2024-01-09 03:05:06,14.37,1511.1,80.3,-1.10,-0.49,16.93
2024-01-09 03:15:06,14.37,1511.1,80.3,-1.10,-0.49,16.93
2024-01-09 03:25:06,14.37,1511.1,80.3,-1.10,-0.49,16.93
2024-01-09 03:35:06,14.37,1511.1,80.2,-1.10,-0.49,16.93
2024-01-09 03:45:06,14.37,1511.1,80.2,-1.10,-0.49,16.93
2024-01-09 03:55:06,14.37,1511.1,80.3,-1.10,-0.49,16.93
2024-01-09 04:05:06,14.37,1511.1,80.3,-1.10,-0.50,16.93
2024-01-09 04:15:06,14.37,1511.1,80.3,-1.10,-0.49,16.93
2024-01-09 04:25:06,14.37,1511.1,80.3,-1.10,-0.49,16.93
2024-01-09 04:35:06,14.37,1511.1,80.3,-1.10,-0.49,16.93
2024-01-09 04:45:06,14.37,1511.1,80.3,-1.10,-0.49,16.93
2024-01-09 04:55:06,14.37,1511.1,80.3,-1.10,-0.49,16.93
2024-01-09 05:05:06,14.37,1511.1,80.3,-1.10,-0.49,16.93
2024-01-09 05:15:06,14.37,1511.1,80.3,-1.10,-0.49,16.93
2024-01-09 05:25:06,14.37,1511.1,80.3,-1.10,-0.49,16.93
2024-01-09 05:35:06,14.37,1511.1,80.3,-1.10,-0.49,16.93
2024-01-09 05:45:06,14.37,1511.1,80.3,-1.10,-0.49,16.92
2024-01-09 05:55:06,14.37,1511.1,80.3,-1.10,-0.49,16.92
2024-01-09 06:05:06,14.37,1511.1,80.3,-1.10,-0.49,16.92
2024-01-09 06:15:06,14.37,1511.1,80.3,-1.10,-0.49,16.92
2024-01-09 06:25:06,14.36,1511.1,80.3,-1.10,-0.49,16.92
2024-01-09 06:35:06,14.37,1511.1,80.3,-1.10,-0.49,16.92
2024-01-09 06:45:06,14.36,1511.1,80.3,-1.10,-0.49,16.92
2024-01-09 06:55:06,14.36,1511.1,80.3,-1.10,-0.49,16.92
2024-01-09 07:05:06,14.36,1511.1,80.3,-1.10,-0.49,16.92
2024-01-09 07:15:06,14.36,1511.1,80.3,-1.10,-0.49,16.92
2024-01-09 07:25:06,14.36,1511.1,80.3,-1.10,-0.49,16.92
2024-01-09 07:35:06,14.37,1511.1,80.3,-1.10,-0.49,16.92
2024-01-09 07:45:06,14.36,1511.1,80.3,-1.10,-0.49,16.92
2024-01-09 07:55:06,14.37,1511.1,80.2,-1.10,-0.49,16.92
2024-01-09 08:05:06,14.36,1511.1,80.2,-1.09,-0.49,16.92
2024-01-09 08:15:06,14.36,1511.1,80.2,-1.10,-0.49,16.92
2024-01-09 08:25:06,14.36,1511.1,80.3,-1.10,-0.49,16.92
2024-01-09 08:35:06,14.36,1511.1,80.3,-1.10,-0.49,16.92
2024-01-09 08:45:06,14.36,1511.1,80.3,-1.10,-0.49,16.92
2024-01-09 08:55:06,14.36,1511.1,80.3,-1.10,-0.49,16.91
2024-01-09 09:05:06,14.36,1511.1,80.3,-1.10,-0.49,16.91
2024-01-09 09:15:06,14.36,1511.1,80.3,-1.10,-0.49,16.91
2024-01-09 09:25:06,14.36,1511.1,80.3,-1.10,-0.49,16.91
2024-01-09 09:35:06,14.36,1511.1,80.3,-1.10,-0.49,16.91
2024-01-09 09:45:06,14.36,1511.1,80.3,-1.10,-0.49,16.91
2024-01-09 09:55:06,14.36,1511.1,80.3,-1.10,-0.49,16.91
2024-01-09 10:05:06,14.36,1511.1,80.3,-1.10,-0.49,16.91
2024-01-09 10:15:06,14.36,1511.1,80.3,-1.10,-0.49,16.91
2024-01-09 10:25:06,14.36,1511.1,80.3,-1.10,-0.49,16.91
2024-01-09 10:35:06,14.36,1511.1,80.3,-1.10,-0.49,16.91
2024-01-09 10:45:06,14.36,1511.1,80.3,-1.10,-0.49,16.91
2024-01-09 10:55:06,14.36,1511.1,80.3,-1.10,-0.49,16.91
2024-01-09 11:05:06,14.36,1511.1,80.3,-1.10,-0.49,16.91
2024-01-09 11:15:06,14.36,1511.1,80.3,-1.10,-0.49,16.91
2024-01-09 11:25:06,14.36,1511.1,80.3,-1.10,-0.49,16.91
2024-01-09 11:35:06,14.36,1511.1,80.3,-1.10,-0.49,16.91
2024-01-09 11:45:06,14.36,1511.1,80.3,-1.10,-0.49,16.90
2024-01-09 11:55:06,14.36,1511.1,80.3,-1.10,-0.49,16.90
2024-01-09 12:05:06,14.36,1511.1,80.3,-1.10,-0.49,16.90
2024-01-09 12:15:06,14.35,1511.1,80.3,-1.10,-0.49,16.90
2024-01-09 12:25:06,14.36,1511.1,80.3,-1.10,-0.49,16.90
2024-01-09 12:35:06,14.35,1511.1,80.3,-1.10,-0.49,16.90
2024-01-09 12:45:06,14.35,1511.1,80.3,-1.10,-0.49,16.90
2024-01-09 12:55:06,14.35,1511.1,80.3,-1.10,-0.49,16.90
2024-01-09 13:05:06,14.36,1511.1,80.3,-1.10,-0.49,16.90
2024-01-09 13:15:06,14.36,1511.1,80.3,-1.10,-0.49,16.90
2024-01-09 13:25:06,14.35,1511.1,80.3,-1.10,-0.49,16.90
2024-01-09 13:35:06,14.35,1511.1,80.3,-1.10,-0.49,16.90
2024-01-09 13:45:06,14.36,1511.1,80.3,-1.10,-0.49,16.90
2024-01-09 13:55:06,14.35,1511.1,80.3,-1.10,-0.49,16.90
2024-01-09 14:05:06,14.35,1511.1,80.3,-1.10,-0.49,16.90
2024-01-09 14:15:06,14.36,1511.1,80.2,-1.10,-0.49,16.90
2024-01-09 14:25:06,14.35,1511.1,80.2,-1.10,-0.49,16.89
2024-01-09 14:35:06,14.35,1511.1,80.3,-1.10,-0.49,16.89
2024-01-09 14:45:06,14.35,1511.1,80.2,-1.10,-0.49,16.89
2024-01-09 14:55:06,14.35,1511.1,80.2,-1.10,-0.49,16.89
2024-01-09 15:05:06,14.35,1511.1,80.2,-1.10,-0.49,16.89
2024-01-09 15:15:06,14.35,1511.1,80.2,-1.10,-0.49,16.89
2024-01-09 15:25:06,14.35,1511.1,80.2,-1.10,-0.49,16.89
2024-01-09 15:35:06,14.35,1511.1,80.2,-1.10,-0.49,16.89
2024-01-09 15:45:06,14.35,1511.1,80.2,-1.10,-0.49,16.89
2024-01-09 15:55:06,14.35,1511.1,80.2,-1.10,-0.49,16.89
2024-01-09 16:05:06,14.35,1511.1,80.2,-1.10,-0.49,16.89
2024-01-09 16:15:06,14.35,1511.1,80.2,-1.10,-0.49,16.89
2024-01-09 16:25:06,14.35,1511.1,80.2,-1.10,-0.49,16.88
2024-01-09 16:35:06,14.35,1511.1,80.2,-1.10,-0.49,16.88
2024-01-09 16:45:06,14.35,1511.1,80.2,-1.10,-0.49,16.88
2024-01-09 16:55:06,14.35,1511.1,80.2,-1.10,-0.49,16.88
2024-01-09 17:05:06,14.35,1511.1,80.2,-1.10,-0.49,16.88
2024-01-09 17:15:06,14.34,1511.1,80.2,-1.10,-0.49,16.88
2024-01-09 17:25:06,14.34,1511.1,80.2,-1.10,-0.49,16.88
2024-01-09 17:35:06,14.34,1511.1,80.2,-1.10,-0.49,16.88
2024-01-09 17:45:06,14.34,1511.1,80.2,-1.10,-0.49,16.88
2024-01-09 17:55:06,14.34,1511.1,80.2,-1.11,-0.49,16.88
2024-01-09 18:05:06,14.35,1511.1,80.2,-1.10,-0.49,16.88
2024-01-09 18:15:06,14.34,1511.1,80.2,-1.10,-0.49,16.88
2024-01-09 18:25:06,14.34,1511.1,80.2,-1.10,-0.49,16.87
2024-01-09 18:35:06,14.34,1511.1,80.2,-1.10,-0.50,16.87
2024-01-09 18:45:06,14.34,1511.1,80.2,-1.10,-0.49,16.87
2024-01-09 18:55:06,14.35,1511.1,80.2,-1.10,-0.49,16.87
2024-01-09 19:05:06,14.34,1511.1,80.2,-1.10,-0.49,16.87
2024-01-09 19:15:06,14.34,1511.1,80.2,-1.10,-0.49,16.87
2024-01-09 19:25:06,14.34,1511.1,80.3,-1.10,-0.49,16.87
2024-01-09 19:35:06,14.34,1511.1,80.3,-1.10,-0.49,16.87
2024-01-09 19:45:06,14.34,1511.1,80.3,-1.10,-0.50,16.87
2024-01-09 19:55:06,14.34,1511.1,80.3,-1.10,-0.49,16.87
2024-01-09 20:05:06,14.34,1511.1,80.3,-1.10,-0.49,16.87
2024-01-09 20:15:06,14.34,1511.1,80.3,-1.10,-0.49,16.86
2024-01-09 20:25:06,14.34,1511.1,80.3,-1.10,-0.49,16.86
2024-01-09 20:35:06,14.34,1511.1,80.3,-1.10,-0.49,16.86
2024-01-09 20:45:06,14.33,1511.1,80.3,-1.10,-0.49,16.86
2024-01-09 20:55:06,14.34,1511.1,80.3,-1.10,-0.49,16.86
2024-01-09 21:05:06,14.34,1511.1,80.3,-1.10,-0.49,16.86
2024-01-09 21:15:06,14.33,1511.1,80.3,-1.10,-0.49,16.86
2024-01-09 21:25:06,14.34,1511.1,80.3,-1.10,-0.49,16.86
2024-01-09 21:35:06,14.34,1511.1,80.3,-1.10,-0.49,16.86
2024-01-09 21:45:06,14.34,1511.1,80.3,-1.11,-0.49,16.85
2024-01-09 21:55:06,14.33,1511.1,80.3,-1.10,-0.49,16.85
2024-01-09 22:05:06,14.34,1511.1,80.3,-1.10,-0.49,16.85
2024-01-09 22:15:06,14.33,1511.1,80.3,-1.10,-0.50,16.85
2024-01-09 22:25:06,14.33,1511.1,80.3,-1.10,-0.49,16.85
2024-01-09 22:35:06,14.33,1511.1,80.3,-1.10,-0.49,16.85
2024-01-09 22:45:06,14.33,1511.1,80.3,-1.10,-0.49,16.85
2024-01-09 22:55:06,14.33,1511.1,80.3,-1.10,-0.49,16.85
2024-01-09 23:05:06,14.33,1511.1,80.3,-1.10,-0.49,16.85
2024-01-09 23:15:06,14.33,1511.1,80.3,-1.10,-0.49,16.85
2024-01-09 23:25:06,14.33,1511.1,80.3,-1.10,-0.49,16.84
2024-01-09 23:35:06,14.33,1511.1,80.3,-1.10,-0.49,16.84
2024-01-09 23:45:06,14.33,1511.1,80.3,-1.10,-0.49,16.84
2024-01-09 23:55:06,14.33,1511.1,80.3,-1.10,-0.49,16.84
2024-01-10 00:05:06,14.33,1511.1,80.3,-1.10,-0.49,16.84
2024-01-10 00:15:06,14.32,1511.1,80.3,-1.10,-0.49,16.84
2024-01-10 00:25:06,14.33,1511.1,80.3,-1.10,-0.49,16.84
2024-01-10 00:35:06,14.33,1511.1,80.3,-1.10,-0.49,16.84
2024-01-10 00:45:06,14.32,1511.1,80.3,-1.10,-0.49,16.83
2024-01-10 00:55:06,14.32,1511.1,80.3,-1.10,-0.49,16.83
2024-01-10 01:05:06,14.32,1511.1,80.3,-1.10,-0.49,16.83
2024-01-10 01:15:06,14.33,1511.1,80.3,-1.10,-0.49,16.83
2024-01-10 01:25:06,14.32,1511.1,80.3,-1.10,-0.49,16.83
2024-01-10 01:35:06,14.32,1511.1,80.3,-1.10,-0.49,16.83
2024-01-10 01:45:06,14.32,1511.1,80.3,-1.10,-0.49,16.83
2024-01-10 01:55:06,14.32,1511.1,80.3,-1.10,-0.49,16.83
2024-01-10 02:05:06,14.32,1511.1,80.3,-1.10,-0.49,16.83
2024-01-10 02:15:06,14.32,1511.1,80.3,-1.10,-0.50,16.82
2024-01-10 02:25:06,14.32,1511.1,80.3,-1.10,-0.49,16.82
2024-01-10 02:35:06,14.32,1511.1,80.3,-1.10,-0.50,16.82
2024-01-10 02:45:06,14.32,1511.1,80.3,-1.10,-0.49,16.82
2024-01-10 02:55:06,14.32,1511.1,80.3,-1.10,-0.49,16.82
2024-01-10 03:05:06,14.32,1511.1,80.3,-1.10,-0.49,16.82
2024-01-10 03:15:06,14.31,1511.1,80.3,-1.10,-0.49,16.82
2024-01-10 03:25:06,14.31,1511.1,80.3,-1.10,-0.49,16.82
2024-01-10 03:35:06,14.31,1511.1,80.3,-1.10,-0.49,16.82
2024-01-10 03:45:06,14.31,1511.1,80.3,-1.10,-0.50,16.81
2024-01-10 03:55:06,14.31,1511.1,80.3,-1.10,-0.49,16.81
2024-01-10 04:05:06,14.31,1511.1,80.3,-1.10,-0.49,16.81
2024-01-10 04:15:06,14.31,1511.1,80.3,-1.10,-0.49,16.81
2024-01-10 04:25:06,14.31,1511.1,80.3,-1.10,-0.49,16.81
2024-01-10 04:35:06,14.31,1511.1,80.3,-1.10,-0.49,16.81
2024-01-10 04:45:06,14.31,1511.1,80.3,-1.10,-0.49,16.81
2024-01-10 04:55:06,14.31,1511.1,80.3,-1.10,-0.49,16.81
2024-01-10 05:05:06,14.31,1511.1,80.3,-1.10,-0.49,16.81
2024-01-10 05:15:06,14.31,1511.1,80.2,-1.10,-0.49,16.81
2024-01-10 05:25:06,14.31,1511.1,80.2,-1.10,-0.49,16.80
2024-01-10 05:35:06,14.31,1511.1,80.2,-1.10,-0.49,16.80
2024-01-10 05:45:06,14.31,1511.1,80.3,-1.10,-0.49,16.80
2024-01-10 05:55:06,14.31,1511.1,80.3,-1.10,-0.50,16.80
2024-01-10 06:05:06,14.31,1511.1,80.3,-1.10,-0.49,16.80
2024-01-10 06:15:06,14.31,1511.1,80.3,-1.10,-0.49,16.80
2024-01-10 06:25:06,14.31,1511.1,80.3,-1.10,-0.49,16.80
2024-01-10 06:35:06,14.31,1511.1,80.3,-1.10,-0.49,16.80
2024-01-10 06:45:06,14.31,1511.1,80.3,-1.10,-0.50,16.80
2024-01-10 06:55:06,14.31,1511.1,80.3,-1.10,-0.49,16.80
2024-01-10 07:05:06,14.31,1511.1,80.3,-1.10,-0.49,16.79
2024-01-10 07:15:06,14.31,1511.1,80.3,-1.10,-0.49,16.79
2024-01-10 07:25:06,14.31,1511.1,80.3,-1.10,-0.49,16.79
2024-01-10 07:35:06,14.31,1511.1,80.3,-1.10,-0.49,16.79
2024-01-10 07:45:06,14.31,1511.1,80.3,-1.10,-0.49,16.79
2024-01-10 07:55:06,14.30,1511.1,80.3,-1.10,-0.49,16.79
2024-01-10 08:05:06,14.31,1511.1,80.3,-1.10,-0.49,16.79
2024-01-10 08:15:06,14.31,1511.1,80.3,-1.10,-0.49,16.79
2024-01-10 08:25:06,14.31,1511.1,80.3,-1.10,-0.49,16.79
2024-01-10 08:35:06,14.31,1511.1,80.3,-1.10,-0.49,16.79
2024-01-10 08:45:06,14.30,1511.1,80.3,-1.10,-0.49,16.79
2024-01-10 08:55:06,14.31,1511.1,80.3,-1.10,-0.49,16.79
2024-01-10 09:05:06,14.31,1511.1,80.3,-1.10,-0.49,16.78
2024-01-10 09:15:06,14.30,1511.1,80.3,-1.10,-0.49,16.78
2024-01-10 09:25:06,14.30,1511.1,80.3,-1.10,-0.49,16.78
2024-01-10 09:35:06,14.30,1511.1,80.3,-1.10,-0.49,16.78
2024-01-10 09:45:06,14.30,1511.1,80.3,-1.10,-0.49,16.78
2024-01-10 09:55:06,14.30,1511.1,80.3,-1.10,-0.49,16.78
2024-01-10 10:05:06,14.30,1511.1,80.2,-1.10,-0.49,16.78
2024-01-10 10:15:06,14.30,1511.1,80.3,-1.10,-0.49,16.78
2024-01-10 10:25:06,14.30,1511.1,80.3,-1.10,-0.49,16.78
2024-01-10 10:35:06,14.30,1511.1,80.3,-1.10,-0.49,16.78
2024-01-10 10:45:06,14.30,1511.1,80.3,-1.10,-0.49,16.78
2024-01-10 10:55:06,14.30,1511.1,80.3,-1.10,-0.49,16.78
2024-01-10 11:05:06,14.30,1511.1,80.3,-1.10,-0.49,16.78
2024-01-10 11:15:06,14.30,1511.1,80.3,-1.10,-0.49,16.78
2024-01-10 11:25:06,14.30,1511.1,80.3,-1.10,-0.49,16.78
2024-01-10 11:35:06,14.30,1511.1,80.3,-1.10,-0.49,16.78
2024-01-10 11:45:06,14.30,1511.1,80.3,-1.10,-0.49,16.77
2024-01-10 11:55:06,14.30,1511.1,80.3,-1.10,-0.49,16.77
2024-01-10 12:05:06,14.30,1511.1,80.3,-1.10,-0.49,16.77
2024-01-10 12:15:06,14.30,1511.1,80.3,-1.10,-0.49,16.77
2024-01-10 12:25:06,14.30,1511.1,80.3,-1.10,-0.49,16.77
2024-01-10 12:35:06,14.30,1511.1,80.3,-1.10,-0.49,16.77
2024-01-10 12:45:06,14.30,1511.1,80.3,-1.10,-0.49,16.77
2024-01-10 12:55:06,14.30,1511.1,80.3,-1.10,-0.49,16.77
2024-01-10 13:05:06,14.30,1511.1,80.3,-1.10,-0.49,16.77
2024-01-10 13:15:06,14.30,1511.1,80.3,-1.10,-0.50,16.77
2024-01-10 13:25:06,14.30,1511.1,80.3,-1.10,-0.49,16.77
2024-01-10 13:35:06,14.30,1511.1,80.3,-1.10,-0.49,16.77
2024-01-10 13:45:06,14.30,1511.1,80.2,-1.10,-0.49,16.77
2024-01-10 13:55:06,14.30,1511.1,80.3,-1.10,-0.49,16.77
2024-01-10 14:05:06,14.30,1511.1,80.2,-1.10,-0.49,16.76
2024-01-10 14:15:06,14.30,1511.1,80.3,-1.11,-0.49,16.76
2024-01-10 14:25:06,14.30,1511.1,80.3,-1.10,-0.49,16.76
2024-01-10 14:35:06,14.30,1511.1,80.2,-1.10,-0.49,16.76
2024-01-10 14:45:06,14.30,1511.1,80.2,-1.10,-0.49,16.76
2024-01-10 14:55:06,14.30,1511.1,80.2,-1.10,-0.49,16.76
2024-01-10 15:05:06,14.30,1511.1,80.2,-1.10,-0.49,16.76
2024-01-10 15:15:06,14.30,1511.1,80.2,-1.10,-0.49,16.76
2024-01-10 15:25:06,14.30,1511.1,80.2,-1.10,-0.49,16.76
2024-01-10 15:35:06,14.30,1511.1,80.2,-1.10,-0.49,16.76
2024-01-10 15:45:06,14.30,1511.1,80.2,-1.10,-0.49,16.76
2024-01-10 15:55:06,14.30,1511.1,80.2,-1.10,-0.50,16.76
2024-01-10 16:05:06,14.30,1511.1,80.2,-1.10,-0.49,16.76
2024-01-10 16:15:06,14.30,1511.1,80.2,-1.10,-0.50,16.76
2024-01-10 16:25:06,14.30,1511.0,80.2,-1.10,-0.49,16.75
2024-01-10 16:35:06,14.30,1511.0,80.2,-1.10,-0.49,16.75
2024-01-10 16:45:06,14.30,1511.0,80.2,-1.10,-0.49,16.75
2024-01-10 16:55:06,14.30,1511.0,80.2,-1.10,-0.49,16.75
2024-01-10 17:05:06,14.30,1511.0,80.2,-1.10,-0.49,16.75
2024-01-10 17:15:06,14.30,1510.9,80.2,-1.10,-0.49,16.75
2024-01-10 17:25:06,14.30,1510.8,80.2,-1.10,-0.49,16.75
2024-01-10 17:35:06,14.30,1510.6,80.2,-1.10,-0.49,16.75
2024-01-10 17:45:06,14.30,1510.3,80.2,-1.10,-0.49,16.74
2024-01-10 17:55:06,14.30,1510.0,80.2,-1.10,-0.49,16.74
2024-01-10 18:05:06,14.30,1509.9,80.2,-1.10,-0.49,16.74
2024-01-10 18:15:06,14.30,1509.7,80.2,-1.10,-0.49,16.74
2024-01-10 18:25:06,14.30,1509.6,80.2,-1.10,-0.49,16.74
2024-01-10 18:35:06,14.30,1509.6,80.2,-1.10,-0.50,16.74
2024-01-10 18:45:06,14.30,1509.6,80.2,-1.10,-0.49,16.74
2024-01-10 18:55:06,14.30,1509.6,80.2,-1.10,-0.49,16.74
2024-01-10 19:05:06,14.30,1509.6,80.2,-1.10,-0.49,16.74
2024-01-10 19:15:06,14.30,1509.6,80.2,-1.10,-0.50,16.74
2024-01-10 19:25:06,14.30,1509.6,80.3,-1.10,-0.49,16.74
2024-01-10 19:35:06,14.30,1509.6,80.3,-1.10,-0.49,16.73
2024-01-10 19:45:06,14.30,1509.6,80.3,-1.10,-0.50,16.73
2024-01-10 19:55:06,14.30,1509.6,80.3,-1.10,-0.49,16.73
2024-01-10 20:05:06,14.30,1509.6,80.3,-1.10,-0.49,16.73
2024-01-10 20:15:06,14.30,1509.6,80.3,-1.10,-0.49,16.73
2024-01-10 20:25:06,14.30,1509.6,80.3,-1.10,-0.49,16.73
2024-01-10 20:35:06,14.30,1509.6,80.3,-1.10,-0.49,16.73
2024-01-10 20:45:06,14.30,1509.6,80.3,-1.10,-0.50,16.73
2024-01-10 20:55:06,14.30,1509.6,80.3,-1.10,-0.49,16.73
2024-01-10 21:05:06,14.30,1509.6,80.3,-1.10,-0.49,16.72
2024-01-10 21:15:06,14.30,1509.6,80.3,-1.10,-0.49,16.72
2024-01-10 21:25:06,14.30,1509.6,80.3,-1.10,-0.49,16.72
2024-01-10 21:35:06,14.30,1509.6,80.3,-1.10,-0.50,16.72
2024-01-10 21:45:06,14.30,1509.6,80.3,-1.10,-0.49,16.72
2024-01-10 21:55:06,14.30,1509.6,80.3,-1.10,-0.49,16.72
2024-01-10 22:05:06,14.30,1509.6,80.3,-1.10,-0.49,16.72
2024-01-10 22:15:06,14.30,1509.6,80.3,-1.10,-0.49,16.72
2024-01-10 22:25:06,14.30,1509.6,80.3,-1.10,-0.49,16.72
2024-01-10 22:35:06,14.30,1509.6,80.3,-1.10,-0.49,16.72
2024-01-10 22:45:06,14.30,1509.6,80.3,-1.10,-0.49,16.71
2024-01-10 22:55:06,14.30,1509.6,80.3,-1.10,-0.49,16.71
2024-01-10 23:05:06,14.30,1509.6,80.3,-1.10,-0.49,16.71
2024-01-10 23:15:06,14.30,1509.6,80.3,-1.10,-0.49,16.71
2024-01-10 23:25:06,14.30,1509.6,80.3,-1.10,-0.49,16.71
2024-01-10 23:35:06,14.30,1509.6,80.3,-1.10,-0.49,16.71
2024-01-10 23:45:06,14.30,1509.6,80.3,-1.10,-0.49,16.71
2024-01-10 23:55:06,14.30,1509.6,80.3,-1.10,-0.50,16.71
2024-01-11 00:05:06,14.30,1509.6,80.3,-1.10,-0.49,16.70
2024-01-11 00:15:06,14.30,1509.6,80.3,-1.10,-0.49,16.70
2024-01-11 00:25:06,14.30,1509.6,80.3,-1.10,-0.49,16.70
2024-01-11 00:35:06,14.30,1509.6,80.3,-1.10,-0.49,16.70
2024-01-11 00:45:06,14.30,1509.6,80.3,-1.10,-0.50,16.70
2024-01-11 00:55:06,14.30,1509.6,80.3,-1.10,-0.49,16.70
2024-01-11 01:05:06,14.30,1509.6,80.3,-1.10,-0.50,16.70
2024-01-11 01:15:06,14.30,1509.6,80.3,-1.10,-0.49,16.70
2024-01-11 01:25:06,14.30,1509.6,80.3,-1.10,-0.50,16.70
2024-01-11 01:35:06,14.30,1509.6,80.3,-1.10,-0.49,16.70
2024-01-11 01:45:06,14.30,1509.6,80.3,-1.10,-0.50,16.69
2024-01-11 01:55:06,14.30,1509.6,80.3,-1.10,-0.50,16.69
2024-01-11 02:05:06,14.30,1509.6,80.3,-1.10,-0.49,16.69
2024-01-11 02:15:06,14.30,1509.6,80.3,-1.10,-0.50,16.69
2024-01-11 02:25:06,14.30,1509.6,80.3,-1.10,-0.49,16.69
2024-01-11 02:35:06,14.30,1509.6,80.3,-1.10,-0.49,16.69
2024-01-11 02:45:06,14.30,1509.6,80.3,-1.10,-0.49,16.69
2024-01-11 02:55:06,14.30,1509.6,80.3,-1.10,-0.49,16.69
2024-01-11 03:05:06,14.30,1509.6,80.3,-1.10,-0.50,16.68
2024-01-11 03:15:06,14.30,1509.6,80.3,-1.10,-0.50,16.68
2024-01-11 03:25:06,14.30,1509.6,80.3,-1.11,-0.49,16.68
2024-01-11 03:35:06,14.30,1509.6,80.3,-1.10,-0.49,16.68
2024-01-11 03:45:06,14.30,1509.6,80.3,-1.10,-0.49,16.68
2024-01-11 03:55:06,14.30,1509.6,80.3,-1.10,-0.49,16.68
2024-01-11 04:05:06,14.30,1509.6,80.3,-1.10,-0.49,16.68
2024-01-11 04:15:06,14.30,1509.6,80.3,-1.10,-0.49,16.68
2024-01-11 04:25:06,14.30,1509.6,80.3,-1.10,-0.49,16.67
2024-01-11 04:35:06,14.30,1509.6,80.3,-1.11,-0.49,16.67
2024-01-11 04:45:06,14.30,1509.6,80.3,-1.10,-0.49,16.67
2024-01-11 04:55:06,14.30,1509.6,80.3,-1.10,-0.49,16.67
2024-01-11 05:05:06,14.30,1509.6,80.3,-1.10,-0.49,16.67
2024-01-11 05:15:06,14.30,1509.6,80.3,-1.10,-0.49,16.67
2024-01-11 05:25:06,14.30,1509.6,80.3,-1.11,-0.49,16.67
2024-01-11 05:35:06,14.30,1509.6,80.3,-1.10,-0.49,16.67
2024-01-11 05:45:06,14.30,1509.6,80.3,-1.10,-0.49,16.67
2024-01-11 05:55:06,14.30,1509.6,80.3,-1.10,-0.49,16.67
2024-01-11 06:05:06,14.30,1509.6,80.3,-1.10,-0.49,16.67
2024-01-11 06:15:06,14.30,1509.6,80.3,-1.11,-0.49,16.67
2024-01-11 06:25:06,14.30,1509.6,80.3,-1.10,-0.49,16.66
2024-01-11 06:35:06,14.30,1509.6,80.3,-1.10,-0.50,16.66
2024-01-11 06:45:06,14.30,1509.6,80.3,-1.10,-0.49,16.66
2024-01-11 06:55:06,14.30,1509.6,80.3,-1.10,-0.49,16.66
2024-01-11 07:05:06,14.30,1509.6,80.3,-1.10,-0.49,16.66
2024-01-11 07:15:06,14.30,1509.6,80.3,-1.10,-0.50,16.66
2024-01-11 07:25:06,14.30,1509.6,80.3,-1.10,-0.49,16.66
2024-01-11 07:35:06,14.30,1509.6,80.3,-1.10,-0.50,16.66
2024-01-11 07:45:06,14.30,1509.6,80.3,-1.10,-0.49,16.66
2024-01-11 07:55:06,14.30,1509.6,80.3,-1.10,-0.49,16.66
2024-01-11 08:05:06,14.30,1509.6,80.3,-1.10,-0.49,16.65
2024-01-11 08:15:06,14.30,1509.6,80.3,-1.10,-0.49,16.65
2024-01-11 08:25:06,14.30,1509.6,80.3,-1.10,-0.49,16.65
2024-01-11 08:35:06,14.30,1509.6,80.3,-1.10,-0.50,16.65
2024-01-11 08:45:06,14.30,1509.6,80.3,-1.10,-0.49,16.65
2024-01-11 08:55:06,14.30,1509.6,80.3,-1.10,-0.49,16.65
2024-01-11 09:05:06,14.30,1509.6,80.3,-1.10,-0.49,16.65
2024-01-11 09:15:06,14.30,1509.6,80.3,-1.10,-0.49,16.65
2024-01-11 09:25:06,14.30,1509.6,80.3,-1.10,-0.49,16.65
2024-01-11 09:35:06,14.30,1509.6,80.3,-1.10,-0.49,16.65
2024-01-11 09:45:06,14.30,1509.6,80.3,-1.10,-0.49,16.65
2024-01-11 09:55:06,14.30,1509.6,80.3,-1.10,-0.49,16.65
2024-01-11 10:05:06,14.30,1509.6,80.3,-1.10,-0.49,16.65
2024-01-11 10:15:06,14.30,1509.6,80.3,-1.10,-0.49,16.65
2024-01-11 10:25:06,14.30,1509.6,80.3,-1.10,-0.49,16.65
2024-01-11 10:35:06,14.30,1509.6,80.3,-1.10,-0.49,16.64
2024-01-11 10:45:06,14.30,1509.6,80.3,-1.10,-0.49,16.64
2024-01-11 10:55:06,14.30,1509.6,80.3,-1.10,-0.49,16.64
2024-01-11 11:05:06,14.30,1509.6,80.3,-1.10,-0.49,16.64
2024-01-11 11:15:06,14.30,1509.6,80.3,-1.10,-0.49,16.64
2024-01-11 11:25:06,14.30,1509.6,80.3,-1.10,-0.49,16.64
2024-01-11 11:35:06,14.30,1509.6,80.3,-1.10,-0.49,16.64
2024-01-11 11:45:06,14.30,1509.6,80.3,-1.10,-0.49,16.64
2024-01-11 11:55:06,14.30,1509.6,80.3,-1.10,-0.49,16.64
2024-01-11 12:05:06,14.30,1509.6,80.3,-1.10,-0.49,16.64
2024-01-11 12:15:06,14.30,1509.6,80.3,-1.11,-0.49,16.64
2024-01-11 12:25:06,14.30,1509.6,80.3,-1.10,-0.49,16.63
2024-01-11 12:35:06,14.30,1509.6,80.3,-1.10,-0.49,16.63
2024-01-11 12:45:06,14.30,1509.6,80.3,-1.10,-0.49,16.63
2024-01-11 12:55:06,14.30,1509.6,80.3,-1.10,-0.49,16.63
2024-01-11 13:05:06,14.30,1509.6,80.3,-1.10,-0.49,16.63
2024-01-11 13:15:06,14.30,1509.6,80.3,-1.10,-0.49,16.63
2024-01-11 13:25:06,14.30,1509.6,80.3,-1.10,-0.49,16.63
2024-01-11 13:35:06,14.30,1509.6,80.3,-1.10,-0.49,16.63
2024-01-11 13:45:06,14.30,1509.6,80.3,-1.10,-0.49,16.63
2024-01-11 13:55:06,14.30,1509.6,80.2,-1.10,-0.49,16.63
2024-01-11 14:05:06,14.30,1509.6,80.2,-1.10,-0.49,16.63
2024-01-11 14:15:06,14.30,1509.6,80.3,-1.10,-0.49,16.63
2024-01-11 14:25:06,14.30,1509.6,80.2,-1.11,-0.49,16.63
2024-01-11 14:35:06,14.30,1509.6,80.2,-1.10,-0.49,16.63
2024-01-11 14:45:06,14.30,1509.6,80.2,-1.10,-0.49,16.62
2024-01-11 14:55:06,14.30,1509.6,80.2,-1.10,-0.49,16.62
2024-01-11 15:05:06,14.30,1509.6,80.2,-1.10,-0.49,16.62
2024-01-11 15:15:06,14.30,1509.6,80.2,-1.10,-0.49,16.62
2024-01-11 15:25:06,14.30,1509.6,80.2,-1.10,-0.49,16.62
2024-01-11 15:35:06,14.30,1509.6,80.2,-1.10,-0.49,16.62
2024-01-11 15:45:06,14.30,1509.6,80.2,-1.10,-0.49,16.62
2024-01-11 15:55:06,14.30,1509.6,80.2,-1.10,-0.49,16.62
2024-01-11 16:05:06,14.30,1509.6,80.2,-1.10,-0.50,16.62
2024-01-11 16:15:06,14.30,1509.6,80.2,-1.10,-0.49,16.62
2024-01-11 16:25:06,14.30,1509.6,80.2,-1.10,-0.49,16.62
2024-01-11 16:35:06,14.30,1509.6,80.2,-1.10,-0.49,16.62
2024-01-11 16:45:06,14.30,1509.6,80.2,-1.10,-0.49,16.61
2024-01-11 16:55:06,14.30,1509.6,80.2,-1.10,-0.49,16.61
2024-01-11 17:05:06,14.30,1509.6,80.2,-1.11,-0.49,16.61
2024-01-11 17:15:06,14.30,1509.6,80.2,-1.10,-0.49,16.61
2024-01-11 17:25:06,14.30,1509.6,80.2,-1.10,-0.49,16.61
2024-01-11 17:35:06,14.30,1509.6,80.2,-1.10,-0.49,16.61
2024-01-11 17:45:06,14.30,1509.6,80.2,-1.10,-0.49,16.61
2024-01-11 17:55:06,14.30,1509.6,80.2,-1.10,-0.49,16.61
2024-01-11 18:05:06,14.30,1509.6,80.2,-1.10,-0.49,16.61
2024-01-11 18:15:06,14.30,1509.6,80.2,-1.10,-0.49,16.61
2024-01-11 18:25:06,14.30,1509.6,80.2,-1.10,-0.49,16.60
2024-01-11 18:35:06,14.30,1509.6,80.2,-1.10,-0.49,16.60
2024-01-11 18:45:06,14.30,1509.6,80.2,-1.10,-0.50,16.60
2024-01-11 18:55:06,14.30,1509.6,80.2,-1.10,-0.49,16.60
2024-01-11 19:05:06,14.30,1509.6,80.2,-1.10,-0.49,16.60
2024-01-11 19:15:06,14.30,1509.6,80.3,-1.10,-0.49,16.60
2024-01-11 19:25:06,14.30,1509.6,80.3,-1.10,-0.49,16.60
2024-01-11 19:35:06,14.30,1509.6,80.3,-1.10,-0.49,16.60
2024-01-11 19:45:06,14.30,1509.6,80.3,-1.10,-0.49,16.60
2024-01-11 19:55:06,14.30,1509.6,80.3,-1.11,-0.49,16.60
2024-01-11 20:05:06,14.30,1509.6,80.3,-1.10,-0.49,16.60
2024-01-11 20:15:06,14.30,1509.6,80.3,-1.11,-0.49,16.60
2024-01-11 20:25:06,14.30,1509.6,80.3,-1.11,-0.49,16.60
2024-01-11 20:35:06,14.30,1509.6,80.3,-1.11,-0.49,16.60
2024-01-11 20:45:06,14.30,1509.6,80.3,-1.10,-0.49,16.60
2024-01-11 20:55:06,14.30,1509.6,80.3,-1.10,-0.49,16.60
2024-01-11 21:05:06,14.30,1509.6,80.3,-1.11,-0.49,16.60
2024-01-11 21:15:06,14.30,1509.6,80.3,-1.11,-0.49,16.60
2024-01-11 21:25:06,14.30,1509.6,80.3,-1.10,-0.49,16.60
2024-01-11 21:35:06,14.30,1509.6,80.3,-1.11,-0.49,16.60
2024-01-11 21:45:06,14.30,1509.6,80.3,-1.11,-0.49,16.60
2024-01-11 21:55:06,14.30,1509.6,80.3,-1.11,-0.49,16.60
2024-01-11 22:05:06,14.30,1509.6,80.3,-1.10,-0.49,16.59
2024-01-11 22:15:06,14.30,1509.6,80.3,-1.10,-0.49,16.59
2024-01-11 22:25:06,14.30,1509.6,80.3,-1.10,-0.49,16.59
2024-01-11 22:35:06,14.30,1509.6,80.3,-1.11,-0.49,16.59
2024-01-11 22:45:06,14.30,1509.6,80.3,-1.11,-0.49,16.59
2024-01-11 22:55:06,14.30,1509.6,80.3,-1.11,-0.49,16.59
2024-01-11 23:05:06,14.30,1509.6,80.3,-1.11,-0.49,16.59
2024-01-11 23:15:06,14.30,1509.6,80.3,-1.11,-0.49,16.59
2024-01-11 23:25:06,14.30,1509.6,80.3,-1.10,-0.49,16.59
2024-01-11 23:35:06,14.30,1509.6,80.3,-1.11,-0.49,16.59
2024-01-11 23:45:06,14.30,1509.6,80.3,-1.11,-0.49,16.59
2024-01-11 23:55:06,14.30,1509.6,80.3,-1.11,-0.49,16.59
2024-01-12 00:05:06,14.30,1509.6,80.3,-1.10,-0.49,16.59
2024-01-12 00:15:06,14.30,1509.6,80.3,-1.11,-0.49,16.59
2024-01-12 00:25:06,14.30,1509.6,80.3,-1.11,-0.49,16.59
2024-01-12 00:35:06,14.30,1509.6,80.3,-1.11,-0.49,16.59
2024-01-12 00:45:06,14.30,1509.6,80.3,-1.11,-0.49,16.59
2024-01-12 00:55:06,14.30,1509.6,80.3,-1.11,-0.49,16.59
2024-01-12 01:05:06,14.30,1509.6,80.3,-1.11,-0.49,16.59
2024-01-12 01:15:06,14.30,1509.6,80.3,-1.11,-0.49,16.58
2024-01-12 01:25:06,14.30,1509.6,80.3,-1.11,-0.49,16.58
2024-01-12 01:35:06,14.30,1509.6,80.3,-1.11,-0.49,16.58
2024-01-12 01:45:06,14.30,1509.6,80.3,-1.10,-0.49,16.58
2024-01-12 01:55:06,14.30,1509.6,80.3,-1.11,-0.49,16.58
2024-01-12 02:05:06,14.30,1509.6,80.3,-1.10,-0.49,16.58
2024-01-12 02:15:06,14.30,1509.6,80.3,-1.11,-0.49,16.58
2024-01-12 02:25:06,14.30,1509.6,80.3,-1.11,-0.49,16.58
2024-01-12 02:35:06,14.30,1509.6,80.3,-1.11,-0.49,16.58
2024-01-12 02:45:06,14.30,1509.6,80.3,-1.11,-0.49,16.58
2024-01-12 02:55:06,14.30,1509.6,80.3,-1.11,-0.49,16.58
2024-01-12 03:05:06,14.30,1509.6,80.3,-1.11,-0.49,16.58
2024-01-12 03:15:06,14.30,1509.6,80.3,-1.11,-0.49,16.58
2024-01-12 03:25:06,14.30,1509.6,80.2,-1.11,-0.49,16.58
2024-01-12 03:35:06,14.30,1509.6,80.3,-1.11,-0.49,16.58
2024-01-12 03:45:06,14.30,1509.6,80.3,-1.11,-0.49,16.58
2024-01-12 03:55:06,14.30,1509.6,80.3,-1.11,-0.49,16.58
2024-01-12 04:05:06,14.30,1509.6,80.3,-1.11,-0.49,16.58
2024-01-12 04:15:06,14.30,1509.6,80.3,-1.11,-0.49,16.58
2024-01-12 04:25:06,14.30,1509.6,80.3,-1.11,-0.49,16.58
2024-01-12 04:35:06,14.30,1509.6,80.3,-1.11,-0.49,16.58
2024-01-12 04:45:06,14.30,1509.6,80.3,-1.11,-0.49,16.58
2024-01-12 04:55:06,14.30,1509.6,80.3,-1.11,-0.49,16.58
2024-01-12 05:05:06,14.30,1509.6,80.3,-1.11,-0.49,16.58
2024-01-12 05:15:06,14.30,1509.6,80.3,-1.11,-0.49,16.57
2024-01-12 05:25:06,14.30,1509.6,80.3,-1.11,-0.49,16.57
2024-01-12 05:35:06,14.30,1509.6,80.3,-1.11,-0.49,16.57
2024-01-12 05:45:06,14.30,1509.6,80.3,-1.11,-0.49,16.57
2024-01-12 05:55:06,14.30,1509.6,80.3,-1.11,-0.49,16.57
2024-01-12 06:05:06,14.30,1509.6,80.3,-1.11,-0.49,16.57
2024-01-12 06:15:06,14.30,1509.6,80.3,-1.11,-0.49,16.57
2024-01-12 06:25:06,14.30,1509.6,80.3,-1.11,-0.49,16.57
2024-01-12 06:35:06,14.30,1509.6,80.3,-1.11,-0.49,16.57
2024-01-12 06:45:06,14.30,1509.6,80.3,-1.11,-0.49,16.57
2024-01-12 06:55:06,14.30,1509.6,80.3,-1.11,-0.49,16.57
2024-01-12 07:05:06,14.30,1509.6,80.3,-1.11,-0.49,16.57
2024-01-12 07:15:06,14.30,1509.6,80.3,-1.11,-0.49,16.57
2024-01-12 07:25:06,14.30,1509.6,80.3,-1.11,-0.49,16.57
2024-01-12 07:35:06,14.30,1509.6,80.3,-1.11,-0.49,16.57
2024-01-12 07:45:06,14.30,1509.6,80.3,-1.11,-0.49,16.57
2024-01-12 07:55:06,14.30,1509.6,80.3,-1.11,-0.49,16.57
2024-01-12 08:05:06,14.30,1509.6,80.3,-1.11,-0.49,16.57
2024-01-12 08:15:06,14.30,1509.6,80.3,-1.11,-0.49,16.57
2024-01-12 08:25:06,14.30,1509.6,80.3,-1.11,-0.49,16.57
2024-01-12 08:35:06,14.30,1509.6,80.3,-1.11,-0.49,16.57
2024-01-12 08:45:06,14.30,1509.6,80.3,-1.11,-0.49,16.57
2024-01-12 08:55:06,14.30,1509.6,80.3,-1.11,-0.49,16.57
2024-01-12 09:05:06,14.30,1509.6,80.3,-1.11,-0.49,16.57
2024-01-12 09:15:06,14.30,1509.6,80.3,-1.11,-0.49,16.57
2024-01-12 09:25:06,14.30,1509.6,80.3,-1.11,-0.49,16.56
2024-01-12 09:35:06,14.30,1509.6,80.3,-1.11,-0.49,16.56
2024-01-12 09:45:06,14.30,1509.6,80.3,-1.11,-0.49,16.56
2024-01-12 09:55:06,14.30,1509.6,80.3,-1.11,-0.49,16.56
2024-01-12 10:05:06,14.30,1509.6,80.3,-1.11,-0.49,16.56
2024-01-12 10:15:06,14.30,1509.6,80.3,-1.11,-0.49,16.56
2024-01-12 10:25:06,14.30,1509.6,80.3,-1.11,-0.49,16.56
2024-01-12 10:35:06,14.30,1509.6,80.3,-1.11,-0.49,16.56
2024-01-12 10:45:06,14.30,1509.6,80.3,-1.10,-0.49,16.56
2024-01-12 10:55:06,14.30,1509.6,80.3,-1.11,-0.49,16.56
2024-01-12 11:05:06,14.30,1509.6,80.3,-1.11,-0.49,16.56
2024-01-12 11:15:06,14.30,1509.6,80.3,-1.11,-0.49,16.56
2024-01-12 11:25:06,14.30,1509.6,80.3,-1.11,-0.49,16.56
2024-01-12 11:35:06,14.30,1509.6,80.3,-1.11,-0.49,16.56
2024-01-12 11:45:06,14.30,1509.6,80.3,-1.11,-0.49,16.56
2024-01-12 11:55:06,14.30,1509.6,80.3,-1.10,-0.50,16.56
2024-01-12 12:05:06,14.30,1509.6,80.3,-1.11,-0.49,16.56
2024-01-12 12:15:06,14.30,1509.6,80.3,-1.11,-0.49,16.56
2024-01-12 12:25:06,14.30,1509.6,80.3,-1.11,-0.49,16.56
2024-01-12 12:35:06,14.30,1509.6,80.3,-1.11,-0.49,16.56
2024-01-12 12:45:06,14.30,1509.6,80.3,-1.11,-0.49,16.56
2024-01-12 12:55:06,14.30,1509.6,80.2,-1.11,-0.49,16.56
2024-01-12 13:05:06,14.30,1509.6,80.3,-1.11,-0.49,16.56
2024-01-12 13:15:06,14.30,1509.6,80.3,-1.11,-0.49,16.56
2024-01-12 13:25:06,14.30,1509.6,80.2,-1.11,-0.49,16.56
2024-01-12 13:35:06,14.30,1509.6,80.2,-1.11,-0.49,16.56
2024-01-12 13:45:06,14.30,1509.6,80.3,-1.11,-0.49,16.56
2024-01-12 13:55:06,14.30,1509.6,80.2,-1.11,-0.49,16.56
2024-01-12 14:05:06,14.30,1509.6,80.2,-1.11,-0.49,16.56
2024-01-12 14:15:06,14.30,1509.6,80.2,-1.11,-0.49,16.56
2024-01-12 14:25:06,14.30,1509.6,80.2,-1.11,-0.49,16.56
2024-01-12 14:35:06,14.30,1509.6,80.2,-1.11,-0.49,16.56
2024-01-12 14:45:06,14.30,1509.6,80.2,-1.11,-0.49,16.56
2024-01-12 14:55:06,14.30,1509.6,80.2,-1.11,-0.49,16.56
2024-01-12 15:05:06,14.30,1509.6,80.2,-1.11,-0.49,16.56
2024-01-12 15:15:06,14.30,1509.6,80.2,-1.11,-0.49,16.56
2024-01-12 15:25:06,14.30,1509.6,80.2,-1.11,-0.49,16.56
2024-01-12 15:35:06,14.30,1509.6,80.2,-1.11,-0.49,16.56
2024-01-12 15:45:06,14.30,1509.6,80.2,-1.11,-0.49,16.56
2024-01-12 15:55:06,14.30,1509.6,80.2,-1.11,-0.49,16.56
2024-01-12 16:05:06,14.30,1509.6,80.2,-1.10,-0.49,16.55
2024-01-12 16:15:06,14.30,1509.6,80.2,-1.11,-0.49,16.55
2024-01-12 16:25:06,14.30,1509.6,80.2,-1.11,-0.49,16.55
2024-01-12 16:35:06,14.30,1509.6,80.2,-1.11,-0.49,16.55
2024-01-12 16:45:06,14.30,1509.6,80.2,-1.11,-0.49,16.55
2024-01-12 16:55:06,14.30,1509.6,80.2,-1.11,-0.49,16.55
2024-01-12 17:05:06,14.30,1509.6,80.2,-1.11,-0.49,16.55
2024-01-12 17:15:06,14.30,1509.6,80.2,-1.11,-0.49,16.55
2024-01-12 17:25:06,14.30,1509.6,80.2,-1.11,-0.49,16.55
2024-01-12 17:35:06,14.30,1509.6,80.2,-1.11,-0.49,16.55
2024-01-12 17:45:06,14.30,1509.6,80.2,-1.11,-0.49,16.55
2024-01-12 17:55:06,14.30,1509.6,80.2,-1.11,-0.49,16.55
2024-01-12 18:05:06,14.30,1509.6,80.2,-1.11,-0.49,16.55
2024-01-12 18:15:06,14.30,1509.6,80.2,-1.11,-0.49,16.55
2024-01-12 18:25:06,14.30,1509.6,80.2,-1.11,-0.49,16.55
2024-01-12 18:35:06,14.30,1509.6,80.2,-1.11,-0.50,16.55
2024-01-12 18:45:06,14.30,1509.6,80.2,-1.11,-0.49,16.55
2024-01-12 18:55:06,14.30,1509.6,80.2,-1.11,-0.49,16.55
2024-01-12 19:05:06,14.30,1509.6,80.2,-1.11,-0.49,16.55
2024-01-12 19:15:06,14.30,1509.6,80.3,-1.11,-0.49,16.55
2024-01-12 19:25:06,14.30,1509.6,80.3,-1.11,-0.49,16.55
2024-01-12 19:35:06,14.30,1509.6,80.3,-1.11,-0.49,16.55
2024-01-12 19:45:06,14.30,1509.6,80.3,-1.11,-0.49,16.55
2024-01-12 19:55:06,14.30,1509.6,80.3,-1.10,-0.49,16.55
2024-01-12 20:05:06,14.30,1509.6,80.3,-1.11,-0.49,16.55
2024-01-12 20:15:06,14.30,1509.6,80.3,-1.11,-0.49,16.55
2024-01-12 20:25:06,14.30,1509.6,80.3,-1.11,-0.49,16.55
2024-01-12 20:35:06,14.30,1509.6,80.3,-1.10,-0.49,16.55
2024-01-12 20:45:06,14.30,1509.6,80.3,-1.11,-0.49,16.55
2024-01-12 20:55:06,14.30,1509.6,80.3,-1.11,-0.49,16.55
2024-01-12 21:05:06,14.30,1509.6,80.3,-1.11,-0.49,16.55
2024-01-12 21:15:06,14.30,1509.6,80.3,-1.11,-0.49,16.55
2024-01-12 21:25:06,14.30,1509.6,80.3,-1.11,-0.49,16.54
2024-01-12 21:35:06,14.30,1509.6,80.3,-1.11,-0.49,16.54
2024-01-12 21:45:06,14.30,1509.6,80.3,-1.11,-0.49,16.54
2024-01-12 21:55:06,14.30,1509.6,80.3,-1.11,-0.49,16.54
2024-01-12 22:05:06,14.30,1509.6,80.3,-1.11,-0.49,16.54
2024-01-12 22:15:06,14.30,1509.6,80.3,-1.11,-0.49,16.54
2024-01-12 22:25:06,14.30,1509.6,80.3,-1.11,-0.49,16.54
2024-01-12 22:35:06,14.30,1509.6,80.3,-1.11,-0.49,16.54
2024-01-12 22:45:06,14.30,1509.6,80.3,-1.11,-0.49,16.54
2024-01-12 22:55:06,14.30,1509.6,80.3,-1.11,-0.49,16.54
2024-01-12 23:05:06,14.30,1509.6,80.3,-1.11,-0.49,16.54
2024-01-12 23:15:06,14.30,1509.6,80.3,-1.11,-0.49,16.54
2024-01-12 23:25:06,14.30,1509.6,80.3,-1.11,-0.49,16.54
2024-01-12 23:35:06,14.30,1509.6,80.3,-1.11,-0.49,16.54
2024-01-12 23:45:06,14.30,1509.6,80.3,-1.11,-0.49,16.54
2024-01-12 23:55:06,14.30,1509.6,80.3,-1.11,-0.49,16.54
2024-01-13 00:05:06,14.30,1509.6,80.3,-1.11,-0.49,16.54
2024-01-13 00:15:06,14.30,1509.6,80.3,-1.11,-0.49,16.54
2024-01-13 00:25:06,14.30,1509.6,80.3,-1.11,-0.49,16.54
2024-01-13 00:35:06,14.30,1509.6,80.3,-1.11,-0.49,16.54
2024-01-13 00:45:06,14.30,1509.6,80.3,-1.11,-0.49,16.54
2024-01-13 00:55:06,14.30,1509.6,80.3,-1.11,-0.49,16.54
2024-01-13 01:05:06,14.30,1509.6,80.3,-1.11,-0.49,16.54
2024-01-13 01:15:06,14.30,1509.6,80.3,-1.11,-0.49,16.54
2024-01-13 01:25:06,14.30,1509.6,80.3,-1.11,-0.49,16.54
2024-01-13 01:35:06,14.30,1509.6,80.3,-1.11,-0.49,16.54
2024-01-13 01:45:06,14.30,1509.6,80.3,-1.11,-0.49,16.53
2024-01-13 01:55:06,14.30,1509.6,80.3,-1.11,-0.49,16.53
2024-01-13 02:05:06,14.30,1509.6,80.3,-1.11,-0.49,16.53
2024-01-13 02:15:06,14.30,1509.6,80.3,-1.11,-0.49,16.53
2024-01-13 02:25:06,14.30,1509.6,80.3,-1.11,-0.49,16.53
2024-01-13 02:35:06,14.29,1509.6,80.3,-1.11,-0.49,16.53
2024-01-13 02:45:06,14.30,1509.6,80.3,-1.11,-0.49,16.53
2024-01-13 02:55:06,14.30,1509.6,80.3,-1.11,-0.49,16.53
2024-01-13 03:05:06,14.30,1509.6,80.3,-1.11,-0.49,16.53
2024-01-13 03:15:06,14.30,1509.6,80.3,-1.11,-0.49,16.53
2024-01-13 03:25:06,14.30,1509.6,80.3,-1.11,-0.49,16.53
2024-01-13 03:35:06,14.29,1509.6,80.3,-1.11,-0.49,16.53
2024-01-13 03:45:06,14.29,1509.6,80.3,-1.11,-0.49,16.53
2024-01-13 03:55:06,14.29,1509.6,80.3,-1.11,-0.49,16.53
2024-01-13 04:05:06,14.29,1509.6,80.3,-1.11,-0.49,16.53
2024-01-13 04:15:06,14.29,1509.6,80.3,-1.11,-0.49,16.53
2024-01-13 04:25:06,14.29,1509.6,80.3,-1.11,-0.49,16.53
2024-01-13 04:35:06,14.29,1509.6,80.3,-1.11,-0.49,16.53
2024-01-13 04:45:06,14.29,1509.6,80.3,-1.11,-0.49,16.53
2024-01-13 04:55:06,14.29,1509.6,80.3,-1.11,-0.49,16.53
2024-01-13 05:05:06,14.29,1509.6,80.3,-1.11,-0.49,16.52
2024-01-13 05:15:06,14.28,1509.6,80.3,-1.11,-0.49,16.52
2024-01-13 05:25:06,14.28,1509.6,80.3,-1.11,-0.49,16.52
2024-01-13 05:35:06,14.28,1509.6,80.3,-1.11,-0.49,16.52
2024-01-13 05:45:06,14.28,1509.6,80.3,-1.11,-0.49,16.52
2024-01-13 05:55:06,14.28,1509.6,80.3,-1.11,-0.49,16.52
2024-01-13 06:05:06,14.28,1509.6,80.3,-1.11,-0.49,16.52
2024-01-13 06:15:06,14.28,1509.6,80.3,-1.11,-0.49,16.52
2024-01-13 06:25:06,14.28,1509.6,80.3,-1.11,-0.49,16.52
2024-01-13 06:35:06,14.28,1509.6,80.3,-1.11,-0.49,16.52
2024-01-13 06:45:06,14.28,1509.6,80.3,-1.11,-0.49,16.52
2024-01-13 06:55:06,14.27,1509.6,80.3,-1.11,-0.49,16.52
2024-01-13 07:05:06,14.27,1509.6,80.3,-1.11,-0.49,16.52
2024-01-13 07:15:06,14.27,1509.6,80.3,-1.11,-0.49,16.52
2024-01-13 07:25:06,14.27,1509.6,80.3,-1.11,-0.49,16.52
2024-01-13 07:35:06,14.27,1509.6,80.3,-1.11,-0.49,16.52
2024-01-13 07:45:06,14.27,1509.6,80.3,-1.11,-0.49,16.52
2024-01-13 07:55:06,14.27,1509.6,80.3,-1.11,-0.49,16.52
2024-01-13 08:05:06,14.27,1509.6,80.3,-1.11,-0.49,16.52
2024-01-13 08:15:06,14.26,1509.6,80.3,-1.11,-0.49,16.52
2024-01-13 08:25:06,14.26,1509.6,80.3,-1.11,-0.49,16.52
2024-01-13 08:35:06,14.26,1509.6,80.3,-1.11,-0.49,16.51
2024-01-13 08:45:06,14.26,1509.6,80.3,-1.11,-0.49,16.51
2024-01-13 08:55:06,14.26,1509.6,80.3,-1.11,-0.49,16.51
2024-01-13 09:05:06,14.26,1509.6,80.3,-1.11,-0.49,16.51
2024-01-13 09:15:06,14.26,1509.6,80.3,-1.11,-0.49,16.51
2024-01-13 09:25:06,14.26,1509.6,80.3,-1.11,-0.49,16.51
2024-01-13 09:35:06,14.26,1509.6,80.3,-1.11,-0.50,16.51
2024-01-13 09:45:06,14.26,1509.6,80.3,-1.11,-0.50,16.51
2024-01-13 09:55:06,14.26,1509.6,80.3,-1.11,-0.49,16.51
2024-01-13 10:05:06,14.26,1509.6,80.3,-1.11,-0.49,16.51
2024-01-13 10:15:06,14.25,1509.6,80.3,-1.11,-0.49,16.51
2024-01-13 10:25:06,14.25,1509.6,80.3,-1.11,-0.49,16.51
2024-01-13 10:35:06,14.25,1509.6,80.3,-1.11,-0.49,16.51
2024-01-13 10:45:06,14.25,1509.6,80.3,-1.11,-0.49,16.51
2024-01-13 10:55:06,14.25,1509.6,80.3,-1.11,-0.49,16.51
2024-01-13 11:05:06,14.25,1509.6,80.3,-1.11,-0.49,16.51
2024-01-13 11:15:06,14.25,1509.6,80.3,-1.11,-0.49,16.51
2024-01-13 11:25:06,14.24,1509.6,80.3,-1.11,-0.49,16.51
2024-01-13 11:35:06,14.24,1509.6,80.3,-1.11,-0.49,16.51
2024-01-13 11:45:06,14.23,1509.6,80.3,-1.11,-0.49,16.51
2024-01-13 11:55:06,14.23,1509.6,80.3,-1.11,-0.49,16.51
2024-01-13 12:05:06,14.23,1509.6,80.3,-1.11,-0.49,16.51
2024-01-13 12:15:06,14.23,1509.6,80.3,-1.11,-0.49,16.51
2024-01-13 12:25:06,14.23,1509.6,80.3,-1.11,-0.49,16.50
2024-01-13 12:35:06,14.22,1509.6,80.3,-1.11,-0.49,16.50
2024-01-13 12:45:06,14.22,1509.6,80.3,-1.11,-0.49,16.50
2024-01-13 12:55:06,14.22,1509.6,80.3,-1.11,-0.49,16.50
2024-01-13 13:05:06,14.21,1509.6,80.3,-1.11,-0.49,16.50
2024-01-13 13:15:06,14.21,1509.6,80.3,-1.11,-0.49,16.50
2024-01-13 13:25:06,14.21,1509.6,80.3,-1.11,-0.49,16.50
2024-01-13 13:35:06,14.21,1509.6,80.3,-1.12,-0.49,16.50
2024-01-13 13:45:06,14.21,1509.6,80.3,-1.11,-0.49,16.50
2024-01-13 13:55:06,14.21,1509.6,80.3,-1.11,-0.49,16.50
2024-01-13 14:05:06,14.21,1509.6,80.3,-1.11,-0.49,16.50
2024-01-13 14:15:06,14.20,1509.6,80.3,-1.11,-0.49,16.50
2024-01-13 14:25:06,14.20,1509.6,80.3,-1.11,-0.49,16.50
2024-01-13 14:35:06,14.20,1509.6,80.3,-1.11,-0.49,16.50
2024-01-13 14:45:06,14.20,1509.6,80.2,-1.11,-0.49,16.50
2024-01-13 14:55:06,14.20,1509.6,80.2,-1.11,-0.49,16.50
2024-01-13 15:05:06,14.20,1509.6,80.2,-1.11,-0.49,16.50
2024-01-13 15:15:06,14.20,1509.6,80.2,-1.11,-0.49,16.50
2024-01-13 15:25:06,14.20,1509.6,80.2,-1.11,-0.49,16.50
2024-01-13 15:35:06,14.20,1509.6,80.2,-1.11,-0.49,16.50
2024-01-13 15:45:06,14.20,1509.6,80.2,-1.11,-0.49,16.50
2024-01-13 15:55:06,14.20,1509.6,80.2,-1.11,-0.49,16.50
2024-01-13 16:05:06,14.20,1509.6,80.2,-1.11,-0.49,16.49
2024-01-13 16:15:06,14.20,1509.6,80.2,-1.11,-0.49,16.49
2024-01-13 16:25:06,14.20,1509.6,80.2,-1.11,-0.49,16.49
2024-01-13 16:35:06,14.20,1509.6,80.2,-1.11,-0.49,16.49
2024-01-13 16:45:06,14.20,1509.6,80.2,-1.11,-0.49,16.49
2024-01-13 16:55:06,14.20,1509.6,80.2,-1.11,-0.49,16.49
2024-01-13 17:05:06,14.20,1509.6,80.2,-1.11,-0.49,16.49
2024-01-13 17:15:06,14.20,1509.6,80.2,-1.12,-0.49,16.49
2024-01-13 17:25:06,14.20,1509.6,80.2,-1.11,-0.49,16.49
2024-01-13 17:35:06,14.20,1509.6,80.2,-1.11,-0.49,16.49
2024-01-13 17:45:06,14.20,1509.6,80.2,-1.11,-0.49,16.49
2024-01-13 17:55:06,14.20,1509.6,80.2,-1.11,-0.49,16.49
2024-01-13 18:05:06,14.20,1509.6,80.2,-1.11,-0.49,16.49
2024-01-13 18:15:06,14.20,1509.6,80.2,-1.11,-0.49,16.49
2024-01-13 18:25:06,14.20,1509.6,80.2,-1.11,-0.49,16.49
2024-01-13 18:35:06,14.20,1509.6,80.2,-1.11,-0.49,16.49
2024-01-13 18:45:06,14.20,1509.6,80.2,-1.12,-0.49,16.49
2024-01-13 18:55:06,14.20,1509.6,80.2,-1.11,-0.49,16.49
2024-01-13 19:05:06,14.20,1509.6,80.2,-1.11,-0.49,16.49
2024-01-13 19:15:06,14.20,1509.6,80.3,-1.11,-0.49,16.49
2024-01-13 19:25:06,14.20,1509.6,80.3,-1.11,-0.49,16.49
2024-01-13 19:35:06,14.20,1509.6,80.3,-1.11,-0.49,16.49
2024-01-13 19:45:06,14.20,1509.6,80.3,-1.11,-0.49,16.49
2024-01-13 19:55:06,14.20,1509.6,80.3,-1.11,-0.49,16.49
2024-01-13 20:05:06,14.20,1509.6,80.3,-1.11,-0.49,16.49
2024-01-13 20:15:06,14.20,1509.6,80.3,-1.11,-0.49,16.48
2024-01-13 20:25:06,14.20,1509.6,80.3,-1.11,-0.49,16.48
2024-01-13 20:35:06,14.20,1509.6,80.3,-1.11,-0.49,16.48
2024-01-13 20:45:06,14.20,1509.6,80.3,-1.12,-0.49,16.48
2024-01-13 20:55:06,14.20,1509.6,80.3,-1.11,-0.49,16.48
2024-01-13 21:05:06,14.20,1509.6,80.3,-1.11,-0.49,16.48
2024-01-13 21:15:06,14.20,1509.6,80.3,-1.11,-0.49,16.48
2024-01-13 21:25:06,14.20,1509.6,80.4,-1.12,-0.49,16.48
2024-01-13 21:35:06,14.20,1509.6,80.4,-1.11,-0.49,16.48
2024-01-13 21:45:06,14.20,1509.6,80.4,-1.11,-0.49,16.48
2024-01-13 21:55:06,14.20,1509.6,80.3,-1.11,-0.50,16.48
2024-01-13 22:05:06,14.20,1509.6,80.4,-1.11,-0.49,16.48
2024-01-13 22:15:06,14.20,1509.6,80.3,-1.11,-0.49,16.48
2024-01-13 22:25:06,14.20,1509.6,80.3,-1.11,-0.49,16.48
2024-01-13 22:35:06,14.20,1509.6,80.3,-1.11,-0.49,16.48
2024-01-13 22:45:06,14.20,1509.6,80.3,-1.11,-0.49,16.48
2024-01-13 22:55:06,14.20,1509.6,80.3,-1.11,-0.49,16.48
2024-01-13 23:05:06,14.20,1509.6,80.3,-1.11,-0.49,16.47
2024-01-13 23:15:06,14.20,1509.6,80.3,-1.11,-0.49,16.47
2024-01-13 23:25:06,14.20,1509.6,80.3,-1.11,-0.49,16.47
2024-01-13 23:35:06,14.20,1509.6,80.3,-1.11,-0.49,16.47
2024-01-13 23:45:06,14.20,1509.6,80.3,-1.12,-0.49,16.47
2024-01-13 23:55:06,14.20,1509.6,80.3,-1.11,-0.49,16.47
2024-01-14 00:05:06,14.20,1509.6,80.3,-1.11,-0.49,16.47
2024-01-14 00:15:06,14.20,1509.6,80.3,-1.12,-0.49,16.47
2024-01-14 00:25:06,14.20,1509.6,80.3,-1.11,-0.49,16.47
2024-01-14 00:35:06,14.20,1509.6,80.3,-1.12,-0.49,16.47
2024-01-14 00:45:06,14.20,1509.6,80.3,-1.12,-0.49,16.47
2024-01-14 00:55:06,14.20,1509.6,80.3,-1.11,-0.49,16.47
2024-01-14 01:05:06,14.20,1509.6,80.3,-1.11,-0.49,16.47
2024-01-14 01:15:06,14.20,1509.6,80.3,-1.12,-0.49,16.47
2024-01-14 01:25:06,14.20,1509.6,80.3,-1.12,-0.49,16.47
2024-01-14 01:35:06,14.20,1509.6,80.3,-1.11,-0.49,16.47
2024-01-14 01:45:06,14.20,1509.6,80.3,-1.11,-0.49,16.47
2024-01-14 01:55:06,14.20,1509.6,80.3,-1.12,-0.49,16.46
2024-01-14 02:05:06,14.20,1509.6,80.3,-1.12,-0.49,16.46
2024-01-14 02:15:06,14.20,1509.6,80.3,-1.11,-0.49,16.46
2024-01-14 02:25:06,14.20,1509.6,80.3,-1.11,-0.49,16.46
2024-01-14 02:35:06,14.20,1509.6,80.3,-1.12,-0.49,16.46
2024-01-14 02:45:06,14.20,1509.6,80.3,-1.12,-0.49,16.46
2024-01-14 02:55:06,14.20,1509.6,80.3,-1.11,-0.49,16.46
2024-01-14 03:05:06,14.20,1509.6,80.3,-1.12,-0.49,16.46
2024-01-14 03:15:06,14.20,1509.6,80.3,-1.11,-0.49,16.46
2024-01-14 03:25:06,14.20,1509.6,80.3,-1.12,-0.49,16.46
2024-01-14 03:35:06,14.20,1509.6,80.3,-1.11,-0.49,16.46
2024-01-14 03:45:06,14.20,1509.6,80.3,-1.12,-0.49,16.46
2024-01-14 03:55:06,14.20,1509.6,80.3,-1.11,-0.49,16.46
2024-01-14 04:05:06,14.20,1509.6,80.3,-1.12,-0.49,16.46
2024-01-14 04:15:06,14.20,1509.6,80.3,-1.12,-0.49,16.46
2024-01-14 04:25:06,14.20,1509.6,80.3,-1.12,-0.49,16.45
2024-01-14 04:35:06,14.20,1509.6,80.3,-1.12,-0.49,16.45
2024-01-14 04:45:06,14.20,1509.6,80.3,-1.11,-0.49,16.45
2024-01-14 04:55:06,14.20,1509.6,80.3,-1.12,-0.49,16.45
2024-01-14 05:05:06,14.20,1509.6,80.3,-1.12,-0.49,16.45
2024-01-14 05:15:06,14.20,1509.6,80.3,-1.12,-0.49,16.45
2024-01-14 05:25:06,14.20,1509.6,80.3,-1.12,-0.49,16.45
2024-01-14 05:35:06,14.20,1509.6,80.3,-1.11,-0.49,16.45
2024-01-14 05:45:06,14.20,1509.6,80.3,-1.12,-0.49,16.45
2024-01-14 05:55:06,14.20,1509.6,80.3,-1.12,-0.49,16.45
2024-01-14 06:05:06,14.20,1509.6,80.3,-1.12,-0.49,16.45
2024-01-14 06:15:06,14.20,1509.6,80.3,-1.12,-0.49,16.45
2024-01-14 06:25:06,14.20,1509.6,80.3,-1.12,-0.49,16.45
2024-01-14 06:35:06,14.19,1509.6,80.3,-1.12,-0.49,16.45
2024-01-14 06:45:06,14.19,1509.6,80.3,-1.12,-0.49,16.45
2024-01-14 06:55:06,14.19,1509.6,80.3,-1.11,-0.49,16.45
2024-01-14 07:05:06,14.19,1509.6,80.3,-1.12,-0.49,16.45
2024-01-14 07:15:06,14.19,1509.6,80.3,-1.12,-0.49,16.44
2024-01-14 07:25:06,14.18,1509.6,80.3,-1.12,-0.49,16.44
2024-01-14 07:35:06,14.18,1509.6,80.3,-1.12,-0.49,16.44
2024-01-14 07:45:06,14.18,1509.6,80.3,-1.11,-0.49,16.44
2024-01-14 07:55:06,14.17,1509.6,80.3,-1.12,-0.49,16.44
2024-01-14 08:05:06,14.17,1509.6,80.3,-1.12,-0.49,16.44
2024-01-14 08:15:06,14.17,1509.6,80.3,-1.12,-0.49,16.44
2024-01-14 08:25:06,14.17,1509.6,80.3,-1.11,-0.49,16.44
2024-01-14 08:35:06,14.17,1509.6,80.3,-1.12,-0.49,16.44
2024-01-14 08:45:06,14.17,1509.6,80.3,-1.11,-0.49,16.44
2024-01-14 08:55:06,14.16,1509.6,80.3,-1.12,-0.49,16.44
2024-01-14 09:05:06,14.16,1509.6,80.3,-1.12,-0.49,16.44
2024-01-14 09:15:06,14.16,1509.6,80.3,-1.12,-0.49,16.44
2024-01-14 09:25:06,14.15,1509.6,80.3,-1.12,-0.49,16.44
2024-01-14 09:35:06,14.16,1509.6,80.3,-1.12,-0.49,16.44
2024-01-14 09:45:06,14.15,1509.6,80.3,-1.12,-0.49,16.44
2024-01-14 09:55:06,14.15,1509.6,80.3,-1.12,-0.49,16.44
2024-01-14 10:05:06,14.15,1509.6,80.3,-1.12,-0.49,16.44
2024-01-14 10:15:06,14.15,1509.6,80.3,-1.12,-0.49,16.44
2024-01-14 10:25:06,14.15,1509.6,80.3,-1.12,-0.49,16.44
2024-01-14 10:35:06,14.14,1509.6,80.3,-1.12,-0.49,16.44
2024-01-14 10:45:06,14.14,1509.6,80.3,-1.11,-0.49,16.43
2024-01-14 10:55:06,14.13,1509.6,80.3,-1.12,-0.49,16.43
2024-01-14 11:05:06,14.13,1509.6,80.3,-1.12,-0.49,16.43
2024-01-14 11:15:06,14.13,1509.6,80.3,-1.12,-0.49,16.43
2024-01-14 11:25:06,14.12,1509.6,80.3,-1.12,-0.49,16.43
2024-01-14 11:35:06,14.12,1509.6,80.3,-1.12,-0.49,16.43
2024-01-14 11:45:06,14.11,1509.6,80.3,-1.12,-0.49,16.43
2024-01-14 11:55:06,14.11,1509.6,80.3,-1.12,-0.49,16.43
2024-01-14 12:05:06,14.11,1509.6,80.3,-1.12,-0.49,16.43
2024-01-14 12:15:06,14.11,1509.6,80.3,-1.12,-0.49,16.43
2024-01-14 12:25:06,14.10,1509.6,80.3,-1.12,-0.49,16.43
2024-01-14 12:35:06,14.10,1509.6,80.3,-1.12,-0.49,16.43
2024-01-14 12:45:06,14.10,1509.6,80.3,-1.12,-0.49,16.43
2024-01-14 12:55:06,14.10,1509.6,80.3,-1.12,-0.49,16.43
2024-01-14 13:05:06,14.10,1509.6,80.3,-1.12,-0.49,16.43
2024-01-14 13:15:06,14.10,1509.6,80.3,-1.12,-0.49,16.43
2024-01-14 13:25:06,14.10,1509.6,80.3,-1.12,-0.49,16.43
2024-01-14 13:35:06,14.10,1509.6,80.3,-1.12,-0.49,16.43
2024-01-14 13:45:06,14.10,1509.6,80.3,-1.12,-0.49,16.43
2024-01-14 13:55:06,14.10,1509.6,80.3,-1.12,-0.49,16.43
2024-01-14 14:05:06,14.10,1509.6,80.3,-1.12,-0.49,16.43
2024-01-14 14:15:06,14.10,1509.6,80.3,-1.12,-0.49,16.43
2024-01-14 14:25:06,14.10,1509.6,80.3,-1.11,-0.49,16.43
2024-01-14 14:35:06,14.10,1509.6,80.3,-1.12,-0.49,16.43
2024-01-14 14:45:06,14.10,1509.6,80.3,-1.12,-0.49,16.43
2024-01-14 14:55:06,14.10,1509.6,80.3,-1.12,-0.49,16.43
2024-01-14 15:05:06,14.10,1509.6,80.3,-1.12,-0.49,16.43
2024-01-14 15:15:06,14.10,1509.6,80.3,-1.12,-0.49,16.43
2024-01-14 15:25:06,14.10,1509.6,80.2,-1.12,-0.49,16.43
2024-01-14 15:35:06,14.10,1509.6,80.2,-1.12,-0.49,16.43
2024-01-14 15:45:06,14.10,1509.6,80.2,-1.12,-0.49,16.43
2024-01-14 15:55:06,14.10,1509.6,80.2,-1.12,-0.49,16.43
2024-01-14 16:05:06,14.10,1509.6,80.2,-1.11,-0.49,16.43
2024-01-14 16:15:06,14.10,1509.6,80.2,-1.12,-0.49,16.42
2024-01-14 16:25:06,14.10,1509.6,80.2,-1.12,-0.49,16.42
2024-01-14 16:35:06,14.10,1509.6,80.2,-1.12,-0.49,16.42
2024-01-14 16:45:06,14.10,1509.6,80.2,-1.12,-0.49,16.42
2024-01-14 16:55:06,14.10,1509.6,80.2,-1.12,-0.49,16.42
2024-01-14 17:05:06,14.10,1509.6,80.2,-1.12,-0.49,16.42
2024-01-14 17:15:06,14.10,1509.6,80.2,-1.12,-0.49,16.42
2024-01-14 17:25:06,14.10,1509.6,80.2,-1.12,-0.49,16.42
2024-01-14 17:35:06,14.10,1509.6,80.2,-1.12,-0.49,16.42
2024-01-14 17:45:06,14.10,1509.6,80.2,-1.12,-0.49,16.42
2024-01-14 17:55:06,14.10,1509.6,80.2,-1.12,-0.49,16.42
2024-01-14 18:05:06,14.10,1509.6,80.2,-1.12,-0.49,16.42
2024-01-14 18:15:06,14.10,1509.6,80.2,-1.12,-0.49,16.42
2024-01-14 18:25:06,14.10,1509.6,80.3,-1.12,-0.50,16.42
2024-01-14 18:35:06,14.10,1509.6,80.3,-1.12,-0.49,16.42
2024-01-14 18:45:06,14.10,1509.6,80.3,-1.12,-0.49,16.42
2024-01-14 18:55:06,14.10,1509.6,80.3,-1.12,-0.49,16.42
2024-01-14 19:05:06,14.10,1509.6,80.3,-1.12,-0.49,16.42
2024-01-14 19:15:06,14.10,1509.6,80.3,-1.12,-0.49,16.42
2024-01-14 19:25:06,14.10,1509.6,80.3,-1.12,-0.49,16.42
2024-01-14 19:35:06,14.10,1509.6,80.3,-1.12,-0.50,16.42
2024-01-14 19:45:06,14.10,1509.6,80.3,-1.12,-0.50,16.42
2024-01-14 19:55:06,14.10,1509.6,80.3,-1.12,-0.49,16.42
2024-01-14 20:05:06,14.10,1509.6,80.3,-1.12,-0.49,16.42
2024-01-14 20:15:06,14.10,1509.6,80.3,-1.12,-0.49,16.41
2024-01-14 20:25:06,14.10,1509.6,80.3,-1.12,-0.49,16.41
2024-01-14 20:35:06,14.10,1509.6,80.3,-1.12,-0.49,16.41
2024-01-14 20:45:06,14.10,1509.6,80.3,-1.12,-0.50,16.41
2024-01-14 20:55:06,14.10,1509.6,80.3,-1.12,-0.50,16.41
2024-01-14 21:05:06,14.10,1509.6,80.4,-1.12,-0.49,16.41
2024-01-14 21:15:06,14.10,1509.6,80.4,-1.12,-0.49,16.41
2024-01-14 21:25:06,14.10,1509.6,80.4,-1.12,-0.49,16.41
2024-01-14 21:35:06,14.10,1509.6,80.4,-1.12,-0.49,16.41
2024-01-14 21:45:06,14.10,1509.6,80.4,-1.12,-0.49,16.41
2024-01-14 21:55:06,14.10,1509.6,80.4,-1.12,-0.49,16.41
2024-01-14 22:05:06,14.10,1509.6,80.4,-1.12,-0.49,16.41
2024-01-14 22:15:06,14.10,1509.6,80.4,-1.12,-0.49,16.41
2024-01-14 22:25:06,14.10,1509.6,80.4,-1.12,-0.49,16.41
2024-01-14 22:35:06,14.10,1509.6,80.4,-1.12,-0.49,16.41
2024-01-14 22:45:06,14.09,1509.6,80.4,-1.12,-0.49,16.41
2024-01-14 22:55:06,14.09,1509.6,80.4,-1.12,-0.49,16.41
2024-01-14 23:05:06,14.09,1509.6,80.4,-1.12,-0.49,16.41
2024-01-14 23:15:06,14.08,1509.6,80.4,-1.12,-0.49,16.41
2024-01-14 23:25:06,14.08,1509.6,80.4,-1.12,-0.49,16.40
2024-01-14 23:35:06,14.07,1509.6,80.4,-1.12,-0.49,16.40
2024-01-14 23:45:06,14.06,1509.6,80.4,-1.12,-0.49,16.40
2024-01-14 23:55:06,14.06,1509.6,80.4,-1.12,-0.49,16.40
2024-01-15 00:05:06,14.06,1509.6,80.3,-1.12,-0.49,16.40
2024-01-15 00:15:06,14.05,1509.6,80.3,-1.12,-0.49,16.40
2024-01-15 00:25:06,14.05,1509.6,80.3,-1.12,-0.49,16.40
2024-01-15 00:35:06,14.05,1509.6,80.3,-1.13,-0.50,16.40
2024-01-15 00:45:06,14.04,1509.6,80.3,-1.13,-0.49,16.40
2024-01-15 00:55:06,14.03,1509.6,80.3,-1.12,-0.49,16.40
2024-01-15 01:05:06,14.02,1509.6,80.3,-1.12,-0.49,16.40
2024-01-15 01:15:06,14.01,1509.6,80.3,-1.12,-0.49,16.40
2024-01-15 01:25:06,14.01,1509.6,80.3,-1.12,-0.49,16.40
2024-01-15 01:35:06,14.00,1509.6,80.3,-1.13,-0.49,16.40
2024-01-15 01:45:06,14.00,1509.6,80.3,-1.13,-0.49,16.40
2024-01-15 01:55:06,14.00,1509.6,80.3,-1.13,-0.49,16.40
2024-01-15 02:05:06,14.00,1509.6,80.3,-1.12,-0.49,16.40
2024-01-15 02:15:06,14.00,1509.6,80.3,-1.12,-0.49,16.39
2024-01-15 02:25:06,14.00,1509.6,80.3,-1.12,-0.49,16.39
2024-01-15 02:35:06,14.00,1509.6,80.3,-1.13,-0.49,16.39
2024-01-15 02:45:06,14.00,1509.6,80.3,-1.12,-0.49,16.39
2024-01-15 02:55:06,14.00,1509.6,80.3,-1.12,-0.49,16.39
2024-01-15 03:05:06,14.00,1509.6,80.3,-1.12,-0.49,16.39
2024-01-15 03:15:06,14.00,1509.6,80.3,-1.13,-0.49,16.39
2024-01-15 03:25:06,14.00,1509.6,80.3,-1.13,-0.49,16.39
2024-01-15 03:35:06,14.00,1509.6,80.3,-1.13,-0.49,16.39
2024-01-15 03:45:06,14.00,1509.6,80.3,-1.13,-0.49,16.39
2024-01-15 03:55:06,14.00,1509.6,80.3,-1.13,-0.49,16.39
2024-01-15 04:05:06,14.00,1509.6,80.3,-1.13,-0.49,16.39
2024-01-15 04:15:06,14.00,1509.6,80.3,-1.13,-0.49,16.38
2024-01-15 04:25:06,14.00,1509.6,80.3,-1.13,-0.49,16.38
2024-01-15 04:35:06,14.00,1509.6,80.3,-1.13,-0.49,16.38
2024-01-15 04:45:06,14.00,1509.6,80.3,-1.13,-0.49,16.38
2024-01-15 04:55:06,14.00,1509.6,80.3,-1.13,-0.50,16.38
2024-01-15 05:05:06,14.00,1509.6,80.3,-1.13,-0.49,16.38
2024-01-15 05:15:06,14.00,1509.6,80.3,-1.13,-0.49,16.38
2024-01-15 05:25:06,14.00,1509.6,80.3,-1.13,-0.49,16.38
2024-01-15 05:35:06,14.00,1509.6,80.3,-1.13,-0.49,16.38
2024-01-15 05:45:06,14.00,1509.6,80.3,-1.12,-0.50,16.38
2024-01-15 05:55:06,14.00,1509.6,80.3,-1.13,-0.49,16.38
2024-01-15 06:05:06,14.00,1509.6,80.3,-1.13,-0.49,16.38
2024-01-15 06:15:06,14.00,1509.6,80.3,-1.13,-0.49,16.38
2024-01-15 06:25:06,14.00,1509.6,80.3,-1.13,-0.50,16.38
2024-01-15 06:35:06,14.00,1509.6,80.3,-1.13,-0.49,16.38
2024-01-15 06:45:06,14.00,1509.6,80.3,-1.13,-0.49,16.38
2024-01-15 06:55:06,14.00,1509.6,80.3,-1.12,-0.49,16.38
2024-01-15 07:05:06,14.00,1509.6,80.3,-1.13,-0.49,16.37
2024-01-15 07:15:06,14.00,1509.6,80.3,-1.13,-0.49,16.37
2024-01-15 07:25:06,14.00,1509.6,80.3,-1.13,-0.49,16.37
2024-01-15 07:35:06,14.00,1509.6,80.3,-1.13,-0.50,16.37
2024-01-15 07:45:06,14.00,1509.6,80.3,-1.13,-0.49,16.37
2024-01-15 07:55:06,14.00,1509.6,80.3,-1.13,-0.49,16.37
2024-01-15 08:05:06,14.00,1509.6,80.3,-1.13,-0.50,16.37
2024-01-15 08:15:06,14.00,1509.6,80.3,-1.13,-0.49,16.37
2024-01-15 08:25:06,14.00,1509.6,80.3,-1.13,-0.50,16.37
2024-01-15 08:35:06,14.00,1509.6,80.3,-1.13,-0.49,16.37
2024-01-15 08:45:06,14.00,1509.6,80.3,-1.13,-0.50,16.37
2024-01-15 08:55:06,14.00,1509.6,80.3,-1.13,-0.49,16.37
2024-01-15 09:05:06,14.00,1509.6,80.3,-1.13,-0.49,16.37
2024-01-15 09:15:06,14.00,1509.6,80.3,-1.13,-0.50,16.37
2024-01-15 09:25:06,14.00,1509.6,80.3,-1.13,-0.49,16.37
2024-01-15 09:35:06,14.00,1509.6,80.3,-1.13,-0.50,16.37
2024-01-15 09:45:06,14.00,1509.6,80.3,-1.13,-0.50,16.36
2024-01-15 09:55:06,13.99,1509.6,80.3,-1.13,-0.49,16.36
2024-01-15 10:05:06,13.99,1509.6,80.3,-1.13,-0.49,16.36
2024-01-15 10:15:06,13.99,1509.6,80.3,-1.13,-0.49,16.36
2024-01-15 10:25:06,13.99,1509.6,80.3,-1.13,-0.49,16.36
2024-01-15 10:35:06,13.98,1509.6,80.3,-1.13,-0.49,16.36
2024-01-15 10:45:06,13.98,1509.6,80.3,-1.13,-0.50,16.36
2024-01-15 10:55:06,13.98,1509.6,80.3,-1.13,-0.49,16.36
2024-01-15 11:05:06,13.97,1509.6,80.3,-1.12,-0.49,16.36
2024-01-15 11:15:06,13.97,1509.6,80.3,-1.13,-0.49,16.36
2024-01-15 11:25:06,13.97,1509.6,80.3,-1.13,-0.49,16.36
2024-01-15 11:35:06,13.97,1509.6,80.3,-1.13,-0.49,16.36
2024-01-15 11:45:06,13.97,1509.6,80.3,-1.13,-0.49,16.36
2024-01-15 11:55:06,13.97,1509.6,80.3,-1.13,-0.49,16.36
2024-01-15 12:05:06,13.96,1509.6,80.3,-1.13,-0.49,16.36
2024-01-15 12:15:06,13.96,1509.6,80.3,-1.13,-0.50,16.36
2024-01-15 12:25:06,13.95,1509.6,80.3,-1.13,-0.50,16.36
2024-01-15 12:35:06,13.96,1509.6,80.3,-1.13,-0.49,16.36
2024-01-15 12:45:06,13.96,1509.6,80.3,-1.13,-0.49,16.36
2024-01-15 12:55:06,13.95,1509.6,80.3,-1.13,-0.49,16.35
2024-01-15 13:05:06,13.95,1509.6,80.3,-1.13,-0.50,16.35
2024-01-15 13:15:06,13.95,1509.6,80.3,-1.13,-0.50,16.35
2024-01-15 13:25:06,13.94,1509.6,80.3,-1.13,-0.49,16.35
2024-01-15 13:35:06,13.94,1509.6,80.3,-1.13,-0.49,16.35
2024-01-15 13:45:06,13.94,1509.6,80.3,-1.13,-0.49,16.35
2024-01-15 13:55:06,13.93,1509.6,80.3,-1.13,-0.49,16.35
2024-01-15 14:05:06,13.93,1509.6,80.3,-1.13,-0.49,16.35
2024-01-15 14:15:06,13.92,1509.6,80.3,-1.13,-0.49,16.35
2024-01-15 14:25:06,13.92,1509.6,80.3,-1.13,-0.49,16.35
2024-01-15 14:35:06,13.91,1509.6,80.3,-1.13,-0.49,16.35
2024-01-15 14:45:06,13.91,1509.6,80.3,-1.13,-0.49,16.35
2024-01-15 14:55:06,13.91,1509.6,80.3,-1.13,-0.49,16.35
2024-01-15 15:05:06,13.91,1509.6,80.3,-1.13,-0.49,16.35
2024-01-15 15:15:06,13.90,1509.6,80.3,-1.13,-0.50,16.35
2024-01-15 15:25:06,13.90,1509.6,80.3,-1.13,-0.49,16.35
2024-01-15 15:35:06,13.90,1509.6,80.3,-1.13,-0.49,16.35
2024-01-15 15:45:06,13.90,1509.6,80.3,-1.13,-0.49,16.35
2024-01-15 15:55:06,13.90,1509.6,80.3,-1.13,-0.50,16.34
2024-01-15 16:05:06,13.90,1509.6,80.2,-1.13,-0.49,16.34
2024-01-15 16:15:06,13.90,1509.6,80.3,-1.13,-0.49,16.34
2024-01-15 16:25:06,13.90,1509.6,80.2,-1.13,-0.49,16.34
2024-01-15 16:35:06,13.90,1509.6,80.2,-1.13,-0.49,16.34
2024-01-15 16:45:06,13.90,1509.6,80.2,-1.13,-0.49,16.34
2024-01-15 16:55:06,13.90,1509.6,80.2,-1.13,-0.49,16.34
2024-01-15 17:05:06,13.90,1509.6,80.2,-1.13,-0.50,16.34
2024-01-15 17:15:06,13.90,1509.6,80.2,-1.13,-0.49,16.34
2024-01-15 17:25:06,13.90,1509.6,80.2,-1.13,-0.49,16.34
2024-01-15 17:35:06,13.90,1509.6,80.2,-1.13,-0.49,16.34
2024-01-15 17:45:06,13.90,1509.6,80.2,-1.13,-0.49,16.34
2024-01-15 17:55:06,13.90,1509.6,80.2,-1.13,-0.49,16.34
2024-01-15 18:05:06,13.90,1509.6,80.2,-1.13,-0.49,16.34
2024-01-15 18:15:06,13.90,1509.6,80.2,-1.13,-0.49,16.34
2024-01-15 18:25:06,13.90,1509.6,80.3,-1.13,-0.49,16.34
2024-01-15 18:35:06,13.90,1509.6,80.3,-1.13,-0.49,16.33
2024-01-15 18:45:06,13.90,1509.6,80.3,-1.13,-0.49,16.33
2024-01-15 18:55:06,13.90,1509.6,80.3,-1.13,-0.49,16.33
2024-01-15 19:05:06,13.90,1509.6,80.3,-1.13,-0.50,16.33
2024-01-15 19:15:06,13.90,1509.6,80.3,-1.13,-0.49,16.33
2024-01-15 19:25:06,13.90,1509.6,80.3,-1.13,-0.49,16.33
2024-01-15 19:35:06,13.90,1509.6,80.3,-1.13,-0.50,16.33
2024-01-15 19:45:06,13.90,1509.6,80.3,-1.13,-0.49,16.33
2024-01-15 19:55:06,13.90,1509.6,80.3,-1.13,-0.49,16.33
2024-01-15 20:05:06,13.90,1509.6,80.4,-1.13,-0.49,16.33
2024-01-15 20:15:06,13.90,1509.6,80.4,-1.13,-0.49,16.33
2024-01-15 20:25:06,13.90,1509.6,80.4,-1.13,-0.50,16.33
2024-01-15 20:35:06,13.90,1509.6,80.4,-1.13,-0.49,16.33
2024-01-15 20:45:06,13.90,1509.6,80.4,-1.13,-0.49,16.32
2024-01-15 20:55:06,13.90,1509.6,80.4,-1.14,-0.49,16.32
2024-01-15 21:05:06,13.90,1509.6,80.4,-1.13,-0.49,16.32
2024-01-15 21:15:06,13.90,1509.6,80.4,-1.13,-0.50,16.32
2024-01-15 21:25:06,13.90,1509.6,80.3,-1.13,-0.50,16.32
2024-01-15 21:35:06,13.90,1509.6,80.4,-1.13,-0.50,16.32
2024-01-15 21:45:06,13.90,1509.6,80.4,-1.13,-0.49,16.32
2024-01-15 21:55:06,13.90,1509.6,80.4,-1.13,-0.49,16.32
2024-01-15 22:05:06,13.90,1509.6,80.4,-1.13,-0.50,16.32
2024-01-15 22:15:06,13.90,1509.6,80.4,-1.13,-0.50,16.32
2024-01-15 22:25:06,13.90,1509.6,80.4,-1.14,-0.50,16.32
2024-01-15 22:35:06,13.90,1509.6,80.4,-1.13,-0.49,16.32
2024-01-15 22:45:06,13.90,1509.6,80.4,-1.14,-0.50,16.32
2024-01-15 22:55:06,13.90,1509.6,80.4,-1.13,-0.49,16.32
2024-01-15 23:05:06,13.90,1509.6,80.4,-1.13,-0.49,16.31
2024-01-15 23:15:06,13.90,1509.6,80.4,-1.13,-0.49,16.31
2024-01-15 23:25:06,13.90,1509.6,80.4,-1.13,-0.49,16.31
2024-01-15 23:35:06,13.90,1509.6,80.4,-1.13,-0.49,16.31
2024-01-15 23:45:06,13.90,1509.6,80.4,-1.13,-0.50,16.31
2024-01-15 23:55:06,13.90,1509.6,80.4,-1.13,-0.50,16.31
2024-01-16 00:05:06,13.90,1509.6,80.4,-1.13,-0.49,16.31
2024-01-16 00:15:06,13.90,1509.6,80.4,-1.13,-0.49,16.31
2024-01-16 00:25:06,13.90,1509.6,80.4,-1.13,-0.49,16.31
2024-01-16 00:35:06,13.90,1509.6,80.4,-1.13,-0.49,16.31
2024-01-16 00:45:06,13.90,1509.6,80.4,-1.13,-0.50,16.31
2024-01-16 00:55:06,13.90,1509.6,80.4,-1.13,-0.49,16.31
2024-01-16 01:05:06,13.90,1509.6,80.4,-1.13,-0.49,16.30
2024-01-16 01:15:06,13.90,1509.6,80.4,-1.14,-0.49,16.30
2024-01-16 01:25:06,13.90,1509.6,80.4,-1.13,-0.49,16.30
2024-01-16 01:35:06,13.90,1509.6,80.4,-1.13,-0.49,16.30
2024-01-16 01:45:06,13.90,1509.6,80.4,-1.13,-0.49,16.30
2024-01-16 01:55:06,13.90,1509.6,80.4,-1.13,-0.49,16.30
2024-01-16 02:05:06,13.90,1509.6,80.3,-1.13,-0.49,16.30
2024-01-16 02:15:06,13.90,1509.6,80.3,-1.14,-0.49,16.30
2024-01-16 02:25:06,13.90,1509.6,80.3,-1.13,-0.49,16.30
2024-01-16 02:35:06,13.90,1509.6,80.3,-1.14,-0.50,16.30
2024-01-16 02:45:06,13.90,1509.6,80.3,-1.13,-0.49,16.30
2024-01-16 02:55:06,13.90,1509.6,80.3,-1.13,-0.50,16.30
2024-01-16 03:05:06,13.89,1509.6,80.3,-1.14,-0.49,16.30
2024-01-16 03:15:06,13.89,1509.6,80.3,-1.13,-0.50,16.29
2024-01-16 03:25:06,13.88,1509.6,80.3,-1.13,-0.49,16.29
2024-01-16 03:35:06,13.87,1509.6,80.3,-1.14,-0.49,16.29
2024-01-16 03:45:06,13.87,1509.6,80.3,-1.13,-0.50,16.29
2024-01-16 03:55:06,13.86,1509.6,80.3,-1.13,-0.49,16.29
2024-01-16 04:05:06,13.86,1509.6,80.3,-1.14,-0.49,16.29
2024-01-16 04:15:06,13.85,1509.6,80.3,-1.13,-0.49,16.29
2024-01-16 04:25:06,13.84,1509.6,80.3,-1.13,-0.49,16.29
2024-01-16 04:35:06,13.84,1509.6,80.3,-1.14,-0.50,16.29
2024-01-16 04:45:06,13.82,1509.6,80.3,-1.13,-0.49,16.29
2024-01-16 04:55:06,13.80,1509.6,80.3,-1.14,-0.49,16.29
2024-01-16 05:05:06,13.80,1509.6,80.3,-1.13,-0.49,16.29
2024-01-16 05:15:06,13.80,1509.6,80.3,-1.13,-0.49,16.29
2024-01-16 05:25:06,13.80,1509.6,80.3,-1.14,-0.49,16.29
2024-01-16 05:35:06,13.80,1509.6,80.3,-1.13,-0.50,16.29
2024-01-16 05:45:06,13.80,1509.6,80.3,-1.13,-0.49,16.28
2024-01-16 05:55:06,13.80,1509.6,80.3,-1.13,-0.49,16.28
2024-01-16 06:05:06,13.80,1509.6,80.3,-1.13,-0.49,16.28
2024-01-16 06:15:06,13.80,1509.6,80.3,-1.13,-0.49,16.28
2024-01-16 06:25:06,13.80,1509.6,80.3,-1.14,-0.50,16.28
2024-01-16 06:35:06,13.80,1509.6,80.3,-1.14,-0.50,16.28
2024-01-16 06:45:06,13.80,1509.6,80.3,-1.13,-0.50,16.28
2024-01-16 06:55:06,13.80,1509.6,80.3,-1.13,-0.49,16.28
2024-01-16 07:05:06,13.80,1509.6,80.3,-1.13,-0.50,16.28
2024-01-16 07:15:06,13.80,1509.6,80.3,-1.13,-0.50,16.28
2024-01-16 07:25:06,13.80,1509.6,80.4,-1.14,-0.49,16.28
2024-01-16 07:35:06,13.80,1509.6,80.3,-1.14,-0.50,16.28
2024-01-16 07:45:06,13.80,1509.6,80.3,-1.14,-0.50,16.28
2024-01-16 07:55:06,13.80,1509.6,80.3,-1.14,-0.49,16.28
2024-01-16 08:05:06,13.79,1509.6,80.3,-1.14,-0.50,16.28
2024-01-16 08:15:06,13.78,1509.6,80.3,-1.14,-0.49,16.28
2024-01-16 08:25:06,13.77,1509.6,80.3,-1.14,-0.49,16.28
2024-01-16 08:35:06,13.76,1509.6,80.3,-1.13,-0.49,16.28
2024-01-16 08:45:06,13.74,1509.6,80.4,-1.14,-0.49,16.27
2024-01-16 08:55:06,13.71,1509.6,80.4,-1.14,-0.49,16.27
2024-01-16 09:05:06,13.70,1509.6,80.3,-1.14,-0.50,16.27
2024-01-16 09:15:06,13.70,1509.6,80.4,-1.14,-0.50,16.27
2024-01-16 09:25:06,13.70,1509.6,80.4,-1.14,-0.49,16.27
2024-01-16 09:35:06,13.70,1509.6,80.3,-1.14,-0.49,16.27
2024-01-16 09:45:06,13.70,1509.6,80.4,-1.14,-0.50,16.27
2024-01-16 09:55:06,13.70,1509.6,80.4,-1.14,-0.50,16.27
2024-01-16 10:05:06,13.70,1509.6,80.4,-1.14,-0.50,16.27
2024-01-16 10:15:06,13.70,1509.6,80.4,-1.14,-0.49,16.27
2024-01-16 10:25:06,13.70,1509.6,80.4,-1.14,-0.49,16.27
2024-01-16 10:35:06,13.70,1509.6,80.4,-1.14,-0.50,16.27
2024-01-16 10:45:06,13.70,1509.6,80.4,-1.14,-0.50,16.27
2024-01-16 10:55:06,13.70,1509.6,80.4,-1.14,-0.50,16.27
2024-01-16 11:05:06,13.68,1509.6,80.4,-1.14,-0.49,16.27
2024-01-16 11:15:06,13.66,1509.6,80.4,-1.14,-0.49,16.27
2024-01-16 11:25:06,13.64,1509.6,80.4,-1.14,-0.49,16.27
2024-01-16 11:35:06,13.61,1509.6,80.4,-1.14,-0.49,16.27
2024-01-16 11:45:06,13.60,1509.6,80.4,-1.14,-0.50,16.27
2024-01-16 11:55:06,13.60,1509.6,80.4,-1.14,-0.50,16.27
2024-01-16 12:05:06,13.60,1509.6,80.4,-1.14,-0.50,16.26
2024-01-16 12:15:06,13.60,1509.6,80.4,-1.14,-0.49,16.26
2024-01-16 12:25:06,13.60,1509.6,80.4,-1.15,-0.50,16.26
2024-01-16 12:35:06,13.60,1509.6,80.4,-1.14,-0.50,16.26
2024-01-16 12:45:06,13.60,1509.6,80.4,-1.14,-0.49,16.26
2024-01-16 12:55:06,13.60,1509.6,80.4,-1.15,-0.49,16.26
2024-01-16 13:05:06,13.60,1509.6,80.4,-1.15,-0.50,16.26
2024-01-16 13:15:06,13.60,1509.6,80.4,-1.15,-0.49,16.26
2024-01-16 13:25:06,13.60,1509.6,80.4,-1.15,-0.50,16.26
2024-01-16 13:35:06,13.58,1509.6,80.4,-1.15,-0.49,16.26
2024-01-16 13:45:06,13.57,1509.6,80.4,-1.15,-0.50,16.26
2024-01-16 13:55:06,13.55,1509.6,80.4,-1.15,-0.50,16.26
2024-01-16 14:05:06,13.53,1509.6,80.4,-1.15,-0.50,16.26
2024-01-16 14:15:06,13.51,1509.6,80.4,-1.15,-0.49,16.26
2024-01-16 14:25:06,13.50,1509.6,80.4,-1.15,-0.50,16.26
2024-01-16 14:35:06,13.50,1509.6,80.4,-1.14,-0.49,16.25
2024-01-16 14:45:06,13.50,1509.6,80.4,-1.15,-0.49,16.25
2024-01-16 14:55:06,13.50,1509.5,80.4,-1.15,-0.49,16.25
2024-01-16 15:05:06,13.50,1509.5,80.4,-1.15,-0.50,16.25
2024-01-16 15:15:06,13.50,1509.5,80.4,-1.15,-0.50,16.25
2024-01-16 15:25:06,13.50,1509.5,80.4,-1.15,-0.50,16.25
2024-01-16 15:35:06,13.50,1509.5,80.4,-1.15,-0.50,16.25
2024-01-16 15:45:06,13.50,1509.4,80.3,-1.15,-0.50,16.25
2024-01-16 15:55:06,13.50,1509.4,80.3,-1.15,-0.50,16.25
2024-01-16 16:05:06,13.50,1509.3,80.3,-1.15,-0.49,16.25
2024-01-16 16:15:06,13.49,1509.2,80.3,-1.15,-0.50,16.25
2024-01-16 16:25:06,13.48,1509.1,80.3,-1.15,-0.50,16.25
2024-01-16 16:35:06,13.46,1508.7,80.3,-1.15,-0.50,16.24
2024-01-16 16:45:06,13.46,1508.4,80.3,-1.15,-0.50,16.24
2024-01-16 16:55:06,13.44,1508.2,80.3,-1.15,-0.50,16.24
2024-01-16 17:05:06,13.42,1508.1,80.3,-1.15,-0.49,16.24
2024-01-16 17:15:06,13.40,1508.1,80.3,-1.15,-0.50,16.24
2024-01-16 17:25:06,13.40,1508.1,80.3,-1.15,-0.50,16.24
2024-01-16 17:35:06,13.40,1508.1,80.3,-1.16,-0.50,16.24
2024-01-16 17:45:06,13.40,1508.1,80.3,-1.16,-0.50,16.24
2024-01-16 17:55:06,13.40,1508.1,80.3,-1.15,-0.50,16.24
2024-01-16 18:05:06,13.40,1508.1,80.3,-1.15,-0.50,16.23
2024-01-16 18:15:06,13.40,1508.1,80.3,-1.15,-0.50,16.23
2024-01-16 18:25:06,13.40,1508.1,80.3,-1.16,-0.50,16.23
2024-01-16 18:35:06,13.40,1508.1,80.3,-1.16,-0.50,16.23
2024-01-16 18:45:06,13.40,1508.1,80.4,-1.16,-0.49,16.23
2024-01-16 18:55:06,13.40,1508.1,80.4,-1.16,-0.49,16.23
2024-01-16 19:05:06,13.40,1508.1,80.4,-1.16,-0.49,16.23
2024-01-16 19:15:06,13.40,1508.1,80.4,-1.16,-0.50,16.23
2024-01-16 19:25:06,13.40,1508.1,80.4,-1.16,-0.50,16.23
2024-01-16 19:35:06,13.40,1508.1,80.4,-1.16,-0.50,16.23
2024-01-16 19:45:06,13.39,1508.1,80.4,-1.16,-0.50,16.22
2024-01-16 19:55:06,13.37,1508.1,80.4,-1.16,-0.50,16.22
2024-01-16 20:05:06,13.36,1508.1,80.4,-1.16,-0.50,16.22
2024-01-16 20:15:06,13.34,1508.1,80.5,-1.16,-0.50,16.22
2024-01-16 20:25:06,13.32,1508.1,80.5,-1.16,-0.50,16.22
2024-01-16 20:35:06,13.31,1508.1,80.5,-1.16,-0.50,16.22
2024-01-16 20:45:06,13.30,1508.1,80.5,-1.16,-0.50,16.22
2024-01-16 20:55:06,13.30,1508.1,80.5,-1.16,-0.50,16.22
2024-01-16 21:05:06,13.30,1508.1,80.5,-1.16,-0.50,16.22
2024-01-16 21:15:06,13.30,1508.1,80.5,-1.16,-0.49,16.22
2024-01-16 21:25:06,13.30,1508.1,80.5,-1.16,-0.50,16.21
2024-01-16 21:35:06,13.30,1508.1,80.5,-1.16,-0.50,16.21
2024-01-16 21:45:06,13.30,1508.1,80.5,-1.16,-0.50,16.21
2024-01-16 21:55:06,13.30,1508.1,80.5,-1.16,-0.50,16.21
2024-01-16 22:05:06,13.30,1508.1,80.5,-1.16,-0.50,16.21
2024-01-16 22:15:06,13.30,1508.1,80.5,-1.16,-0.49,16.21
2024-01-16 22:25:06,13.30,1508.1,80.5,-1.16,-0.50,16.21
2024-01-16 22:35:06,13.30,1508.1,80.5,-1.16,-0.50,16.21
2024-01-16 22:45:06,13.30,1508.1,80.5,-1.16,-0.50,16.21
2024-01-16 22:55:06,13.30,1508.1,80.5,-1.16,-0.50,16.20
2024-01-16 23:05:06,13.29,1508.1,80.5,-1.16,-0.50,16.20
2024-01-16 23:15:06,13.29,1508.1,80.5,-1.16,-0.50,16.20
2024-01-16 23:25:06,13.28,1508.1,80.5,-1.17,-0.49,16.20
2024-01-16 23:35:06,13.27,1508.1,80.5,-1.16,-0.50,16.20
2024-01-16 23:45:06,13.27,1508.1,80.5,-1.16,-0.50,16.20
2024-01-16 23:55:06,13.26,1508.1,80.5,-1.16,-0.50,16.20
2024-01-17 00:05:06,13.26,1508.1,80.5,-1.16,-0.50,16.20
2024-01-17 00:15:06,13.25,1508.1,80.5,-1.16,-0.50,16.20
2024-01-17 00:25:06,13.25,1508.1,80.4,-1.16,-0.50,16.20
2024-01-17 00:35:06,13.24,1508.1,80.4,-1.16,-0.50,16.20
2024-01-17 00:45:06,13.23,1508.1,80.4,-1.16,-0.50,16.20
2024-01-17 00:55:06,13.21,1508.1,80.4,-1.16,-0.50,16.20
2024-01-17 01:05:06,13.21,1508.1,80.4,-1.16,-0.50,16.19
2024-01-17 01:15:06,13.21,1508.1,80.4,-1.16,-0.50,16.19
2024-01-17 01:25:06,13.20,1508.1,80.4,-1.16,-0.50,16.19
2024-01-17 01:35:06,13.20,1508.1,80.4,-1.16,-0.50,16.19
2024-01-17 01:45:06,13.20,1508.1,80.4,-1.16,-0.50,16.19
2024-01-17 01:55:06,13.20,1508.1,80.4,-1.17,-0.50,16.19
2024-01-17 02:05:06,13.20,1508.1,80.4,-1.16,-0.50,16.19
2024-01-17 02:15:06,13.20,1508.1,80.4,-1.16,-0.50,16.19
2024-01-17 02:25:06,13.20,1508.1,80.4,-1.16,-0.50,16.19
2024-01-17 02:35:06,13.20,1508.1,80.4,-1.17,-0.50,16.19
2024-01-17 02:45:06,13.20,1508.1,80.4,-1.17,-0.50,16.19
2024-01-17 02:55:06,13.20,1508.1,80.4,-1.16,-0.49,16.19
2024-01-17 03:05:06,13.20,1508.1,80.4,-1.16,-0.50,16.18
2024-01-17 03:15:06,13.20,1508.1,80.4,-1.16,-0.50,16.18
2024-01-17 03:25:06,13.20,1508.1,80.4,-1.17,-0.50,16.18
2024-01-17 03:35:06,13.20,1508.1,80.4,-1.16,-0.50,16.18
2024-01-17 03:45:06,13.20,1508.1,80.4,-1.16,-0.50,16.18
2024-01-17 03:55:06,13.20,1508.1,80.4,-1.17,-0.50,16.18
2024-01-17 04:05:06,13.20,1508.1,80.4,-1.16,-0.50,16.18
2024-01-17 04:15:06,13.20,1508.1,80.4,-1.16,-0.50,16.18
2024-01-17 04:25:06,13.20,1508.1,80.4,-1.16,-0.50,16.18
2024-01-17 04:35:06,13.20,1508.1,80.4,-1.16,-0.50,16.18
2024-01-17 04:45:06,13.20,1508.1,80.4,-1.17,-0.49,16.18
2024-01-17 04:55:06,13.20,1508.1,80.4,-1.17,-0.50,16.18
2024-01-17 05:05:06,13.20,1508.1,80.4,-1.16,-0.50,16.18
2024-01-17 05:15:06,13.20,1508.1,80.4,-1.16,-0.50,16.18
2024-01-17 05:25:06,13.20,1508.1,80.4,-1.16,-0.50,16.18
2024-01-17 05:35:06,13.20,1508.1,80.4,-1.16,-0.50,16.18
2024-01-17 05:45:06,13.20,1508.1,80.4,-1.17,-0.50,16.18
2024-01-17 05:55:06,13.20,1508.1,80.4,-1.17,-0.50,16.18
2024-01-17 06:05:06,13.20,1508.1,80.4,-1.17,-0.50,16.18
2024-01-17 06:15:06,13.20,1508.1,80.4,-1.17,-0.50,16.18
2024-01-17 06:25:06,13.20,1508.1,80.4,-1.17,-0.50,16.18
2024-01-17 06:35:06,13.20,1508.1,80.4,-1.16,-0.50,16.18
2024-01-17 06:45:06,13.20,1508.1,80.4,-1.17,-0.50,16.18
2024-01-17 06:55:06,13.20,1508.1,80.4,-1.16,-0.49,16.18
2024-01-17 07:05:06,13.20,1508.1,80.4,-1.16,-0.50,16.18
2024-01-17 07:15:06,13.20,1508.1,80.4,-1.17,-0.50,16.18
2024-01-17 07:25:06,13.20,1508.1,80.4,-1.17,-0.50,16.18
2024-01-17 07:35:06,13.20,1508.1,80.4,-1.16,-0.50,16.18
2024-01-17 07:45:06,13.20,1508.1,80.4,-1.17,-0.50,16.18
2024-01-17 07:55:06,13.20,1508.1,80.4,-1.17,-0.50,16.18
2024-01-17 08:05:06,13.20,1508.1,80.4,-1.16,-0.50,16.18
2024-01-17 08:15:06,13.20,1508.1,80.4,-1.16,-0.50,16.18
2024-01-17 08:25:06,13.20,1508.1,80.4,-1.16,-0.50,16.18
2024-01-17 08:35:06,13.20,1508.1,80.4,-1.16,-0.50,16.18
2024-01-17 08:45:06,13.20,1508.1,80.4,-1.16,-0.50,16.18
2024-01-17 09:00:12,13.20,1508.1,80.4,-1.17,-0.50,16.18
2024-01-17 09:10:12,13.20,1508.1,80.4,-1.16,-0.50,16.18
2024-01-17 09:20:12,13.20,1508.1,80.4,-1.16,-0.50,16.18
2024-01-17 09:30:12,13.20,1508.1,80.4,-1.16,-0.50,16.18
2024-01-17 09:40:12,13.20,1508.1,80.4,-1.17,-0.50,16.18
2024-01-17 09:50:12,13.20,1508.1,80.4,-1.17,-0.50,16.18
2024-01-17 10:00:12,13.20,1508.1,80.4,-1.17,-0.50,16.18
2024-01-17 10:10:12,13.20,1508.1,80.4,-1.17,-0.50,16.18
2024-01-17 10:20:12,13.20,1508.1,80.4,-1.16,-0.50,16.18
2024-01-17 10:30:12,13.20,1508.1,80.4,-1.17,-0.50,16.18
2024-01-17 10:40:12,13.20,1508.1,80.4,-1.17,-0.50,16.18
2024-01-17 10:50:12,13.20,1508.1,80.4,-1.17,-0.50,16.18
2024-01-17 11:00:12,13.20,1508.1,80.4,-1.16,-0.50,16.18
2024-01-17 11:10:12,13.20,1508.1,80.4,-1.16,-0.50,16.18
2024-01-17 11:20:12,13.20,1508.1,80.4,-1.16,-0.50,16.18
2024-01-17 11:30:12,13.20,1508.1,80.4,-1.16,-0.50,16.18
2024-01-17 11:40:12,13.20,1508.1,80.4,-1.16,-0.49,16.18
2024-01-17 11:50:12,13.20,1508.1,80.4,-1.16,-0.50,16.18
2024-01-17 12:00:12,13.20,1508.1,80.4,-1.17,-0.50,16.18
2024-01-17 12:10:12,13.20,1508.1,80.4,-1.16,-0.50,16.18
2024-01-17 12:20:12,13.20,1508.1,80.4,-1.17,-0.49,16.18
2024-01-17 12:30:12,13.20,1508.1,80.4,-1.16,-0.50,16.18
2024-01-17 12:40:12,13.20,1508.1,80.4,-1.16,-0.50,16.18
2024-01-17 12:50:12,13.20,1508.1,80.4,-1.16,-0.50,16.18
2024-01-17 13:00:12,13.20,1508.1,80.4,-1.16,-0.50,16.18
2024-01-17 13:10:12,13.20,1508.1,80.4,-1.16,-0.50,16.18
2024-01-17 13:20:12,13.20,1508.1,80.4,-1.16,-0.49,16.18
2024-01-17 13:30:12,13.20,1508.1,80.4,-1.17,-0.50,16.18
2024-01-17 13:40:12,13.20,1508.1,80.4,-1.17,-0.50,16.18
2024-01-17 13:50:12,13.20,1508.1,80.4,-1.17,-0.50,16.18
2024-01-17 14:00:12,13.20,1508.1,80.4,-1.16,-0.50,16.18
2024-01-17 14:10:12,13.20,1508.1,80.4,-1.17,-0.49,16.18
2024-01-17 14:20:12,13.20,1508.1,80.4,-1.17,-0.50,16.18
2024-01-17 14:30:12,13.20,1508.1,80.4,-1.17,-0.50,16.18
2024-01-17 14:40:12,13.20,1508.1,80.4,-1.16,-0.49,16.18
2024-01-17 14:50:12,13.20,1508.1,80.4,-1.16,-0.50,16.18
2024-01-17 15:00:12,13.20,1508.1,80.4,-1.16,-0.50,16.18
2024-01-17 15:10:12,13.20,1508.1,80.4,-1.17,-0.50,16.18
2024-01-17 15:20:12,13.20,1508.1,80.4,-1.17,-0.50,16.18
2024-01-17 15:30:12,13.20,1508.1,80.4,-1.17,-0.50,16.18
2024-01-17 15:40:12,13.20,1508.1,80.4,-1.17,-0.50,16.18
2024-01-17 15:50:12,13.20,1508.1,80.4,-1.16,-0.50,16.18
2024-01-17 16:00:12,13.20,1508.1,80.4,-1.17,-0.50,16.18
2024-01-17 16:10:12,13.20,1508.1,80.4,-1.17,-0.50,16.18
2024-01-17 16:20:12,13.20,1508.1,80.4,-1.16,-0.50,16.18
2024-01-17 16:30:12,13.20,1508.1,80.3,-1.17,-0.49,16.18
2024-01-17 16:40:12,13.20,1508.1,80.3,-1.16,-0.50,16.18
2024-01-17 16:50:12,13.20,1508.1,80.3,-1.16,-0.50,16.18
2024-01-17 17:00:12,13.20,1508.1,80.3,-1.17,-0.50,16.18
2024-01-17 17:10:12,13.20,1508.1,80.3,-1.16,-0.49,16.18
2024-01-17 17:20:12,13.20,1508.1,80.3,-1.17,-0.49,16.18
2024-01-17 17:30:12,13.20,1508.1,80.3,-1.16,-0.50,16.18
2024-01-17 17:40:12,13.20,1508.1,80.3,-1.17,-0.49,16.18
2024-01-17 17:50:12,13.20,1508.1,80.3,-1.17,-0.50,16.18
2024-01-17 18:00:12,13.20,1508.1,80.3,-1.17,-0.50,16.18
2024-01-17 18:10:12,13.20,1508.1,80.3,-1.17,-0.50,16.18
2024-01-17 18:20:12,13.20,1508.1,80.3,-1.16,-0.50,16.18
2024-01-17 18:30:12,13.20,1508.1,80.4,-1.17,-0.50,16.18
2024-01-17 18:40:12,13.20,1508.1,80.4,-1.17,-0.49,16.18
2024-01-17 18:50:12,13.20,1508.1,80.4,-1.16,-0.50,16.18
2024-01-17 19:00:12,13.20,1508.1,80.4,-1.17,-0.50,16.17
2024-01-17 19:10:12,13.20,1508.1,80.4,-1.17,-0.50,16.17
2024-01-17 19:20:12,13.20,1508.1,80.4,-1.16,-0.50,16.17
2024-01-17 19:30:12,13.20,1508.1,80.4,-1.16,-0.49,16.17
2024-01-17 19:40:12,13.20,1508.1,80.4,-1.16,-0.50,16.17
2024-01-17 19:50:12,13.20,1508.1,80.4,-1.17,-0.49,16.17
2024-01-17 20:00:12,13.20,1508.1,80.4,-1.17,-0.50,16.17
2024-01-17 20:10:12,13.20,1508.1,80.4,-1.17,-0.49,16.17
2024-01-17 20:20:12,13.20,1508.1,80.4,-1.17,-0.50,16.17
2024-01-17 20:30:12,13.20,1508.1,80.5,-1.17,-0.50,16.17
2024-01-17 20:40:12,13.20,1508.1,80.5,-1.17,-0.50,16.17
2024-01-17 20:50:12,13.20,1508.1,80.5,-1.16,-0.50,16.17
2024-01-17 21:00:12,13.20,1508.1,80.5,-1.17,-0.50,16.17
2024-01-17 21:10:12,13.20,1508.1,80.5,-1.17,-0.50,16.17
2024-01-17 21:20:12,13.20,1508.1,80.5,-1.17,-0.50,16.17
2024-01-17 21:30:12,13.20,1508.1,80.5,-1.17,-0.50,16.17
2024-01-17 21:40:12,13.20,1508.1,80.5,-1.17,-0.50,16.17
2024-01-17 21:50:12,13.20,1508.1,80.5,-1.16,-0.50,16.17
2024-01-17 22:00:12,13.20,1508.1,80.5,-1.16,-0.50,16.17
2024-01-17 22:10:12,13.20,1508.1,80.5,-1.17,-0.50,16.17
2024-01-17 22:20:12,13.20,1508.1,80.5,-1.17,-0.50,16.17
2024-01-17 22:30:12,13.20,1508.1,80.5,-1.17,-0.50,16.17
2024-01-17 22:40:12,13.20,1508.1,80.5,-1.16,-0.50,16.17
2024-01-17 22:50:12,13.20,1508.1,80.5,-1.17,-0.50,16.17
2024-01-17 23:00:12,13.20,1508.1,80.5,-1.17,-0.50,16.17
2024-01-17 23:10:12,13.20,1508.1,80.5,-1.17,-0.50,16.17
2024-01-17 23:20:12,13.20,1508.1,80.5,-1.17,-0.50,16.16
2024-01-17 23:30:12,13.20,1508.1,80.5,-1.17,-0.50,16.16
2024-01-17 23:40:12,13.20,1508.1,80.5,-1.17,-0.50,16.16
2024-01-17 23:50:12,13.20,1508.1,80.5,-1.17,-0.50,16.16
2024-01-18 00:00:12,13.20,1508.1,80.5,-1.17,-0.50,16.16
2024-01-18 00:10:12,13.20,1508.1,80.5,-1.16,-0.50,16.16
2024-01-18 00:20:12,13.20,1508.1,80.5,-1.16,-0.50,16.16
2024-01-18 00:30:12,13.20,1508.1,80.5,-1.17,-0.50,16.16
2024-01-18 00:40:12,13.20,1508.1,80.5,-1.17,-0.50,16.16
2024-01-18 00:50:12,13.20,1508.1,80.4,-1.16,-0.50,16.16
2024-01-18 01:00:12,13.20,1508.1,80.4,-1.17,-0.50,16.16
2024-01-18 01:10:12,13.20,1508.1,80.4,-1.17,-0.49,16.16
2024-01-18 01:20:12,13.20,1508.1,80.4,-1.17,-0.50,16.16
2024-01-18 01:30:12,13.20,1508.1,80.4,-1.17,-0.49,16.16
2024-01-18 01:40:12,13.20,1508.1,80.4,-1.17,-0.50,16.16
2024-01-18 01:50:12,13.20,1508.1,80.4,-1.17,-0.50,16.16
2024-01-18 02:00:12,13.20,1508.1,80.4,-1.17,-0.50,16.16
2024-01-18 02:10:12,13.20,1508.1,80.4,-1.17,-0.50,16.16
2024-01-18 02:20:12,13.20,1508.1,80.4,-1.17,-0.50,16.16
2024-01-18 02:30:12,13.20,1508.1,80.4,-1.17,-0.50,16.16
2024-01-18 02:40:12,13.20,1508.1,80.4,-1.17,-0.49,16.16
2024-01-18 02:50:12,13.20,1508.1,80.4,-1.17,-0.50,16.16
2024-01-18 03:00:12,13.20,1508.1,80.4,-1.17,-0.50,16.16
2024-01-18 03:10:12,13.20,1508.1,80.4,-1.16,-0.50,16.16
2024-01-18 03:20:12,13.20,1508.1,80.4,-1.17,-0.50,16.16
2024-01-18 03:30:12,13.20,1508.1,80.4,-1.17,-0.49,16.16
2024-01-18 03:40:12,13.20,1508.1,80.4,-1.17,-0.49,16.16
2024-01-18 03:50:12,13.20,1508.1,80.4,-1.16,-0.50,16.16
2024-01-18 04:00:12,13.20,1508.1,80.4,-1.17,-0.49,16.16
2024-01-18 04:10:12,13.20,1508.1,80.4,-1.17,-0.50,16.16
2024-01-18 04:20:12,13.20,1508.1,80.4,-1.16,-0.49,16.16
2024-01-18 04:30:12,13.20,1508.1,80.4,-1.17,-0.50,16.16
2024-01-18 04:40:12,13.20,1508.1,80.4,-1.16,-0.49,16.16
2024-01-18 04:50:12,13.20,1508.1,80.4,-1.17,-0.50,16.16
2024-01-18 05:00:12,13.20,1508.1,80.4,-1.17,-0.49,16.16
2024-01-18 05:10:12,13.20,1508.1,80.4,-1.17,-0.50,16.16
2024-01-18 05:20:12,13.20,1508.1,80.4,-1.17,-0.49,16.16
2024-01-18 05:30:12,13.20,1508.1,80.4,-1.17,-0.50,16.16
2024-01-18 05:40:12,13.20,1508.1,80.4,-1.17,-0.50,16.16
2024-01-18 05:50:12,13.20,1508.1,80.4,-1.17,-0.50,16.16
2024-01-18 06:00:12,13.20,1508.1,80.4,-1.17,-0.49,16.16
2024-01-18 06:10:12,13.20,1508.1,80.4,-1.17,-0.50,16.16
2024-01-18 06:20:12,13.20,1508.1,80.4,-1.17,-0.49,16.16
2024-01-18 06:30:12,13.20,1508.1,80.4,-1.16,-0.49,16.16
2024-01-18 06:40:12,13.20,1508.1,80.4,-1.17,-0.50,16.16
2024-01-18 06:50:12,13.20,1508.1,80.4,-1.17,-0.49,16.16
2024-01-18 07:00:12,13.20,1508.1,80.4,-1.17,-0.50,16.16
2024-01-18 07:10:12,13.20,1508.1,80.4,-1.17,-0.49,16.16
2024-01-18 07:20:12,13.20,1508.1,80.4,-1.17,-0.50,16.16
2024-01-18 07:30:12,13.20,1508.1,80.4,-1.17,-0.50,16.16
2024-01-18 07:40:12,13.20,1508.1,80.4,-1.17,-0.49,16.16
2024-01-18 07:50:12,13.20,1508.1,80.4,-1.17,-0.50,16.16
2024-01-18 08:00:12,13.20,1508.1,80.4,-1.17,-0.49,16.16
2024-01-18 08:10:12,13.20,1508.1,80.4,-1.16,-0.50,16.16
2024-01-18 08:20:12,13.20,1508.1,80.4,-1.17,-0.50,16.16
2024-01-18 08:30:12,13.20,1508.1,80.4,-1.17,-0.50,16.16
2024-01-18 08:40:12,13.20,1508.1,80.4,-1.17,-0.49,16.16
2024-01-18 08:50:12,13.20,1508.1,80.4,-1.17,-0.50,16.16
2024-01-18 09:00:12,13.20,1508.1,80.4,-1.17,-0.50,16.16
2024-01-18 09:10:12,13.20,1508.1,80.4,-1.17,-0.50,16.16
2024-01-18 09:20:12,13.20,1508.1,80.4,-1.16,-0.50,16.16
2024-01-18 09:30:12,13.20,1508.1,80.4,-1.17,-0.50,16.16
2024-01-18 09:40:12,13.20,1508.1,80.4,-1.17,-0.50,16.16
2024-01-18 09:50:12,13.20,1508.1,80.4,-1.17,-0.50,16.16
2024-01-18 10:00:12,13.20,1508.1,80.4,-1.16,-0.50,16.16
2024-01-18 10:10:12,13.20,1508.1,80.4,-1.16,-0.50,16.16
2024-01-18 10:20:12,13.20,1508.1,80.4,-1.17,-0.50,16.16
2024-01-18 10:30:12,13.20,1508.1,80.4,-1.17,-0.50,16.16
2024-01-18 10:40:12,13.20,1508.1,80.4,-1.17,-0.50,16.16
2024-01-18 10:50:12,13.20,1508.1,80.4,-1.17,-0.49,16.16
2024-01-18 11:00:12,13.20,1508.1,80.4,-1.17,-0.50,16.16
2024-01-18 11:10:12,13.20,1508.1,80.4,-1.16,-0.50,16.16
2024-01-18 11:20:12,13.20,1508.1,80.4,-1.17,-0.50,16.16
2024-01-18 11:30:12,13.20,1508.1,80.4,-1.17,-0.49,16.16
2024-01-18 11:40:12,13.20,1508.1,80.4,-1.16,-0.50,16.16
2024-01-18 11:50:12,13.20,1508.1,80.4,-1.17,-0.49,16.16
2024-01-18 12:00:12,13.20,1508.1,80.4,-1.17,-0.50,16.16
2024-01-18 12:10:12,13.20,1508.1,80.4,-1.17,-0.50,16.16
2024-01-18 12:20:12,13.20,1508.1,80.4,-1.16,-0.50,16.16
2024-01-18 12:30:12,13.20,1508.1,80.4,-1.16,-0.50,16.16
2024-01-18 12:40:12,13.20,1508.1,80.4,-1.16,-0.49,16.16
2024-01-18 12:50:12,13.20,1508.1,80.4,-1.17,-0.50,16.16
2024-01-18 13:00:12,13.20,1508.1,80.4,-1.17,-0.50,16.16
2024-01-18 13:10:12,13.20,1508.1,80.4,-1.17,-0.50,16.16
2024-01-18 13:20:12,13.20,1508.1,80.4,-1.16,-0.50,16.16
2024-01-18 13:30:12,13.20,1508.1,80.4,-1.16,-0.50,16.16
2024-01-18 13:40:12,13.20,1508.1,80.4,-1.17,-0.50,16.16
2024-01-18 13:50:12,13.20,1508.1,80.4,-1.17,-0.50,16.16
2024-01-18 14:00:12,13.20,1508.1,80.4,-1.17,-0.50,16.16
2024-01-18 14:10:12,13.20,1508.1,80.4,-1.16,-0.50,16.16
2024-01-18 14:20:12,13.20,1508.1,80.4,-1.17,-0.49,16.16
2024-01-18 14:30:12,13.20,1508.1,80.4,-1.16,-0.50,16.16
2024-01-18 14:40:12,13.20,1508.1,80.4,-1.17,-0.50,16.16
2024-01-18 14:50:12,13.20,1508.1,80.4,-1.17,-0.50,16.16
2024-01-18 15:00:12,13.20,1508.1,80.4,-1.17,-0.49,16.16
2024-01-18 15:10:12,13.20,1508.1,80.4,-1.17,-0.49,16.16
2024-01-18 15:20:12,13.20,1508.1,80.4,-1.17,-0.50,16.16
2024-01-18 15:30:12,13.20,1508.1,80.4,-1.17,-0.49,16.16
2024-01-18 15:40:12,13.20,1508.1,80.4,-1.17,-0.49,16.16
2024-01-18 15:50:12,13.20,1508.1,80.4,-1.17,-0.50,16.16
2024-01-18 16:00:12,13.20,1508.1,80.4,-1.17,-0.50,16.16
2024-01-18 16:10:12,13.20,1508.1,80.4,-1.17,-0.50,16.16
2024-01-18 16:20:12,13.20,1508.1,80.4,-1.16,-0.50,16.16
2024-01-18 16:30:12,13.20,1508.1,80.4,-1.17,-0.50,16.16
2024-01-18 16:40:12,13.20,1508.1,80.4,-1.17,-0.49,16.16
2024-01-18 16:50:12,13.20,1508.1,80.4,-1.16,-0.50,16.16
2024-01-18 17:00:12,13.20,1508.1,80.4,-1.16,-0.49,16.16
2024-01-18 17:10:12,13.20,1508.1,80.4,-1.16,-0.49,16.15
2024-01-18 17:20:12,13.20,1508.1,80.4,-1.17,-0.50,16.15
2024-01-18 17:30:12,13.20,1508.1,80.3,-1.16,-0.50,16.15
2024-01-18 17:40:12,13.20,1508.1,80.4,-1.17,-0.49,16.15
2024-01-18 17:50:12,13.20,1508.1,80.3,-1.17,-0.50,16.15
2024-01-18 18:00:12,13.20,1508.1,80.3,-1.17,-0.49,16.15
2024-01-18 18:10:12,13.20,1508.1,80.4,-1.17,-0.50,16.15
2024-01-18 18:20:12,13.20,1508.1,80.4,-1.17,-0.50,16.15
2024-01-18 18:30:12,13.20,1508.1,80.4,-1.17,-0.49,16.15
2024-01-18 18:40:12,13.20,1508.1,80.4,-1.17,-0.49,16.15
2024-01-18 18:50:12,13.20,1508.1,80.4,-1.17,-0.49,16.15
2024-01-18 19:00:12,13.20,1508.1,80.4,-1.17,-0.50,16.15
2024-01-18 19:10:12,13.20,1508.1,80.4,-1.17,-0.50,16.15
2024-01-18 19:20:12,13.20,1508.1,80.4,-1.17,-0.49,16.15
2024-01-18 19:30:12,13.20,1508.1,80.5,-1.17,-0.49,16.15
2024-01-18 19:40:12,13.20,1508.1,80.5,-1.17,-0.50,16.15
2024-01-18 19:50:12,13.20,1508.1,80.5,-1.17,-0.50,16.15
2024-01-18 20:00:12,13.20,1508.1,80.5,-1.17,-0.50,16.15
2024-01-18 20:10:12,13.20,1508.1,80.5,-1.17,-0.50,16.15
2024-01-18 20:20:12,13.20,1508.1,80.5,-1.16,-0.50,16.15
2024-01-18 20:30:12,13.20,1508.1,80.5,-1.17,-0.49,16.15
2024-01-18 20:40:12,13.20,1508.1,80.5,-1.16,-0.50,16.15
2024-01-18 20:50:12,13.20,1508.1,80.5,-1.17,-0.49,16.15
2024-01-18 21:00:12,13.20,1508.1,80.5,-1.17,-0.49,16.15
2024-01-18 21:10:12,13.20,1508.1,80.5,-1.17,-0.50,16.15
2024-01-18 21:20:12,13.20,1508.1,80.5,-1.17,-0.49,16.15
2024-01-18 21:30:12,13.20,1508.1,80.5,-1.17,-0.50,16.15
2024-01-18 21:40:12,13.20,1508.1,80.5,-1.17,-0.50,16.15
2024-01-18 21:50:12,13.20,1508.1,80.5,-1.17,-0.50,16.15
2024-01-18 22:00:12,13.20,1508.1,80.5,-1.16,-0.50,16.15
2024-01-18 22:10:12,13.20,1508.1,80.5,-1.17,-0.49,16.15
2024-01-18 22:20:12,13.20,1508.1,80.5,-1.16,-0.50,16.15
2024-01-18 22:30:12,13.20,1508.1,80.5,-1.17,-0.50,16.15
2024-01-18 22:40:12,13.20,1508.1,80.5,-1.16,-0.50,16.15
2024-01-18 22:50:12,13.20,1508.1,80.5,-1.17,-0.50,16.15
2024-01-18 23:00:12,13.20,1508.1,80.5,-1.17,-0.50,16.15
2024-01-18 23:10:12,13.20,1508.1,80.5,-1.17,-0.50,16.15
2024-01-18 23:20:12,13.20,1508.1,80.5,-1.17,-0.50,16.15
2024-01-18 23:30:12,13.20,1508.1,80.5,-1.17,-0.49,16.15
2024-01-18 23:40:12,13.20,1508.1,80.5,-1.16,-0.49,16.15
2024-01-18 23:50:12,13.20,1508.1,80.5,-1.17,-0.50,16.14
2024-01-19 00:00:12,13.20,1508.1,80.5,-1.17,-0.49,16.14
2024-01-19 00:10:12,13.20,1508.1,80.5,-1.17,-0.50,16.14
2024-01-19 00:20:12,13.20,1508.1,80.5,-1.17,-0.50,16.14
2024-01-19 00:30:12,13.20,1508.1,80.4,-1.17,-0.49,16.14
2024-01-19 00:40:12,13.20,1508.1,80.4,-1.17,-0.50,16.14
2024-01-19 00:50:12,13.20,1508.1,80.5,-1.17,-0.50,16.14
2024-01-19 01:00:12,13.20,1508.1,80.4,-1.16,-0.50,16.14
2024-01-19 01:10:12,13.20,1508.1,80.4,-1.17,-0.49,16.14
2024-01-19 01:20:12,13.20,1508.1,80.4,-1.17,-0.49,16.14
2024-01-19 01:30:12,13.20,1508.1,80.4,-1.17,-0.49,16.14
2024-01-19 01:40:12,13.20,1508.1,80.4,-1.17,-0.49,16.14
2024-01-19 01:50:12,13.20,1508.1,80.4,-1.17,-0.49,16.14
2024-01-19 02:00:12,13.20,1508.1,80.4,-1.16,-0.50,16.14
2024-01-19 02:10:12,13.20,1508.1,80.4,-1.17,-0.50,16.14
2024-01-19 02:20:12,13.20,1508.1,80.4,-1.17,-0.50,16.14
2024-01-19 02:30:12,13.20,1508.1,80.4,-1.17,-0.49,16.14
2024-01-19 02:40:12,13.20,1508.1,80.4,-1.17,-0.49,16.14
2024-01-19 02:50:12,13.20,1508.1,80.4,-1.17,-0.49,16.14
2024-01-19 03:00:12,13.20,1508.1,80.4,-1.17,-0.50,16.14
2024-01-19 03:10:12,13.20,1508.1,80.4,-1.17,-0.49,16.14
2024-01-19 03:20:12,13.20,1508.1,80.4,-1.17,-0.50,16.14
2024-01-19 03:30:12,13.20,1508.1,80.4,-1.17,-0.49,16.14
2024-01-19 03:40:12,13.20,1508.1,80.4,-1.17,-0.50,16.14
2024-01-19 03:50:12,13.20,1508.1,80.4,-1.17,-0.50,16.14
2024-01-19 04:00:12,13.20,1508.1,80.4,-1.16,-0.49,16.14
2024-01-19 04:10:12,13.20,1508.1,80.4,-1.16,-0.50,16.14
2024-01-19 04:20:12,13.20,1508.1,80.4,-1.17,-0.49,16.14
2024-01-19 04:30:12,13.20,1508.1,80.4,-1.17,-0.49,16.14
2024-01-19 04:40:12,13.20,1508.1,80.4,-1.17,-0.50,16.14
2024-01-19 04:50:12,13.20,1508.1,80.4,-1.17,-0.50,16.14
2024-01-19 05:00:12,13.20,1508.1,80.4,-1.17,-0.49,16.14
2024-01-19 05:10:12,13.20,1508.1,80.4,-1.17,-0.50,16.14
2024-01-19 05:20:12,13.20,1508.1,80.4,-1.17,-0.50,16.15
2024-01-19 05:30:12,13.20,1508.1,80.4,-1.17,-0.49,16.15
2024-01-19 05:40:12,13.20,1508.1,80.4,-1.17,-0.50,16.15
2024-01-19 05:50:12,13.20,1508.1,80.4,-1.17,-0.50,16.15
2024-01-19 06:00:12,13.20,1508.1,80.4,-1.17,-0.49,16.15
2024-01-19 06:10:12,13.20,1508.1,80.4,-1.16,-0.50,16.15
2024-01-19 06:20:12,13.20,1508.1,80.4,-1.17,-0.50,16.15
2024-01-19 06:30:12,13.20,1508.1,80.4,-1.17,-0.49,16.15
2024-01-19 06:40:12,13.20,1508.1,80.4,-1.17,-0.50,16.15
2024-01-19 06:50:12,13.20,1508.1,80.4,-1.17,-0.49,16.15
2024-01-19 07:00:12,13.20,1508.1,80.4,-1.17,-0.50,16.15
2024-01-19 07:10:12,13.20,1508.1,80.4,-1.17,-0.50,16.15
2024-01-19 07:20:12,13.20,1508.1,80.4,-1.16,-0.49,16.15
2024-01-19 07:30:12,13.20,1508.1,80.4,-1.17,-0.49,16.15
2024-01-19 07:40:12,13.20,1508.1,80.4,-1.17,-0.49,16.15
2024-01-19 07:50:12,13.20,1508.1,80.4,-1.17,-0.49,16.15
2024-01-19 08:00:12,13.20,1508.1,80.4,-1.16,-0.50,16.15
2024-01-19 08:10:12,13.20,1508.1,80.4,-1.17,-0.50,16.15
2024-01-19 08:20:12,13.20,1508.1,80.4,-1.17,-0.50,16.15
2024-01-19 08:30:12,13.20,1508.1,80.4,-1.16,-0.49,16.15
2024-01-19 08:40:12,13.20,1508.1,80.4,-1.17,-0.50,16.15
2024-01-19 08:50:12,13.20,1508.1,80.4,-1.17,-0.50,16.15
2024-01-19 09:00:12,13.20,1508.1,80.4,-1.16,-0.49,16.15
2024-01-19 09:10:12,13.20,1508.1,80.5,-1.17,-0.49,16.15
2024-01-19 09:20:12,13.20,1508.1,80.4,-1.17,-0.50,16.15
2024-01-19 09:30:12,13.20,1508.1,80.4,-1.16,-0.49,16.15
2024-01-19 09:40:12,13.20,1508.1,80.4,-1.16,-0.50,16.16
2024-01-19 09:50:12,13.20,1508.1,80.4,-1.17,-0.49,16.16
2024-01-19 10:00:12,13.20,1508.1,80.4,-1.17,-0.50,16.16
2024-01-19 10:10:12,13.20,1508.1,80.4,-1.17,-0.49,16.16
2024-01-19 10:20:12,13.20,1508.1,80.5,-1.17,-0.50,16.16
2024-01-19 10:30:12,13.20,1508.1,80.4,-1.17,-0.49,16.16
2024-01-19 10:40:12,13.20,1508.1,80.4,-1.16,-0.50,16.16
2024-01-19 10:50:12,13.20,1508.1,80.4,-1.17,-0.49,16.16
2024-01-19 11:00:12,13.20,1508.1,80.4,-1.16,-0.50,16.16
2024-01-19 11:10:12,13.20,1508.1,80.4,-1.17,-0.50,16.16
2024-01-19 11:20:12,13.20,1508.1,80.4,-1.17,-0.49,16.16
2024-01-19 11:30:12,13.20,1508.1,80.4,-1.16,-0.50,16.16
2024-01-19 11:40:12,13.20,1508.1,80.4,-1.17,-0.50,16.16
2024-01-19 11:50:12,13.20,1508.1,80.4,-1.16,-0.49,16.16
2024-01-19 12:00:12,13.20,1508.1,80.4,-1.17,-0.50,16.16
2024-01-19 12:10:12,13.20,1508.1,80.4,-1.16,-0.50,16.16
2024-01-19 12:20:12,13.20,1508.1,80.4,-1.17,-0.50,16.16
2024-01-19 12:30:12,13.20,1508.1,80.4,-1.16,-0.49,16.16
2024-01-19 12:40:12,13.20,1508.1,80.4,-1.17,-0.50,16.16
2024-01-19 12:50:12,13.20,1508.1,80.4,-1.17,-0.50,16.16
2024-01-19 13:00:12,13.20,1508.1,80.4,-1.17,-0.49,16.16
2024-01-19 13:10:12,13.20,1508.1,80.4,-1.17,-0.49,16.16
2024-01-19 13:20:12,13.20,1508.1,80.4,-1.17,-0.50,16.16
2024-01-19 13:30:12,13.20,1508.1,80.4,-1.17,-0.49,16.16
2024-01-19 13:40:12,13.20,1508.1,80.4,-1.16,-0.50,16.16
2024-01-19 13:50:12,13.20,1508.1,80.4,-1.16,-0.49,16.16
2024-01-19 14:00:12,13.20,1508.1,80.4,-1.17,-0.49,16.16
2024-01-19 14:10:12,13.20,1508.1,80.4,-1.17,-0.50,16.16
2024-01-19 14:20:12,13.20,1508.1,80.4,-1.16,-0.49,16.16
2024-01-19 14:30:12,13.20,1508.1,80.4,-1.16,-0.50,16.16
2024-01-19 14:40:12,13.20,1508.1,80.4,-1.17,-0.50,16.16
2024-01-19 14:50:12,13.20,1508.1,80.4,-1.16,-0.50,16.16
2024-01-19 15:00:12,13.20,1508.1,80.4,-1.16,-0.49,16.16
2024-01-19 15:10:12,13.20,1508.1,80.4,-1.17,-0.49,16.16
2024-01-19 15:20:12,13.20,1508.1,80.4,-1.17,-0.50,16.16
2024-01-19 15:30:12,13.20,1508.1,80.4,-1.17,-0.49,16.16
2024-01-19 15:40:12,13.20,1508.1,80.4,-1.17,-0.49,16.16
2024-01-19 15:50:12,13.20,1508.1,80.4,-1.17,-0.50,16.16
2024-01-19 16:00:12,13.20,1508.1,80.4,-1.17,-0.50,16.16
2024-01-19 16:10:12,13.20,1508.1,80.4,-1.17,-0.50,16.16
2024-01-19 16:20:12,13.20,1508.1,80.4,-1.16,-0.50,16.16
2024-01-19 16:30:12,13.20,1508.1,80.4,-1.17,-0.50,16.16
2024-01-19 16:40:12,13.20,1508.1,80.4,-1.17,-0.50,16.16
2024-01-19 16:50:12,13.20,1508.1,80.4,-1.17,-0.50,16.16
2024-01-19 17:00:12,13.20,1508.1,80.4,-1.17,-0.50,16.16
2024-01-19 17:10:12,13.20,1508.1,80.4,-1.17,-0.50,16.16
2024-01-19 17:20:12,13.20,1508.1,80.4,-1.17,-0.50,16.16
2024-01-19 17:30:12,13.20,1508.1,80.4,-1.17,-0.50,16.16
2024-01-19 17:40:12,13.20,1508.1,80.4,-1.17,-0.49,16.15
2024-01-19 17:50:12,13.20,1508.1,80.4,-1.17,-0.49,16.15
2024-01-19 18:00:12,13.20,1508.1,80.4,-1.17,-0.49,16.15
2024-01-19 18:10:12,13.20,1508.1,80.4,-1.17,-0.49,16.15
2024-01-19 18:20:12,13.20,1508.1,80.4,-1.17,-0.50,16.15
2024-01-19 18:30:12,13.20,1508.1,80.4,-1.16,-0.50,16.15
2024-01-19 18:40:12,13.20,1508.1,80.4,-1.17,-0.50,16.15
2024-01-19 18:50:12,13.20,1508.1,80.4,-1.17,-0.50,16.15
2024-01-19 19:00:12,13.20,1508.1,80.4,-1.16,-0.50,16.15
2024-01-19 19:10:12,13.20,1508.1,80.4,-1.17,-0.50,16.15
2024-01-19 19:20:12,13.20,1508.1,80.4,-1.17,-0.50,16.15
2024-01-19 19:30:12,13.20,1508.1,80.4,-1.16,-0.49,16.15
2024-01-19 19:40:12,13.20,1508.1,80.4,-1.17,-0.50,16.15
2024-01-19 19:50:12,13.20,1508.1,80.4,-1.16,-0.50,16.15
2024-01-19 20:00:12,13.20,1508.1,80.4,-1.17,-0.49,16.14
2024-01-19 20:10:12,13.20,1508.1,80.4,-1.17,-0.49,16.14
2024-01-19 20:20:12,13.20,1508.1,80.4,-1.17,-0.49,16.14
2024-01-19 20:30:12,13.20,1508.1,80.4,-1.17,-0.50,16.14
2024-01-19 20:40:12,13.20,1508.1,80.4,-1.17,-0.50,16.14
2024-01-19 20:50:12,13.20,1508.1,80.4,-1.17,-0.50,16.14
2024-01-19 21:00:12,13.20,1508.1,80.4,-1.16,-0.50,16.14
2024-01-19 21:10:12,13.20,1508.1,80.5,-1.17,-0.50,16.14
2024-01-19 21:20:12,13.20,1508.1,80.5,-1.17,-0.50,16.14
2024-01-19 21:30:12,13.20,1508.1,80.5,-1.17,-0.50,16.14
2024-01-19 21:40:12,13.20,1508.1,80.5,-1.17,-0.49,16.14
2024-01-19 21:50:12,13.20,1508.1,80.5,-1.17,-0.50,16.14
2024-01-19 22:00:12,13.20,1508.1,80.5,-1.17,-0.50,16.14
2024-01-19 22:10:12,13.20,1508.1,80.5,-1.17,-0.50,16.14
2024-01-19 22:20:12,13.20,1508.1,80.5,-1.17,-0.50,16.13
2024-01-19 22:30:12,13.20,1508.1,80.5,-1.17,-0.50,16.13
2024-01-19 22:40:12,13.20,1508.1,80.5,-1.17,-0.50,16.13
2024-01-19 22:50:12,13.20,1508.1,80.5,-1.17,-0.50,16.13
2024-01-19 23:00:12,13.20,1508.1,80.5,-1.17,-0.50,16.13
2024-01-19 23:10:12,13.20,1508.1,80.5,-1.17,-0.49,16.13
2024-01-19 23:20:12,13.20,1508.1,80.5,-1.17,-0.49,16.13
2024-01-19 23:30:12,13.20,1508.1,80.5,-1.17,-0.49,16.13
2024-01-19 23:40:12,13.20,1508.1,80.5,-1.17,-0.50,16.13
2024-01-19 23:50:12,13.20,1508.1,80.5,-1.17,-0.50,16.13
2024-01-20 00:00:12,13.20,1508.1,80.5,-1.17,-0.49,16.13
2024-01-20 00:10:12,13.20,1508.1,80.5,-1.17,-0.50,16.13
2024-01-20 00:20:12,13.20,1508.1,80.5,-1.17,-0.50,16.13
2024-01-20 00:30:12,13.20,1508.1,80.5,-1.17,-0.50,16.13
2024-01-20 00:40:12,13.20,1508.1,80.5,-1.17,-0.49,16.12
2024-01-20 00:50:12,13.20,1508.1,80.5,-1.16,-0.50,16.12
2024-01-20 01:00:12,13.20,1508.1,80.5,-1.17,-0.50,16.12
2024-01-20 01:10:12,13.20,1508.1,80.5,-1.17,-0.49,16.12
2024-01-20 01:20:12,13.20,1508.1,80.4,-1.17,-0.50,16.12
2024-01-20 01:30:12,13.20,1508.1,80.4,-1.17,-0.50,16.12
2024-01-20 01:40:12,13.20,1508.1,80.4,-1.17,-0.50,16.12
2024-01-20 01:50:12,13.20,1508.1,80.4,-1.17,-0.49,16.12
2024-01-20 02:00:12,13.20,1508.1,80.4,-1.16,-0.50,16.12
2024-01-20 02:10:12,13.20,1508.1,80.4,-1.17,-0.50,16.12
2024-01-20 02:20:12,13.20,1508.1,80.4,-1.17,-0.50,16.12
2024-01-20 02:30:12,13.20,1508.1,80.4,-1.17,-0.50,16.12
2024-01-20 02:40:12,13.20,1508.1,80.4,-1.17,-0.50,16.12
2024-01-20 02:50:12,13.20,1508.1,80.4,-1.16,-0.50,16.12
2024-01-20 03:00:12,13.20,1508.1,80.4,-1.17,-0.50,16.12
2024-01-20 03:10:12,13.20,1508.1,80.4,-1.17,-0.50,16.11
2024-01-20 03:20:12,13.20,1508.1,80.4,-1.17,-0.50,16.11
2024-01-20 03:30:12,13.20,1508.1,80.4,-1.17,-0.50,16.11
2024-01-20 03:40:12,13.20,1508.1,80.4,-1.17,-0.49,16.11
2024-01-20 03:50:12,13.20,1508.1,80.4,-1.17,-0.50,16.11
2024-01-20 04:00:12,13.20,1508.1,80.4,-1.17,-0.50,16.11
2024-01-20 04:10:12,13.20,1508.1,80.4,-1.17,-0.50,16.11
2024-01-20 04:20:12,13.20,1508.1,80.4,-1.17,-0.49,16.11
2024-01-20 04:30:12,13.20,1508.1,80.4,-1.17,-0.50,16.11
2024-01-20 04:40:12,13.20,1508.1,80.4,-1.17,-0.49,16.11
2024-01-20 04:50:12,13.20,1508.1,80.4,-1.17,-0.50,16.11
2024-01-20 05:00:12,13.20,1508.1,80.4,-1.17,-0.50,16.11
2024-01-20 05:10:12,13.20,1508.1,80.4,-1.17,-0.50,16.11
2024-01-20 05:20:12,13.20,1508.1,80.4,-1.17,-0.49,16.11
2024-01-20 05:30:12,13.20,1508.1,80.4,-1.17,-0.50,16.11
2024-01-20 05:40:12,13.20,1508.1,80.4,-1.17,-0.50,16.11
2024-01-20 05:50:12,13.20,1508.1,80.4,-1.17,-0.50,16.11
2024-01-20 06:00:12,13.20,1508.1,80.4,-1.17,-0.49,16.11
2024-01-20 06:10:12,13.20,1508.1,80.4,-1.17,-0.50,16.11
2024-01-20 06:20:12,13.19,1508.1,80.5,-1.17,-0.50,16.11
2024-01-20 06:30:12,13.19,1508.1,80.4,-1.17,-0.50,16.11
2024-01-20 06:40:12,13.19,1508.1,80.4,-1.17,-0.50,16.11
2024-01-20 06:50:12,13.19,1508.1,80.4,-1.17,-0.49,16.11
2024-01-20 07:00:12,13.19,1508.1,80.4,-1.17,-0.50,16.11
2024-01-20 07:10:12,13.19,1508.1,80.4,-1.17,-0.50,16.11
2024-01-20 07:20:12,13.19,1508.1,80.4,-1.17,-0.50,16.11
2024-01-20 07:30:12,13.19,1508.1,80.4,-1.17,-0.49,16.11
2024-01-20 07:40:12,13.19,1508.1,80.4,-1.17,-0.49,16.11
2024-01-20 07:50:12,13.19,1508.1,80.4,-1.17,-0.50,16.11
2024-01-20 08:00:12,13.18,1508.1,80.4,-1.17,-0.50,16.11
2024-01-20 08:10:12,13.18,1508.1,80.4,-1.17,-0.49,16.11
2024-01-20 08:20:12,13.18,1508.1,80.4,-1.17,-0.50,16.11
2024-01-20 08:30:12,13.18,1508.1,80.4,-1.17,-0.50,16.11
2024-01-20 08:40:12,13.18,1508.1,80.4,-1.17,-0.50,16.11
2024-01-20 08:50:12,13.18,1508.1,80.4,-1.17,-0.50,16.11
2024-01-20 09:00:12,13.18,1508.1,80.4,-1.17,-0.50,16.11
2024-01-20 09:10:12,13.17,1508.1,80.4,-1.17,-0.50,16.11
2024-01-20 09:20:12,13.17,1508.1,80.4,-1.17,-0.49,16.11
2024-01-20 09:30:12,13.17,1508.1,80.4,-1.17,-0.50,16.11
2024-01-20 09:40:12,13.17,1508.1,80.4,-1.17,-0.50,16.11
2024-01-20 09:50:12,13.17,1508.1,80.4,-1.17,-0.50,16.11
2024-01-20 10:00:12,13.16,1508.1,80.4,-1.17,-0.49,16.10
2024-01-20 10:10:12,13.16,1508.1,80.4,-1.17,-0.49,16.10
2024-01-20 10:20:12,13.16,1508.1,80.4,-1.17,-0.50,16.10
2024-01-20 10:30:12,13.17,1508.1,80.4,-1.17,-0.50,16.10
2024-01-20 10:40:12,13.16,1508.1,80.4,-1.17,-0.50,16.10
2024-01-20 10:50:12,13.16,1508.1,80.4,-1.17,-0.50,16.10
2024-01-20 11:00:12,13.16,1508.1,80.4,-1.17,-0.50,16.10
2024-01-20 11:10:12,13.16,1508.1,80.4,-1.17,-0.49,16.10
2024-01-20 11:20:12,13.15,1508.1,80.4,-1.17,-0.50,16.10
2024-01-20 11:30:12,13.15,1508.1,80.4,-1.17,-0.50,16.10
2024-01-20 11:40:12,13.15,1508.1,80.4,-1.17,-0.50,16.10
2024-01-20 11:50:12,13.15,1508.1,80.4,-1.17,-0.50,16.10
2024-01-20 12:00:12,13.15,1508.1,80.4,-1.17,-0.49,16.10
2024-01-20 12:10:12,13.15,1508.1,80.4,-1.17,-0.50,16.09
2024-01-20 12:20:12,13.15,1508.1,80.4,-1.17,-0.50,16.09
2024-01-20 12:30:12,13.14,1508.1,80.4,-1.17,-0.50,16.09
2024-01-20 12:40:12,13.14,1508.1,80.4,-1.17,-0.50,16.09
2024-01-20 12:50:12,13.14,1508.1,80.4,-1.17,-0.50,16.09
2024-01-20 13:00:12,13.13,1508.1,80.5,-1.17,-0.50,16.09
2024-01-20 13:10:12,13.13,1508.1,80.5,-1.17,-0.50,16.09
2024-01-20 13:20:12,13.12,1508.1,80.5,-1.17,-0.50,16.09
2024-01-20 13:30:12,13.12,1508.1,80.5,-1.17,-0.50,16.09
2024-01-20 13:40:12,13.11,1508.1,80.5,-1.17,-0.50,16.09
2024-01-20 13:50:12,13.11,1508.1,80.4,-1.17,-0.49,16.09
2024-01-20 14:00:12,13.11,1508.1,80.4,-1.17,-0.50,16.09
2024-01-20 14:10:12,13.11,1508.1,80.4,-1.17,-0.49,16.09
2024-01-20 14:20:12,13.11,1508.1,80.4,-1.17,-0.50,16.09
2024-01-20 14:30:12,13.11,1508.1,80.4,-1.17,-0.49,16.09
2024-01-20 14:40:12,13.10,1508.1,80.4,-1.17,-0.50,16.09
2024-01-20 14:50:12,13.10,1508.1,80.4,-1.17,-0.50,16.08
2024-01-20 15:00:12,13.10,1508.1,80.4,-1.17,-0.50,16.08
2024-01-20 15:10:12,13.10,1508.1,80.4,-1.17,-0.50,16.08
2024-01-20 15:20:12,13.10,1508.1,80.4,-1.17,-0.50,16.08
2024-01-20 15:30:12,13.10,1508.1,80.4,-1.17,-0.50,16.08
2024-01-20 15:40:12,13.10,1508.1,80.4,-1.17,-0.50,16.08
2024-01-20 15:50:12,13.10,1508.1,80.4,-1.17,-0.50,16.08
2024-01-20 16:00:12,13.10,1508.1,80.4,-1.17,-0.50,16.08
2024-01-20 16:10:12,13.10,1508.1,80.4,-1.17,-0.50,16.08
2024-01-20 16:20:12,13.10,1508.1,80.4,-1.17,-0.50,16.08
2024-01-20 16:30:12,13.10,1508.1,80.4,-1.17,-0.50,16.08
2024-01-20 16:40:12,13.10,1508.1,80.4,-1.17,-0.50,16.08
2024-01-20 16:50:12,13.10,1508.1,80.4,-1.17,-0.50,16.08
2024-01-20 17:00:12,13.10,1508.1,80.4,-1.17,-0.49,16.08
2024-01-20 17:10:12,13.10,1508.1,80.4,-1.17,-0.50,16.07
2024-01-20 17:20:12,13.10,1508.1,80.4,-1.17,-0.50,16.07
2024-01-20 17:30:12,13.10,1508.1,80.4,-1.17,-0.50,16.07
2024-01-20 17:40:12,13.10,1508.1,80.4,-1.17,-0.50,16.07
2024-01-20 17:50:12,13.10,1508.1,80.4,-1.17,-0.49,16.07
2024-01-20 18:00:12,13.10,1508.1,80.4,-1.17,-0.50,16.07
2024-01-20 18:10:12,13.10,1508.1,80.4,-1.17,-0.50,16.07
2024-01-20 18:20:12,13.10,1508.1,80.4,-1.17,-0.50,16.07
2024-01-20 18:30:12,13.10,1508.1,80.4,-1.17,-0.50,16.07
2024-01-20 18:40:12,13.10,1508.1,80.4,-1.17,-0.49,16.07
2024-01-20 18:50:12,13.10,1508.1,80.4,-1.17,-0.50,16.07
2024-01-20 19:00:12,13.10,1508.1,80.4,-1.17,-0.50,16.07
2024-01-20 19:10:12,13.10,1508.1,80.4,-1.17,-0.50,16.07
2024-01-20 19:20:12,13.10,1508.1,80.4,-1.17,-0.50,16.07
2024-01-20 19:30:12,13.10,1508.1,80.4,-1.17,-0.50,16.07
2024-01-20 19:40:12,13.10,1508.1,80.4,-1.17,-0.50,16.07
2024-01-20 19:50:12,13.10,1508.1,80.4,-1.17,-0.50,16.07
2024-01-20 20:00:12,13.10,1508.1,80.5,-1.18,-0.50,16.07
2024-01-20 20:10:12,13.10,1508.1,80.4,-1.17,-0.50,16.06
2024-01-20 20:20:12,13.10,1508.1,80.5,-1.18,-0.50,16.06
2024-01-20 20:30:12,13.10,1508.1,80.5,-1.17,-0.50,16.06
2024-01-20 20:40:12,13.10,1508.1,80.5,-1.17,-0.50,16.06
2024-01-20 20:50:12,13.10,1508.1,80.5,-1.17,-0.50,16.06
2024-01-20 21:00:12,13.10,1508.1,80.5,-1.17,-0.50,16.06
2024-01-20 21:10:12,13.10,1508.1,80.5,-1.17,-0.50,16.06
2024-01-20 21:20:12,13.10,1508.1,80.5,-1.18,-0.50,16.06
2024-01-20 21:30:12,13.10,1508.1,80.5,-1.17,-0.50,16.06
2024-01-20 21:40:12,13.10,1508.1,80.5,-1.17,-0.50,16.06
2024-01-20 21:50:12,13.10,1508.1,80.5,-1.17,-0.50,16.06
2024-01-20 22:00:12,13.10,1508.1,80.5,-1.17,-0.50,16.06
2024-01-20 22:10:12,13.10,1508.1,80.5,-1.17,-0.50,16.06
2024-01-20 22:20:12,13.10,1508.1,80.5,-1.17,-0.50,16.06
2024-01-20 22:30:12,13.10,1508.1,80.5,-1.18,-0.50,16.06
2024-01-20 22:40:12,13.10,1508.1,80.5,-1.17,-0.49,16.06
2024-01-20 22:50:12,13.10,1508.1,80.5,-1.17,-0.50,16.06
2024-01-20 23:00:12,13.10,1508.1,80.5,-1.17,-0.50,16.06
2024-01-20 23:10:12,13.10,1508.1,80.5,-1.17,-0.50,16.06
2024-01-20 23:20:12,13.10,1508.1,80.5,-1.17,-0.50,16.06
2024-01-20 23:30:12,13.09,1508.1,80.5,-1.17,-0.50,16.06
2024-01-20 23:40:12,13.09,1508.1,80.5,-1.18,-0.50,16.06
2024-01-20 23:50:12,13.08,1508.1,80.5,-1.17,-0.50,16.06
2024-01-21 00:00:12,13.08,1508.1,80.5,-1.17,-0.50,16.06
2024-01-21 00:10:12,13.08,1508.1,80.5,-1.17,-0.50,16.06
2024-01-21 00:20:12,13.07,1508.1,80.5,-1.17,-0.49,16.05
2024-01-21 00:30:12,13.07,1508.1,80.5,-1.18,-0.50,16.05
2024-01-21 00:40:12,13.06,1508.1,80.5,-1.17,-0.50,16.05
2024-01-21 00:50:12,13.05,1508.1,80.5,-1.17,-0.50,16.05
2024-01-21 01:00:12,13.06,1508.1,80.5,-1.17,-0.50,16.05
2024-01-21 01:10:12,13.05,1508.1,80.5,-1.17,-0.50,16.05
2024-01-21 01:20:12,13.04,1508.1,80.5,-1.18,-0.50,16.05
2024-01-21 01:30:12,13.04,1508.1,80.5,-1.18,-0.50,16.05
2024-01-21 01:40:12,13.02,1508.1,80.5,-1.17,-0.50,16.05
2024-01-21 01:50:12,13.02,1508.1,80.5,-1.17,-0.50,16.05
2024-01-21 02:00:12,13.01,1508.1,80.5,-1.17,-0.50,16.05
2024-01-21 02:10:12,13.00,1508.1,80.5,-1.18,-0.50,16.05
2024-01-21 02:20:12,13.00,1508.1,80.5,-1.17,-0.50,16.05
2024-01-21 02:30:12,13.00,1508.1,80.5,-1.18,-0.50,16.05
2024-01-21 02:40:12,13.00,1508.1,80.5,-1.18,-0.50,16.05
2024-01-21 02:50:12,13.00,1508.1,80.5,-1.18,-0.50,16.05
2024-01-21 03:00:12,13.00,1508.1,80.5,-1.18,-0.50,16.05
2024-01-21 03:10:12,13.00,1508.1,80.5,-1.18,-0.50,16.05
2024-01-21 03:20:12,13.00,1508.1,80.5,-1.17,-0.50,16.05
2024-01-21 03:30:12,13.00,1508.1,80.5,-1.18,-0.50,16.05
2024-01-21 03:40:12,13.00,1508.1,80.5,-1.17,-0.50,16.05
2024-01-21 03:50:12,13.00,1508.1,80.5,-1.17,-0.50,16.05
2024-01-21 04:00:12,13.00,1508.1,80.5,-1.17,-0.50,16.05
2024-01-21 04:10:12,13.00,1508.1,80.5,-1.18,-0.50,16.05
2024-01-21 04:20:12,13.00,1508.1,80.5,-1.17,-0.49,16.05
2024-01-21 04:30:12,13.00,1508.1,80.5,-1.18,-0.50,16.05
2024-01-21 04:40:12,13.00,1508.1,80.5,-1.18,-0.50,16.05
2024-01-21 04:50:12,13.00,1508.1,80.5,-1.18,-0.50,16.05
2024-01-21 05:00:12,13.00,1508.1,80.5,-1.17,-0.50,16.05
2024-01-21 05:10:12,13.00,1508.1,80.5,-1.18,-0.50,16.05
2024-01-21 05:20:12,13.00,1508.1,80.5,-1.18,-0.50,16.05
2024-01-21 05:30:12,13.00,1508.1,80.5,-1.18,-0.50,16.05
2024-01-21 05:40:12,13.00,1508.1,80.5,-1.17,-0.50,16.05
2024-01-21 05:50:12,13.00,1508.1,80.5,-1.18,-0.50,16.05
2024-01-21 06:00:12,13.00,1508.1,80.5,-1.18,-0.50,16.05
2024-01-21 06:10:12,13.00,1508.1,80.5,-1.18,-0.50,16.05
2024-01-21 06:20:12,13.00,1508.1,80.5,-1.17,-0.50,16.05
2024-01-21 06:30:12,13.00,1508.1,80.5,-1.18,-0.50,16.05
2024-01-21 06:40:12,12.99,1508.1,80.5,-1.18,-0.50,16.05
2024-01-21 06:50:12,12.98,1508.1,80.5,-1.18,-0.50,16.05
2024-01-21 07:00:12,12.97,1508.1,80.5,-1.18,-0.50,16.05
2024-01-21 07:10:12,12.96,1508.1,80.5,-1.18,-0.50,16.05
2024-01-21 07:20:12,12.96,1508.1,80.5,-1.17,-0.50,16.05
2024-01-21 07:30:12,12.95,1508.1,80.5,-1.18,-0.50,16.05
2024-01-21 07:40:12,12.94,1508.1,80.5,-1.18,-0.50,16.05
2024-01-21 07:50:12,12.92,1508.1,80.5,-1.18,-0.49,16.05
2024-01-21 08:00:12,12.91,1508.1,80.4,-1.18,-0.50,16.05
2024-01-21 08:10:12,12.90,1508.1,80.5,-1.18,-0.50,16.05
2024-01-21 08:20:12,12.90,1508.1,80.5,-1.18,-0.50,16.05
2024-01-21 08:30:12,12.90,1508.1,80.5,-1.18,-0.50,16.05
2024-01-21 08:40:12,12.90,1508.1,80.5,-1.18,-0.50,16.05
2024-01-21 08:50:12,12.90,1508.1,80.5,-1.18,-0.49,16.05
2024-01-21 09:00:12,12.90,1508.1,80.5,-1.18,-0.49,16.05
2024-01-21 09:10:12,12.90,1508.1,80.5,-1.18,-0.50,16.05
2024-01-21 09:20:12,12.90,1508.1,80.5,-1.18,-0.50,16.05
2024-01-21 09:30:12,12.90,1508.1,80.5,-1.18,-0.50,16.05
2024-01-21 09:40:12,12.90,1508.1,80.5,-1.18,-0.50,16.05
2024-01-21 09:50:12,12.90,1508.1,80.5,-1.18,-0.50,16.05
2024-01-21 10:00:12,12.90,1508.1,80.5,-1.18,-0.50,16.05
2024-01-21 10:10:12,12.90,1508.1,80.5,-1.18,-0.50,16.05
2024-01-21 10:20:12,12.90,1508.1,80.4,-1.19,-0.50,16.05
2024-01-21 10:30:12,12.90,1508.1,80.4,-1.18,-0.49,16.05
2024-01-21 10:40:12,12.88,1508.1,80.5,-1.18,-0.50,16.05
2024-01-21 10:50:12,12.87,1508.1,80.5,-1.18,-0.50,16.05
2024-01-21 11:00:12,12.85,1508.1,80.4,-1.18,-0.50,16.04
2024-01-21 11:10:12,12.84,1508.1,80.5,-1.18,-0.50,16.04
2024-01-21 11:20:12,12.81,1508.1,80.5,-1.19,-0.50,16.04
2024-01-21 11:30:12,12.80,1508.1,80.5,-1.19,-0.50,16.04
2024-01-21 11:40:12,12.80,1508.1,80.5,-1.19,-0.50,16.04
2024-01-21 11:50:12,12.80,1508.1,80.5,-1.18,-0.49,16.04
2024-01-21 12:00:12,12.80,1508.1,80.5,-1.19,-0.50,16.04
2024-01-21 12:10:12,12.80,1508.1,80.5,-1.18,-0.50,16.04
2024-01-21 12:20:12,12.80,1508.1,80.5,-1.19,-0.50,16.04
2024-01-21 12:30:12,12.80,1508.1,80.5,-1.19,-0.50,16.04
2024-01-21 12:40:12,12.80,1508.1,80.5,-1.18,-0.50,16.04
2024-01-21 12:50:12,12.79,1508.1,80.5,-1.19,-0.50,16.04
2024-01-21 13:00:12,12.77,1508.1,80.5,-1.18,-0.49,16.04
2024-01-21 13:10:12,12.74,1508.1,80.5,-1.19,-0.50,16.04
2024-01-21 13:20:12,12.70,1508.1,80.5,-1.18,-0.50,16.04
2024-01-21 13:30:12,12.70,1508.1,80.5,-1.19,-0.50,16.04
2024-01-21 13:40:12,12.70,1508.1,80.5,-1.19,-0.50,16.04
2024-01-21 13:50:12,12.70,1508.1,80.5,-1.19,-0.50,16.04
2024-01-21 14:00:12,12.70,1508.1,80.5,-1.19,-0.50,16.04
2024-01-21 14:10:12,12.70,1508.1,80.5,-1.20,-0.50,16.04
2024-01-21 14:20:12,12.67,1508.1,80.5,-1.19,-0.50,16.04
2024-01-21 14:30:12,12.63,1508.1,80.5,-1.19,-0.50,16.04
2024-01-21 14:40:12,12.60,1508.1,80.5,-1.19,-0.50,16.04
2024-01-21 14:50:12,12.60,1508.1,80.5,-1.19,-0.50,16.04
2024-01-21 15:00:12,12.60,1508.1,80.5,-1.19,-0.50,16.03
2024-01-21 15:10:12,12.60,1508.1,80.5,-1.19,-0.50,16.03
2024-01-21 15:20:12,12.59,1508.1,80.5,-1.19,-0.50,16.03
2024-01-21 15:30:12,12.57,1508.1,80.5,-1.20,-0.50,16.03
2024-01-21 15:40:12,12.54,1508.1,80.5,-1.20,-0.50,16.03
2024-01-21 15:50:12,12.51,1508.1,80.5,-1.19,-0.50,16.03
2024-01-21 16:00:12,12.50,1508.1,80.5,-1.20,-0.50,16.03
2024-01-21 16:10:12,12.50,1508.1,80.5,-1.20,-0.50,16.03
2024-01-21 16:20:12,12.50,1508.1,80.5,-1.20,-0.50,16.03
2024-01-21 16:30:12,12.50,1508.1,80.5,-1.20,-0.50,16.03
2024-01-21 16:40:12,12.50,1508.1,80.5,-1.19,-0.50,16.03
2024-01-21 16:50:12,12.50,1508.1,80.5,-1.20,-0.50,16.03
2024-01-21 17:00:12,12.50,1508.1,80.5,-1.20,-0.50,16.03
2024-01-21 17:10:12,12.50,1508.1,80.4,-1.20,-0.50,16.03
2024-01-21 17:20:12,12.49,1508.1,80.4,-1.20,-0.49,16.03
2024-01-21 17:30:12,12.47,1508.1,80.4,-1.20,-0.50,16.03
2024-01-21 17:40:12,12.45,1508.1,80.4,-1.20,-0.50,16.03
2024-01-21 17:50:12,12.43,1508.1,80.4,-1.20,-0.50,16.03
2024-01-21 18:00:12,12.40,1508.1,80.4,-1.20,-0.50,16.02
2024-01-21 18:10:12,12.40,1508.1,80.4,-1.21,-0.50,16.02
2024-01-21 18:20:12,12.40,1508.1,80.4,-1.20,-0.50,16.02
2024-01-21 18:30:12,12.40,1508.1,80.4,-1.20,-0.49,16.02
2024-01-21 18:40:12,12.40,1508.1,80.5,-1.21,-0.50,16.02
2024-01-21 18:50:12,12.40,1508.1,80.5,-1.20,-0.50,16.02
2024-01-21 19:00:12,12.40,1508.1,80.5,-1.20,-0.50,16.02
2024-01-21 19:10:12,12.39,1508.1,80.5,-1.21,-0.50,16.02
2024-01-21 19:20:12,12.38,1508.1,80.5,-1.21,-0.50,16.02
2024-01-21 19:30:12,12.35,1508.1,80.5,-1.21,-0.50,16.02
2024-01-21 19:40:12,12.31,1508.1,80.5,-1.21,-0.50,16.02
2024-01-21 19:50:12,12.30,1508.1,80.6,-1.21,-0.50,16.02
2024-01-21 20:00:12,12.30,1508.1,80.6,-1.20,-0.50,16.02
2024-01-21 20:10:12,12.30,1508.1,80.6,-1.21,-0.50,16.02
2024-01-21 20:20:12,12.30,1508.1,80.6,-1.21,-0.50,16.02
2024-01-21 20:30:12,12.30,1508.1,80.6,-1.21,-0.50,16.02
2024-01-21 20:40:12,12.28,1508.1,80.6,-1.21,-0.50,16.02
2024-01-21 20:50:12,12.25,1508.1,80.6,-1.21,-0.50,16.02
2024-01-21 21:00:12,12.21,1508.1,80.6,-1.21,-0.50,16.01
2024-01-21 21:10:12,12.20,1508.1,80.6,-1.22,-0.50,16.01
2024-01-21 21:20:12,12.20,1508.1,80.6,-1.21,-0.50,16.01
2024-01-21 21:30:12,12.20,1508.1,80.6,-1.22,-0.50,16.01
2024-01-21 21:40:12,12.20,1508.1,80.6,-1.22,-0.50,16.01
2024-01-21 21:50:12,12.20,1508.1,80.6,-1.22,-0.50,16.01
2024-01-21 22:00:12,12.17,1508.1,80.6,-1.22,-0.50,16.01
2024-01-21 22:10:12,12.13,1508.1,80.6,-1.22,-0.50,16.01
2024-01-21 22:20:12,12.10,1508.1,80.6,-1.22,-0.50,16.01
2024-01-21 22:30:12,12.10,1508.1,80.6,-1.22,-0.50,16.01
2024-01-21 22:40:12,12.10,1508.1,80.6,-1.22,-0.50,16.01
2024-01-21 22:50:12,12.10,1508.1,80.6,-1.22,-0.50,16.01
2024-01-21 23:00:12,12.10,1508.1,80.6,-1.22,-0.50,16.01
2024-01-21 23:10:12,12.08,1508.1,80.6,-1.22,-0.50,16.01
2024-01-21 23:20:12,12.04,1508.1,80.6,-1.22,-0.50,16.01
2024-01-21 23:30:12,12.00,1508.1,80.6,-1.22,-0.50,16.01
2024-01-21 23:40:12,12.00,1508.1,80.6,-1.22,-0.50,16.00
2024-01-21 23:50:12,12.00,1508.1,80.6,-1.23,-0.50,16.00
2024-01-22 00:00:12,12.00,1508.1,80.6,-1.23,-0.50,16.00
2024-01-22 00:10:12,12.00,1508.1,80.6,-1.22,-0.50,16.00
2024-01-22 00:20:12,11.97,1508.1,80.6,-1.23,-0.50,16.00
2024-01-22 00:30:12,11.93,1508.1,80.6,-1.23,-0.50,16.00
2024-01-22 00:40:12,11.90,1508.1,80.6,-1.23,-0.50,16.00
2024-01-22 00:50:12,11.90,1508.1,80.6,-1.23,-0.50,16.00
2024-01-22 01:00:12,11.90,1508.1,80.6,-1.23,-0.50,16.00
2024-01-22 01:10:12,11.90,1508.1,80.6,-1.23,-0.50,16.00
2024-01-22 01:20:12,11.90,1508.1,80.6,-1.23,-0.50,16.00
2024-01-22 01:30:12,11.88,1508.1,80.6,-1.23,-0.50,16.00
2024-01-22 01:40:12,11.85,1508.1,80.6,-1.23,-0.50,16.00
2024-01-22 01:50:12,11.81,1508.1,80.6,-1.23,-0.50,16.00
2024-01-22 02:00:12,11.80,1508.1,80.6,-1.23,-0.50,16.00
2024-01-22 02:10:12,11.80,1508.1,80.6,-1.23,-0.50,16.00
2024-01-22 02:20:12,11.80,1508.1,80.6,-1.23,-0.50,16.00
2024-01-22 02:30:12,11.80,1508.1,80.6,-1.24,-0.50,16.00
2024-01-22 02:40:12,11.80,1508.1,80.6,-1.24,-0.50,16.00
2024-01-22 02:50:12,11.80,1508.1,80.6,-1.23,-0.50,16.00
2024-01-22 03:00:12,11.80,1508.1,80.6,-1.24,-0.50,16.00
2024-01-22 03:10:12,11.79,1508.1,80.6,-1.24,-0.50,16.00
2024-01-22 03:20:12,11.79,1508.1,80.6,-1.24,-0.50,16.00
2024-01-22 03:30:12,11.77,1508.1,80.6,-1.23,-0.49,16.00
2024-01-22 03:40:12,11.77,1508.1,80.6,-1.24,-0.50,16.00
2024-01-22 03:50:12,11.76,1508.1,80.6,-1.24,-0.50,16.00
2024-01-22 04:00:12,11.75,1508.1,80.6,-1.24,-0.50,16.00
2024-01-22 04:10:12,11.73,1508.1,80.6,-1.23,-0.50,16.00
2024-01-22 04:20:12,11.72,1508.1,80.6,-1.23,-0.50,16.00
2024-01-22 04:30:12,11.71,1508.1,80.6,-1.24,-0.49,16.00
2024-01-22 04:40:12,11.70,1508.1,80.6,-1.24,-0.50,16.00
2024-01-22 04:50:12,11.70,1508.1,80.6,-1.24,-0.50,16.00
2024-01-22 05:00:12,11.70,1508.1,80.6,-1.24,-0.50,16.00
2024-01-22 05:10:12,11.70,1508.1,80.6,-1.24,-0.50,16.00
2024-01-22 05:20:12,11.70,1508.1,80.6,-1.24,-0.50,16.00
2024-01-22 05:30:12,11.70,1508.1,80.6,-1.24,-0.50,16.00
2024-01-22 05:40:12,11.70,1508.1,80.6,-1.24,-0.50,16.00
2024-01-22 05:50:12,11.70,1508.1,80.6,-1.24,-0.49,16.00
2024-01-22 06:00:12,11.70,1508.1,80.6,-1.24,-0.50,16.00
2024-01-22 06:10:12,11.70,1508.1,80.6,-1.24,-0.50,16.00
2024-01-22 06:20:12,11.70,1508.1,80.6,-1.24,-0.49,16.00
2024-01-22 06:30:12,11.70,1508.1,80.6,-1.24,-0.50,16.01
2024-01-22 06:40:12,11.70,1508.1,80.6,-1.24,-0.50,16.01
2024-01-22 06:50:12,11.70,1508.1,80.6,-1.24,-0.50,16.01
2024-01-22 07:00:12,11.70,1508.1,80.6,-1.24,-0.49,16.01
2024-01-22 07:10:12,11.70,1508.1,80.6,-1.24,-0.50,16.01
2024-01-22 07:20:12,11.70,1508.1,80.6,-1.24,-0.50,16.01
2024-01-22 07:30:12,11.70,1508.1,80.6,-1.23,-0.50,16.01
2024-01-22 07:40:12,11.70,1508.1,80.6,-1.24,-0.50,16.01
2024-01-22 07:50:12,11.70,1508.1,80.6,-1.24,-0.50,16.01
2024-01-22 08:00:12,11.70,1508.1,80.6,-1.24,-0.50,16.01
2024-01-22 08:10:12,11.69,1508.1,80.6,-1.24,-0.50,16.01
2024-01-22 08:20:12,11.69,1508.1,80.6,-1.24,-0.50,16.01
2024-01-22 08:30:12,11.69,1508.1,80.6,-1.24,-0.50,16.01
2024-01-22 08:40:12,11.69,1508.1,80.6,-1.23,-0.50,16.01
2024-01-22 08:50:12,11.69,1508.1,80.6,-1.24,-0.50,16.01
2024-01-22 09:00:12,11.68,1508.1,80.6,-1.24,-0.50,16.01
2024-01-22 09:10:12,11.68,1508.1,80.6,-1.24,-0.50,16.01
2024-01-22 09:20:12,11.68,1508.1,80.6,-1.24,-0.50,16.01
2024-01-22 09:30:12,11.68,1508.1,80.6,-1.24,-0.50,16.01
2024-01-22 09:40:12,11.67,1508.1,80.6,-1.24,-0.50,16.01
2024-01-22 09:50:12,11.67,1508.1,80.6,-1.24,-0.50,16.01
2024-01-22 10:00:12,11.67,1508.1,80.6,-1.24,-0.50,16.01
2024-01-22 10:10:12,11.67,1508.1,80.6,-1.24,-0.50,16.01
2024-01-22 10:20:12,11.67,1508.1,80.6,-1.24,-0.50,16.01
2024-01-22 10:30:12,11.66,1508.1,80.6,-1.23,-0.50,16.01
2024-01-22 10:40:12,11.66,1508.1,80.6,-1.24,-0.50,16.01
2024-01-22 10:50:12,11.66,1508.1,80.6,-1.24,-0.50,16.01
2024-01-22 11:00:12,11.65,1508.1,80.6,-1.24,-0.50,16.01
2024-01-22 11:10:12,11.66,1508.1,80.6,-1.24,-0.50,16.01
2024-01-22 11:20:12,11.66,1508.1,80.6,-1.24,-0.50,16.01
2024-01-22 11:30:12,11.65,1508.1,80.6,-1.24,-0.50,16.01
2024-01-22 11:40:12,11.65,1508.1,80.6,-1.24,-0.50,16.01
2024-01-22 11:50:12,11.65,1508.1,80.6,-1.24,-0.50,16.01
2024-01-22 12:00:12,11.65,1508.1,80.6,-1.24,-0.50,16.01
2024-01-22 12:10:12,11.64,1508.1,80.6,-1.24,-0.50,16.01
2024-01-22 12:20:12,11.64,1508.1,80.6,-1.24,-0.50,16.01
2024-01-22 12:30:12,11.63,1508.1,80.6,-1.24,-0.50,16.01
2024-01-22 12:40:12,11.63,1508.1,80.6,-1.24,-0.50,16.01
2024-01-22 12:50:12,11.62,1508.1,80.6,-1.24,-0.50,16.01
2024-01-22 13:00:12,11.63,1508.1,80.6,-1.24,-0.50,16.01
2024-01-22 13:10:12,11.62,1508.1,80.6,-1.24,-0.50,16.01
2024-01-22 13:20:12,11.62,1508.1,80.6,-1.24,-0.50,16.01
2024-01-22 13:30:12,11.61,1508.1,80.6,-1.24,-0.50,16.01
2024-01-22 13:40:12,11.61,1508.1,80.6,-1.24,-0.50,16.01
2024-01-22 13:50:12,11.61,1508.1,80.6,-1.24,-0.50,16.01
2024-01-22 14:00:12,11.61,1508.1,80.6,-1.24,-0.50,16.00
2024-01-22 14:10:12,11.61,1508.1,80.6,-1.24,-0.50,16.00
2024-01-22 14:20:12,11.60,1508.1,80.6,-1.24,-0.50,16.00
2024-01-22 14:30:12,11.60,1508.1,80.6,-1.24,-0.50,16.00
2024-01-22 14:40:12,11.60,1508.1,80.6,-1.24,-0.50,16.00
2024-01-22 14:50:12,11.60,1508.1,80.6,-1.24,-0.50,16.00
2024-01-22 15:00:12,11.60,1508.1,80.6,-1.24,-0.50,16.00
2024-01-22 15:10:12,11.60,1508.1,80.6,-1.24,-0.50,16.00
2024-01-22 15:20:12,11.60,1508.1,80.6,-1.24,-0.50,16.00
2024-01-22 15:30:12,11.60,1508.1,80.6,-1.24,-0.50,16.00
2024-01-22 15:40:12,11.60,1508.1,80.6,-1.24,-0.50,16.00
2024-01-22 15:50:12,11.60,1508.1,80.6,-1.24,-0.50,16.00
2024-01-22 16:00:12,11.60,1508.1,80.6,-1.24,-0.50,16.00
2024-01-22 16:10:12,11.60,1508.1,80.6,-1.24,-0.50,16.00
2024-01-22 16:20:12,11.60,1508.1,80.6,-1.24,-0.50,16.00
2024-01-22 16:30:12,11.60,1508.1,80.6,-1.24,-0.50,16.00
2024-01-22 16:40:12,11.60,1508.1,80.6,-1.24,-0.50,16.00
2024-01-22 16:50:12,11.60,1508.1,80.6,-1.25,-0.50,16.00
2024-01-22 17:00:12,11.60,1508.1,80.6,-1.24,-0.50,16.00
2024-01-22 17:10:12,11.60,1508.1,80.6,-1.24,-0.50,16.00
2024-01-22 17:20:12,11.60,1508.1,80.6,-1.24,-0.50,16.00
2024-01-22 17:30:12,11.60,1508.1,80.6,-1.24,-0.50,16.00
2024-01-22 17:40:12,11.60,1508.1,80.6,-1.24,-0.49,16.00
2024-01-22 17:50:12,11.60,1508.1,80.6,-1.24,-0.50,16.00
2024-01-22 18:00:12,11.60,1508.1,80.6,-1.24,-0.50,16.00
2024-01-22 18:10:12,11.60,1508.1,80.6,-1.24,-0.50,16.00
2024-01-22 18:20:12,11.60,1508.1,80.6,-1.24,-0.50,16.00
2024-01-22 18:30:12,11.60,1508.1,80.6,-1.24,-0.50,16.00
2024-01-22 18:40:12,11.60,1508.1,80.6,-1.24,-0.50,16.00
2024-01-22 18:50:12,11.60,1508.1,80.6,-1.24,-0.50,16.00
2024-01-22 19:00:12,11.60,1508.1,80.6,-1.24,-0.50,16.00
2024-01-22 19:10:12,11.60,1508.1,80.6,-1.24,-0.50,15.99
2024-01-22 19:20:12,11.60,1508.1,80.6,-1.24,-0.50,15.99
2024-01-22 19:30:12,11.60,1508.1,80.6,-1.24,-0.50,15.99
2024-01-22 19:40:12,11.60,1508.1,80.6,-1.24,-0.49,15.99
2024-01-22 19:50:12,11.60,1508.1,80.6,-1.24,-0.50,15.99
2024-01-22 20:00:12,11.60,1508.1,80.7,-1.24,-0.50,15.99
2024-01-22 20:10:12,11.60,1508.1,80.7,-1.24,-0.50,15.99
2024-01-22 20:20:12,11.60,1508.1,80.7,-1.24,-0.50,15.99
2024-01-22 20:30:12,11.60,1508.1,80.7,-1.24,-0.50,15.99
2024-01-22 20:40:12,11.60,1508.1,80.7,-1.24,-0.50,15.99
2024-01-22 20:50:12,11.60,1508.1,80.7,-1.24,-0.50,15.99
2024-01-22 21:00:12,11.60,1508.1,80.7,-1.24,-0.50,15.99
2024-01-22 21:10:12,11.60,1508.1,80.7,-1.24,-0.50,15.99
